CREATE DATABASE  IF NOT EXISTS `tiendatecnologica` /*!40100 DEFAULT CHARACTER SET utf8mb4 COLLATE utf8mb4_0900_ai_ci */ /*!80016 DEFAULT ENCRYPTION='N' */;
USE `tiendatecnologica`;
-- MySQL dump 10.13  Distrib 8.0.29, for Win64 (x86_64)
--
-- Host: localhost    Database: tiendatecnologica
-- ------------------------------------------------------
-- Server version	8.0.29

/*!40101 SET @OLD_CHARACTER_SET_CLIENT=@@CHARACTER_SET_CLIENT */;
/*!40101 SET @OLD_CHARACTER_SET_RESULTS=@@CHARACTER_SET_RESULTS */;
/*!40101 SET @OLD_COLLATION_CONNECTION=@@COLLATION_CONNECTION */;
/*!50503 SET NAMES utf8 */;
/*!40103 SET @OLD_TIME_ZONE=@@TIME_ZONE */;
/*!40103 SET TIME_ZONE='+00:00' */;
/*!40014 SET @OLD_UNIQUE_CHECKS=@@UNIQUE_CHECKS, UNIQUE_CHECKS=0 */;
/*!40014 SET @OLD_FOREIGN_KEY_CHECKS=@@FOREIGN_KEY_CHECKS, FOREIGN_KEY_CHECKS=0 */;
/*!40101 SET @OLD_SQL_MODE=@@SQL_MODE, SQL_MODE='NO_AUTO_VALUE_ON_ZERO' */;
/*!40111 SET @OLD_SQL_NOTES=@@SQL_NOTES, SQL_NOTES=0 */;

--
-- Table structure for table `admin_permissions`
--

DROP TABLE IF EXISTS `admin_permissions`;
/*!40101 SET @saved_cs_client     = @@character_set_client */;
/*!50503 SET character_set_client = utf8mb4 */;
CREATE TABLE `admin_permissions` (
  `id` int unsigned NOT NULL AUTO_INCREMENT,
  `action` varchar(255) DEFAULT NULL,
  `subject` varchar(255) DEFAULT NULL,
  `properties` json DEFAULT NULL,
  `conditions` json DEFAULT NULL,
  `created_at` datetime(6) DEFAULT NULL,
  `updated_at` datetime(6) DEFAULT NULL,
  `created_by_id` int unsigned DEFAULT NULL,
  `updated_by_id` int unsigned DEFAULT NULL,
  `action_parameters` json DEFAULT NULL,
  PRIMARY KEY (`id`),
  KEY `admin_permissions_created_by_id_fk` (`created_by_id`),
  KEY `admin_permissions_updated_by_id_fk` (`updated_by_id`),
  CONSTRAINT `admin_permissions_created_by_id_fk` FOREIGN KEY (`created_by_id`) REFERENCES `admin_users` (`id`) ON DELETE SET NULL,
  CONSTRAINT `admin_permissions_updated_by_id_fk` FOREIGN KEY (`updated_by_id`) REFERENCES `admin_users` (`id`) ON DELETE SET NULL
) ENGINE=InnoDB AUTO_INCREMENT=717 DEFAULT CHARSET=utf8mb4 COLLATE=utf8mb4_0900_ai_ci;
/*!40101 SET character_set_client = @saved_cs_client */;

--
-- Dumping data for table `admin_permissions`
--

LOCK TABLES `admin_permissions` WRITE;
/*!40000 ALTER TABLE `admin_permissions` DISABLE KEYS */;
INSERT INTO `admin_permissions` VALUES (101,'plugin::upload.read',NULL,'{}','[]','2023-07-16 16:21:48.927000','2023-07-16 16:21:48.927000',NULL,NULL,NULL),(102,'plugin::upload.configure-view',NULL,'{}','[]','2023-07-16 16:21:48.955000','2023-07-16 16:21:48.955000',NULL,NULL,NULL),(103,'plugin::upload.assets.create',NULL,'{}','[]','2023-07-16 16:21:48.977000','2023-07-16 16:21:48.977000',NULL,NULL,NULL),(104,'plugin::upload.assets.update',NULL,'{}','[]','2023-07-16 16:21:49.000000','2023-07-16 16:21:49.000000',NULL,NULL,NULL),(105,'plugin::upload.assets.download',NULL,'{}','[]','2023-07-16 16:21:49.024000','2023-07-16 16:21:49.024000',NULL,NULL,NULL),(106,'plugin::upload.assets.copy-link',NULL,'{}','[]','2023-07-16 16:21:49.048000','2023-07-16 16:21:49.048000',NULL,NULL,NULL),(194,'plugin::content-manager.explorer.create','plugin::users-permissions.user','{\"fields\": [\"username\", \"email\", \"provider\", \"password\", \"resetPasswordToken\", \"confirmationToken\", \"confirmed\", \"blocked\", \"role\", \"nombre\", \"apellido\", \"FechaNacimiento\", \"telefono\", \"RTN\", \"jurado\"]}','[]','2023-07-30 11:21:33.734000','2023-07-30 11:21:33.734000',NULL,NULL,NULL),(195,'plugin::content-manager.explorer.read','plugin::users-permissions.user','{\"fields\": [\"username\", \"email\", \"provider\", \"password\", \"resetPasswordToken\", \"confirmationToken\", \"confirmed\", \"blocked\", \"role\", \"nombre\", \"apellido\", \"FechaNacimiento\", \"telefono\", \"RTN\", \"jurado\"]}','[]','2023-07-30 11:21:33.750000','2023-07-30 11:21:33.750000',NULL,NULL,NULL),(196,'plugin::content-manager.explorer.update','plugin::users-permissions.user','{\"fields\": [\"username\", \"email\", \"provider\", \"password\", \"resetPasswordToken\", \"confirmationToken\", \"confirmed\", \"blocked\", \"role\", \"nombre\", \"apellido\", \"FechaNacimiento\", \"telefono\", \"RTN\", \"jurado\"]}','[]','2023-07-30 11:21:33.767000','2023-07-30 11:21:33.767000',NULL,NULL,NULL),(197,'plugin::users-permissions.roles.create',NULL,'{}','[]','2023-07-30 11:22:18.427000','2023-07-30 11:22:18.427000',NULL,NULL,NULL),(198,'plugin::users-permissions.roles.read',NULL,'{}','[]','2023-07-30 11:22:18.444000','2023-07-30 11:22:18.444000',NULL,NULL,NULL),(199,'plugin::users-permissions.roles.update',NULL,'{}','[]','2023-07-30 11:22:18.460000','2023-07-30 11:22:18.460000',NULL,NULL,NULL),(200,'plugin::users-permissions.roles.delete',NULL,'{}','[]','2023-07-30 11:22:18.476000','2023-07-30 11:22:18.476000',NULL,NULL,NULL),(201,'admin::api-tokens.access',NULL,'{}','[]','2023-07-30 11:23:01.618000','2023-07-30 11:23:01.618000',NULL,NULL,NULL),(202,'admin::api-tokens.create',NULL,'{}','[]','2023-07-30 11:23:01.635000','2023-07-30 11:23:01.635000',NULL,NULL,NULL),(203,'admin::api-tokens.read',NULL,'{}','[]','2023-07-30 11:23:01.651000','2023-07-30 11:23:01.651000',NULL,NULL,NULL),(204,'admin::api-tokens.update',NULL,'{}','[]','2023-07-30 11:23:01.667000','2023-07-30 11:23:01.667000',NULL,NULL,NULL),(205,'admin::api-tokens.regenerate',NULL,'{}','[]','2023-07-30 11:23:01.684000','2023-07-30 11:23:01.684000',NULL,NULL,NULL),(206,'admin::api-tokens.delete',NULL,'{}','[]','2023-07-30 11:23:01.700000','2023-07-30 11:23:01.700000',NULL,NULL,NULL),(264,'plugin::content-manager.explorer.create','api::categoria.categoria','{\"fields\": [\"nombre\", \"descripcion\", \"img\", \"producto\"]}','[]','2023-07-30 12:26:38.884000','2023-07-30 12:26:38.884000',NULL,NULL,NULL),(265,'plugin::content-manager.explorer.read','api::categoria.categoria','{\"fields\": [\"nombre\", \"descripcion\", \"img\", \"producto\"]}','[]','2023-07-30 12:26:38.909000','2023-07-30 12:26:38.909000',NULL,NULL,NULL),(266,'plugin::content-manager.explorer.update','api::categoria.categoria','{\"fields\": [\"nombre\", \"descripcion\", \"img\", \"producto\"]}','[]','2023-07-30 12:26:38.933000','2023-07-30 12:26:38.933000',NULL,NULL,NULL),(268,'plugin::content-manager.explorer.create','api::compra.compra','{\"fields\": [\"proveedor\", \"noFactura\", \"metodoPago\", \"detalleCompras.cantidad\", \"detalleCompras.precio\", \"detalleCompras.descuento\", \"detalleCompras.isv\", \"detalleCompras.producto\"]}','[]','2023-07-30 12:26:38.979000','2023-07-30 12:26:38.979000',NULL,NULL,NULL),(269,'plugin::content-manager.explorer.read','api::compra.compra','{\"fields\": [\"proveedor\", \"noFactura\", \"metodoPago\", \"detalleCompras.cantidad\", \"detalleCompras.precio\", \"detalleCompras.descuento\", \"detalleCompras.isv\", \"detalleCompras.producto\"]}','[]','2023-07-30 12:26:39.002000','2023-07-30 12:26:39.002000',NULL,NULL,NULL),(270,'plugin::content-manager.explorer.update','api::compra.compra','{\"fields\": [\"proveedor\", \"noFactura\", \"metodoPago\", \"detalleCompras.cantidad\", \"detalleCompras.precio\", \"detalleCompras.descuento\", \"detalleCompras.isv\", \"detalleCompras.producto\"]}','[]','2023-07-30 12:26:39.023000','2023-07-30 12:26:39.023000',NULL,NULL,NULL),(272,'plugin::content-manager.explorer.create','api::cupon.cupon','{\"fields\": [\"producto\", \"descripcion\", \"descuento\", \"codigo\", \"fechaLimite\"]}','[]','2023-07-30 12:26:39.066000','2023-08-06 17:52:32.258000',NULL,NULL,NULL),(273,'plugin::content-manager.explorer.read','api::cupon.cupon','{\"fields\": [\"producto\", \"descripcion\", \"descuento\", \"codigo\", \"fechaLimite\"]}','[]','2023-07-30 12:26:39.088000','2023-08-06 17:52:32.258000',NULL,NULL,NULL),(274,'plugin::content-manager.explorer.update','api::cupon.cupon','{\"fields\": [\"producto\", \"descripcion\", \"descuento\", \"codigo\", \"fechaLimite\"]}','[]','2023-07-30 12:26:39.112000','2023-08-06 17:52:32.258000',NULL,NULL,NULL),(275,'plugin::content-manager.explorer.publish','api::cupon.cupon','{}','[]','2023-07-30 12:26:39.134000','2023-07-30 12:26:39.134000',NULL,NULL,NULL),(276,'plugin::content-manager.explorer.create','api::devolucion.devolucion','{\"fields\": [\"vendedor\", \"estado\", \"noFactura\", \"detalleDevoluciones.cantidad\", \"detalleDevoluciones.motivo\", \"detalleDevoluciones.producto\"]}','[]','2023-07-30 12:26:39.156000','2023-11-26 16:58:50.460000',NULL,NULL,NULL),(277,'plugin::content-manager.explorer.read','api::devolucion.devolucion','{\"fields\": [\"vendedor\", \"estado\", \"noFactura\", \"detalleDevoluciones.cantidad\", \"detalleDevoluciones.motivo\", \"detalleDevoluciones.producto\"]}','[]','2023-07-30 12:26:39.178000','2023-11-26 16:58:50.460000',NULL,NULL,NULL),(278,'plugin::content-manager.explorer.update','api::devolucion.devolucion','{\"fields\": [\"vendedor\", \"estado\", \"noFactura\", \"detalleDevoluciones.cantidad\", \"detalleDevoluciones.motivo\", \"detalleDevoluciones.producto\"]}','[]','2023-07-30 12:26:39.200000','2023-11-26 16:58:50.460000',NULL,NULL,NULL),(284,'plugin::content-manager.explorer.create','api::garantia.garantia','{\"fields\": [\"categoria\", \"fechaCompra\", \"fechaVencimiento\", \"Estado\"]}','[]','2023-07-30 12:26:39.366000','2023-07-30 12:26:39.366000',NULL,NULL,NULL),(285,'plugin::content-manager.explorer.read','api::garantia.garantia','{\"fields\": [\"categoria\", \"fechaCompra\", \"fechaVencimiento\", \"Estado\"]}','[]','2023-07-30 12:26:39.388000','2023-07-30 12:26:39.388000',NULL,NULL,NULL),(286,'plugin::content-manager.explorer.update','api::garantia.garantia','{\"fields\": [\"categoria\", \"fechaCompra\", \"fechaVencimiento\", \"Estado\"]}','[]','2023-07-30 12:26:39.409000','2023-07-30 12:26:39.409000',NULL,NULL,NULL),(288,'plugin::content-manager.explorer.create','api::interaccion.interaccion','{\"fields\": [\"users_permissions_user\", \"producto\", \"fecha\"]}','[]','2023-07-30 12:26:39.454000','2023-07-30 12:26:39.454000',NULL,NULL,NULL),(289,'plugin::content-manager.explorer.read','api::interaccion.interaccion','{\"fields\": [\"users_permissions_user\", \"producto\", \"fecha\"]}','[]','2023-07-30 12:26:39.475000','2023-07-30 12:26:39.475000',NULL,NULL,NULL),(290,'plugin::content-manager.explorer.update','api::interaccion.interaccion','{\"fields\": [\"users_permissions_user\", \"producto\", \"fecha\"]}','[]','2023-07-30 12:26:39.498000','2023-07-30 12:26:39.498000',NULL,NULL,NULL),(292,'plugin::content-manager.explorer.create','api::marca.marca','{\"fields\": [\"nombre\", \"img\"]}','[]','2023-07-30 12:26:39.542000','2023-07-30 12:26:39.542000',NULL,NULL,NULL),(293,'plugin::content-manager.explorer.read','api::marca.marca','{\"fields\": [\"nombre\", \"img\"]}','[]','2023-07-30 12:26:39.561000','2023-07-30 12:26:39.561000',NULL,NULL,NULL),(294,'plugin::content-manager.explorer.update','api::marca.marca','{\"fields\": [\"nombre\", \"img\"]}','[]','2023-07-30 12:26:39.585000','2023-07-30 12:26:39.585000',NULL,NULL,NULL),(296,'plugin::content-manager.explorer.create','api::producto.producto','{\"fields\": [\"nombre\", \"codigo\", \"descripcion\", \"marca\", \"isv\", \"precio_venta\", \"precio_compra\", \"existencia\", \"descuento\", \"img\", \"modelo\", \"subcategorias\", \"activo\"]}','[]','2023-07-30 12:26:39.628000','2023-08-04 22:06:16.938000',NULL,NULL,NULL),(297,'plugin::content-manager.explorer.read','api::producto.producto','{\"fields\": [\"nombre\", \"codigo\", \"descripcion\", \"marca\", \"isv\", \"precio_venta\", \"precio_compra\", \"existencia\", \"descuento\", \"img\", \"modelo\", \"subcategorias\", \"activo\"]}','[]','2023-07-30 12:26:39.651000','2023-08-04 22:06:16.938000',NULL,NULL,NULL),(298,'plugin::content-manager.explorer.update','api::producto.producto','{\"fields\": [\"nombre\", \"codigo\", \"descripcion\", \"marca\", \"isv\", \"precio_venta\", \"precio_compra\", \"existencia\", \"descuento\", \"img\", \"modelo\", \"subcategorias\", \"activo\"]}','[]','2023-07-30 12:26:39.676000','2023-08-04 22:06:16.938000',NULL,NULL,NULL),(300,'plugin::content-manager.explorer.create','api::promocion.promocion','{\"fields\": [\"nombre_promocion\", \"fechaInicio\", \"fechaFin\"]}','[]','2023-07-30 12:26:39.719000','2023-07-30 12:26:39.719000',NULL,NULL,NULL),(301,'plugin::content-manager.explorer.read','api::promocion.promocion','{\"fields\": [\"nombre_promocion\", \"fechaInicio\", \"fechaFin\"]}','[]','2023-07-30 12:26:39.740000','2023-07-30 12:26:39.740000',NULL,NULL,NULL),(302,'plugin::content-manager.explorer.update','api::promocion.promocion','{\"fields\": [\"nombre_promocion\", \"fechaInicio\", \"fechaFin\"]}','[]','2023-07-30 12:26:39.761000','2023-07-30 12:26:39.761000',NULL,NULL,NULL),(304,'plugin::content-manager.explorer.create','api::proveedor.proveedor','{\"fields\": [\"RTN\", \"nombre\", \"telefono\", \"direccion\", \"correo\", \"website\", \"vendedor\", \"contactoVendedor\"]}','[]','2023-07-30 12:26:39.805000','2023-07-30 12:26:39.805000',NULL,NULL,NULL),(305,'plugin::content-manager.explorer.read','api::proveedor.proveedor','{\"fields\": [\"RTN\", \"nombre\", \"telefono\", \"direccion\", \"correo\", \"website\", \"vendedor\", \"contactoVendedor\"]}','[]','2023-07-30 12:26:39.826000','2023-07-30 12:26:39.826000',NULL,NULL,NULL),(306,'plugin::content-manager.explorer.update','api::proveedor.proveedor','{\"fields\": [\"RTN\", \"nombre\", \"telefono\", \"direccion\", \"correo\", \"website\", \"vendedor\", \"contactoVendedor\"]}','[]','2023-07-30 12:26:39.848000','2023-07-30 12:26:39.848000',NULL,NULL,NULL),(308,'plugin::content-manager.explorer.create','api::subcategoria.subcategoria','{\"fields\": [\"nombre\", \"descripcion\", \"categoria\"]}','[]','2023-07-30 12:26:39.890000','2023-07-30 12:26:39.890000',NULL,NULL,NULL),(309,'plugin::content-manager.explorer.read','api::subcategoria.subcategoria','{\"fields\": [\"nombre\", \"descripcion\", \"categoria\"]}','[]','2023-07-30 12:26:39.911000','2023-07-30 12:26:39.911000',NULL,NULL,NULL),(310,'plugin::content-manager.explorer.update','api::subcategoria.subcategoria','{\"fields\": [\"nombre\", \"descripcion\", \"categoria\"]}','[]','2023-07-30 12:26:39.933000','2023-07-30 12:26:39.933000',NULL,NULL,NULL),(312,'plugin::content-manager.explorer.create','api::sucursal.sucursal','{\"fields\": [\"nombre\", \"direccion\", \"telefono\", \"correoSucursal\", \"fechaApertura\", \"activa\"]}','[]','2023-07-30 12:26:39.975000','2023-10-21 22:54:44.294000',NULL,NULL,NULL),(313,'plugin::content-manager.explorer.read','api::sucursal.sucursal','{\"fields\": [\"nombre\", \"direccion\", \"telefono\", \"correoSucursal\", \"fechaApertura\", \"activa\"]}','[]','2023-07-30 12:26:39.997000','2023-10-21 22:54:44.294000',NULL,NULL,NULL),(314,'plugin::content-manager.explorer.update','api::sucursal.sucursal','{\"fields\": [\"nombre\", \"direccion\", \"telefono\", \"correoSucursal\", \"fechaApertura\", \"activa\"]}','[]','2023-07-30 12:26:40.018000','2023-10-21 22:54:44.294000',NULL,NULL,NULL),(316,'plugin::content-manager.explorer.create','api::venta.venta','{\"fields\": [\"noFactura\", \"metodoPago\", \"detalleVentas.cantidad\", \"detalleVentas.precio\", \"detalleVentas.descuento\", \"detalleVentas.isv\", \"detalleVentas.producto\", \"estado\"]}','[]','2023-07-30 12:26:40.063000','2023-10-24 13:37:53.628000',NULL,NULL,NULL),(317,'plugin::content-manager.explorer.read','api::venta.venta','{\"fields\": [\"noFactura\", \"metodoPago\", \"detalleVentas.cantidad\", \"detalleVentas.precio\", \"detalleVentas.descuento\", \"detalleVentas.isv\", \"detalleVentas.producto\", \"estado\"]}','[]','2023-07-30 12:26:40.084000','2023-10-24 13:37:53.628000',NULL,NULL,NULL),(318,'plugin::content-manager.explorer.update','api::venta.venta','{\"fields\": [\"noFactura\", \"metodoPago\", \"detalleVentas.cantidad\", \"detalleVentas.precio\", \"detalleVentas.descuento\", \"detalleVentas.isv\", \"detalleVentas.producto\", \"estado\"]}','[]','2023-07-30 12:26:40.106000','2023-10-24 13:37:53.628000',NULL,NULL,NULL),(320,'plugin::content-manager.explorer.create','api::empresa.empresa','{\"fields\": [\"nombre\", \"direccion\", \"correo\", \"telefono\", \"website\", \"CAI\", \"RangoInicial\", \"RangoFinal\"]}','[]','2023-07-30 12:26:40.147000','2023-10-24 13:37:53.628000',NULL,NULL,NULL),(321,'plugin::content-manager.explorer.read','api::empresa.empresa','{\"fields\": [\"nombre\", \"direccion\", \"correo\", \"telefono\", \"website\", \"CAI\", \"RangoInicial\", \"RangoFinal\"]}','[]','2023-07-30 12:26:40.167000','2023-10-24 13:37:53.628000',NULL,NULL,NULL),(322,'plugin::content-manager.explorer.update','api::empresa.empresa','{\"fields\": [\"nombre\", \"direccion\", \"correo\", \"telefono\", \"website\", \"CAI\", \"RangoInicial\", \"RangoFinal\"]}','[]','2023-07-30 12:26:40.188000','2023-10-24 13:37:53.628000',NULL,NULL,NULL),(341,'plugin::content-manager.explorer.create','api::categoria.categoria','{\"fields\": [\"nombre\", \"descripcion\", \"img\", \"producto\"]}','[]','2023-10-06 17:25:24.102000','2023-10-06 17:25:24.102000',NULL,NULL,'{}'),(342,'plugin::content-manager.explorer.create','api::compra.compra','{\"fields\": [\"proveedor\", \"noFactura\", \"metodoPago\", \"detalleCompras.cantidad\", \"detalleCompras.precio\", \"detalleCompras.descuento\", \"detalleCompras.isv\", \"detalleCompras.producto\"]}','[]','2023-10-06 17:25:24.121000','2023-10-06 17:25:24.121000',NULL,NULL,'{}'),(343,'plugin::content-manager.explorer.create','api::cupon.cupon','{\"fields\": [\"producto\", \"descripcion\", \"descuento\", \"codigo\", \"fechaLimite\"]}','[]','2023-10-06 17:25:24.141000','2023-10-06 17:25:24.141000',NULL,NULL,'{}'),(347,'plugin::content-manager.explorer.create','api::garantia.garantia','{\"fields\": [\"categoria\", \"fechaCompra\", \"fechaVencimiento\", \"Estado\"]}','[]','2023-10-06 17:25:24.212000','2023-10-06 17:25:24.212000',NULL,NULL,'{}'),(348,'plugin::content-manager.explorer.create','api::interaccion.interaccion','{\"fields\": [\"users_permissions_user\", \"producto\", \"fecha\"]}','[]','2023-10-06 17:25:24.228000','2023-10-06 17:25:24.228000',NULL,NULL,'{}'),(349,'plugin::content-manager.explorer.create','api::marca.marca','{\"fields\": [\"nombre\", \"img\"]}','[]','2023-10-06 17:25:24.244000','2023-10-06 17:25:24.244000',NULL,NULL,'{}'),(350,'plugin::content-manager.explorer.create','api::producto.producto','{\"fields\": [\"nombre\", \"codigo\", \"descripcion\", \"marca\", \"isv\", \"precio_venta\", \"precio_compra\", \"existencia\", \"descuento\", \"img\", \"modelo\", \"subcategorias\", \"activo\"]}','[]','2023-10-06 17:25:24.260000','2023-10-06 17:25:24.260000',NULL,NULL,'{}'),(351,'plugin::content-manager.explorer.create','api::promocion.promocion','{\"fields\": [\"nombre_promocion\", \"fechaInicio\", \"fechaFin\"]}','[]','2023-10-06 17:25:24.276000','2023-10-06 17:25:24.276000',NULL,NULL,'{}'),(352,'plugin::content-manager.explorer.create','api::proveedor.proveedor','{\"fields\": [\"RTN\", \"nombre\", \"telefono\", \"direccion\", \"correo\", \"website\", \"vendedor\", \"contactoVendedor\"]}','[]','2023-10-06 17:25:24.291000','2023-10-06 17:25:24.291000',NULL,NULL,'{}'),(353,'plugin::content-manager.explorer.create','api::subcategoria.subcategoria','{\"fields\": [\"nombre\", \"descripcion\", \"categoria\"]}','[]','2023-10-06 17:25:24.307000','2023-10-06 17:25:24.307000',NULL,NULL,'{}'),(357,'plugin::content-manager.explorer.read','api::categoria.categoria','{\"fields\": [\"nombre\", \"descripcion\", \"img\", \"producto\"]}','[]','2023-10-06 17:25:24.374000','2023-10-06 17:25:24.374000',NULL,NULL,'{}'),(358,'plugin::content-manager.explorer.read','api::compra.compra','{\"fields\": [\"proveedor\", \"noFactura\", \"metodoPago\", \"detalleCompras.cantidad\", \"detalleCompras.precio\", \"detalleCompras.descuento\", \"detalleCompras.isv\", \"detalleCompras.producto\"]}','[]','2023-10-06 17:25:24.390000','2023-10-06 17:25:24.390000',NULL,NULL,'{}'),(359,'plugin::content-manager.explorer.read','api::cupon.cupon','{\"fields\": [\"producto\", \"descripcion\", \"descuento\", \"codigo\", \"fechaLimite\"]}','[]','2023-10-06 17:25:24.407000','2023-10-06 17:25:24.407000',NULL,NULL,'{}'),(363,'plugin::content-manager.explorer.read','api::garantia.garantia','{\"fields\": [\"categoria\", \"fechaCompra\", \"fechaVencimiento\", \"Estado\"]}','[]','2023-10-06 17:25:24.471000','2023-10-06 17:25:24.471000',NULL,NULL,'{}'),(364,'plugin::content-manager.explorer.read','api::interaccion.interaccion','{\"fields\": [\"users_permissions_user\", \"producto\", \"fecha\"]}','[]','2023-10-06 17:25:24.487000','2023-10-06 17:25:24.487000',NULL,NULL,'{}'),(365,'plugin::content-manager.explorer.read','api::marca.marca','{\"fields\": [\"nombre\", \"img\"]}','[]','2023-10-06 17:25:24.503000','2023-10-06 17:25:24.503000',NULL,NULL,'{}'),(366,'plugin::content-manager.explorer.read','api::producto.producto','{\"fields\": [\"nombre\", \"codigo\", \"descripcion\", \"marca\", \"isv\", \"precio_venta\", \"precio_compra\", \"existencia\", \"descuento\", \"img\", \"modelo\", \"subcategorias\", \"activo\"]}','[]','2023-10-06 17:25:24.517000','2023-10-06 17:25:24.517000',NULL,NULL,'{}'),(367,'plugin::content-manager.explorer.read','api::promocion.promocion','{\"fields\": [\"nombre_promocion\", \"fechaInicio\", \"fechaFin\"]}','[]','2023-10-06 17:25:24.534000','2023-10-06 17:25:24.534000',NULL,NULL,'{}'),(368,'plugin::content-manager.explorer.read','api::proveedor.proveedor','{\"fields\": [\"RTN\", \"nombre\", \"telefono\", \"direccion\", \"correo\", \"website\", \"vendedor\", \"contactoVendedor\"]}','[]','2023-10-06 17:25:24.549000','2023-10-06 17:25:24.549000',NULL,NULL,'{}'),(369,'plugin::content-manager.explorer.read','api::subcategoria.subcategoria','{\"fields\": [\"nombre\", \"descripcion\", \"categoria\"]}','[]','2023-10-06 17:25:24.565000','2023-10-06 17:25:24.565000',NULL,NULL,'{}'),(373,'plugin::content-manager.explorer.update','api::categoria.categoria','{\"fields\": [\"nombre\", \"descripcion\", \"img\", \"producto\"]}','[]','2023-10-06 17:25:24.627000','2023-10-06 17:25:24.627000',NULL,NULL,'{}'),(374,'plugin::content-manager.explorer.update','api::compra.compra','{\"fields\": [\"proveedor\", \"noFactura\", \"metodoPago\", \"detalleCompras.cantidad\", \"detalleCompras.precio\", \"detalleCompras.descuento\", \"detalleCompras.isv\", \"detalleCompras.producto\"]}','[]','2023-10-06 17:25:24.642000','2023-10-06 17:25:24.642000',NULL,NULL,'{}'),(375,'plugin::content-manager.explorer.update','api::cupon.cupon','{\"fields\": [\"producto\", \"descripcion\", \"descuento\", \"codigo\", \"fechaLimite\"]}','[]','2023-10-06 17:25:24.658000','2023-10-06 17:25:24.658000',NULL,NULL,'{}'),(379,'plugin::content-manager.explorer.update','api::garantia.garantia','{\"fields\": [\"categoria\", \"fechaCompra\", \"fechaVencimiento\", \"Estado\"]}','[]','2023-10-06 17:25:24.718000','2023-10-06 17:25:24.718000',NULL,NULL,'{}'),(380,'plugin::content-manager.explorer.update','api::interaccion.interaccion','{\"fields\": [\"users_permissions_user\", \"producto\", \"fecha\"]}','[]','2023-10-06 17:25:24.734000','2023-10-06 17:25:24.734000',NULL,NULL,'{}'),(381,'plugin::content-manager.explorer.update','api::marca.marca','{\"fields\": [\"nombre\", \"img\"]}','[]','2023-10-06 17:25:24.749000','2023-10-06 17:25:24.749000',NULL,NULL,'{}'),(382,'plugin::content-manager.explorer.update','api::producto.producto','{\"fields\": [\"nombre\", \"codigo\", \"descripcion\", \"marca\", \"isv\", \"precio_venta\", \"precio_compra\", \"existencia\", \"descuento\", \"img\", \"modelo\", \"subcategorias\", \"activo\"]}','[]','2023-10-06 17:25:24.765000','2023-10-06 17:25:24.765000',NULL,NULL,'{}'),(383,'plugin::content-manager.explorer.update','api::promocion.promocion','{\"fields\": [\"nombre_promocion\", \"fechaInicio\", \"fechaFin\"]}','[]','2023-10-06 17:25:24.780000','2023-10-06 17:25:24.780000',NULL,NULL,'{}'),(384,'plugin::content-manager.explorer.update','api::proveedor.proveedor','{\"fields\": [\"RTN\", \"nombre\", \"telefono\", \"direccion\", \"correo\", \"website\", \"vendedor\", \"contactoVendedor\"]}','[]','2023-10-06 17:25:24.796000','2023-10-06 17:25:24.796000',NULL,NULL,'{}'),(385,'plugin::content-manager.explorer.update','api::subcategoria.subcategoria','{\"fields\": [\"nombre\", \"descripcion\", \"categoria\"]}','[]','2023-10-06 17:25:24.812000','2023-10-06 17:25:24.812000',NULL,NULL,'{}'),(388,'plugin::content-manager.explorer.delete','plugin::users-permissions.user','{}','[]','2023-10-06 17:25:24.858000','2023-10-06 17:25:24.858000',NULL,NULL,'{}'),(389,'plugin::content-manager.explorer.delete','api::categoria.categoria','{}','[]','2023-10-06 17:25:24.874000','2023-10-06 17:25:24.874000',NULL,NULL,'{}'),(390,'plugin::content-manager.explorer.delete','api::compra.compra','{}','[]','2023-10-06 17:25:24.889000','2023-10-06 17:25:24.889000',NULL,NULL,'{}'),(391,'plugin::content-manager.explorer.delete','api::cupon.cupon','{}','[]','2023-10-06 17:25:24.905000','2023-10-06 17:25:24.905000',NULL,NULL,'{}'),(392,'plugin::content-manager.explorer.delete','api::devolucion.devolucion','{}','[]','2023-10-06 17:25:24.920000','2023-10-06 17:25:24.920000',NULL,NULL,'{}'),(393,'plugin::content-manager.explorer.delete','api::empresa.empresa','{}','[]','2023-10-06 17:25:24.936000','2023-10-06 17:25:24.936000',NULL,NULL,'{}'),(395,'plugin::content-manager.explorer.delete','api::garantia.garantia','{}','[]','2023-10-06 17:25:24.967000','2023-10-06 17:25:24.967000',NULL,NULL,'{}'),(396,'plugin::content-manager.explorer.delete','api::interaccion.interaccion','{}','[]','2023-10-06 17:25:24.982000','2023-10-06 17:25:24.982000',NULL,NULL,'{}'),(397,'plugin::content-manager.explorer.delete','api::marca.marca','{}','[]','2023-10-06 17:25:24.997000','2023-10-06 17:25:24.997000',NULL,NULL,'{}'),(398,'plugin::content-manager.explorer.delete','api::producto.producto','{}','[]','2023-10-06 17:25:25.013000','2023-10-06 17:25:25.013000',NULL,NULL,'{}'),(399,'plugin::content-manager.explorer.delete','api::promocion.promocion','{}','[]','2023-10-06 17:25:25.028000','2023-10-06 17:25:25.028000',NULL,NULL,'{}'),(400,'plugin::content-manager.explorer.delete','api::proveedor.proveedor','{}','[]','2023-10-06 17:25:25.044000','2023-10-06 17:25:25.044000',NULL,NULL,'{}'),(401,'plugin::content-manager.explorer.delete','api::subcategoria.subcategoria','{}','[]','2023-10-06 17:25:25.059000','2023-10-06 17:25:25.059000',NULL,NULL,'{}'),(402,'plugin::content-manager.explorer.delete','api::sucursal.sucursal','{}','[]','2023-10-06 17:25:25.074000','2023-10-06 17:25:25.074000',NULL,NULL,'{}'),(403,'plugin::content-manager.explorer.delete','api::venta.venta','{}','[]','2023-10-06 17:25:25.090000','2023-10-06 17:25:25.090000',NULL,NULL,'{}'),(406,'plugin::content-manager.explorer.publish','api::cupon.cupon','{}','[]','2023-10-06 17:25:25.135000','2023-10-06 17:25:25.135000',NULL,NULL,'{}'),(419,'plugin::content-manager.single-types.configure-view',NULL,'{}','[]','2023-10-06 17:25:25.339000','2023-10-06 17:25:25.339000',NULL,NULL,'{}'),(420,'plugin::content-manager.collection-types.configure-view',NULL,'{}','[]','2023-10-06 17:25:25.354000','2023-10-06 17:25:25.354000',NULL,NULL,'{}'),(421,'plugin::content-manager.components.configure-layout',NULL,'{}','[]','2023-10-06 17:25:25.370000','2023-10-06 17:25:25.370000',NULL,NULL,'{}'),(422,'plugin::content-type-builder.read',NULL,'{}','[]','2023-10-06 17:25:25.385000','2023-10-06 17:25:25.385000',NULL,NULL,'{}'),(423,'plugin::email.settings.read',NULL,'{}','[]','2023-10-06 17:25:25.401000','2023-10-06 17:25:25.401000',NULL,NULL,'{}'),(424,'plugin::upload.read',NULL,'{}','[]','2023-10-06 17:25:25.417000','2023-10-06 17:25:25.417000',NULL,NULL,'{}'),(425,'plugin::upload.assets.create',NULL,'{}','[]','2023-10-06 17:25:25.432000','2023-10-06 17:25:25.432000',NULL,NULL,'{}'),(426,'plugin::upload.assets.update',NULL,'{}','[]','2023-10-06 17:25:25.448000','2023-10-06 17:25:25.448000',NULL,NULL,'{}'),(427,'plugin::upload.assets.download',NULL,'{}','[]','2023-10-06 17:25:25.463000','2023-10-06 17:25:25.463000',NULL,NULL,'{}'),(428,'plugin::upload.assets.copy-link',NULL,'{}','[]','2023-10-06 17:25:25.479000','2023-10-06 17:25:25.479000',NULL,NULL,'{}'),(429,'plugin::upload.configure-view',NULL,'{}','[]','2023-10-06 17:25:25.494000','2023-10-06 17:25:25.494000',NULL,NULL,'{}'),(430,'plugin::upload.settings.read',NULL,'{}','[]','2023-10-06 17:25:25.510000','2023-10-06 17:25:25.510000',NULL,NULL,'{}'),(435,'plugin::i18n.locale.create',NULL,'{}','[]','2023-10-06 17:25:25.588000','2023-10-06 17:25:25.588000',NULL,NULL,'{}'),(436,'plugin::i18n.locale.read',NULL,'{}','[]','2023-10-06 17:25:25.604000','2023-10-06 17:25:25.604000',NULL,NULL,'{}'),(437,'plugin::i18n.locale.update',NULL,'{}','[]','2023-10-06 17:25:25.620000','2023-10-06 17:25:25.620000',NULL,NULL,'{}'),(438,'plugin::i18n.locale.delete',NULL,'{}','[]','2023-10-06 17:25:25.635000','2023-10-06 17:25:25.635000',NULL,NULL,'{}'),(439,'plugin::users-permissions.roles.create',NULL,'{}','[]','2023-10-06 17:25:25.651000','2023-10-06 17:25:25.651000',NULL,NULL,'{}'),(440,'plugin::users-permissions.roles.read',NULL,'{}','[]','2023-10-06 17:25:25.665000','2023-10-06 17:25:25.665000',NULL,NULL,'{}'),(441,'plugin::users-permissions.roles.update',NULL,'{}','[]','2023-10-06 17:25:25.681000','2023-10-06 17:25:25.681000',NULL,NULL,'{}'),(442,'plugin::users-permissions.roles.delete',NULL,'{}','[]','2023-10-06 17:25:25.698000','2023-10-06 17:25:25.698000',NULL,NULL,'{}'),(443,'plugin::users-permissions.providers.read',NULL,'{}','[]','2023-10-06 17:25:25.713000','2023-10-06 17:25:25.713000',NULL,NULL,'{}'),(444,'plugin::users-permissions.providers.update',NULL,'{}','[]','2023-10-06 17:25:25.729000','2023-10-06 17:25:25.729000',NULL,NULL,'{}'),(445,'plugin::users-permissions.email-templates.read',NULL,'{}','[]','2023-10-06 17:25:25.746000','2023-10-06 17:25:25.746000',NULL,NULL,'{}'),(446,'plugin::users-permissions.email-templates.update',NULL,'{}','[]','2023-10-06 17:25:25.762000','2023-10-06 17:25:25.762000',NULL,NULL,'{}'),(447,'plugin::users-permissions.advanced-settings.read',NULL,'{}','[]','2023-10-06 17:25:25.777000','2023-10-06 17:25:25.777000',NULL,NULL,'{}'),(448,'plugin::users-permissions.advanced-settings.update',NULL,'{}','[]','2023-10-06 17:25:25.793000','2023-10-06 17:25:25.793000',NULL,NULL,'{}'),(452,'admin::marketplace.read',NULL,'{}','[]','2023-10-06 17:25:25.855000','2023-10-06 17:25:25.855000',NULL,NULL,'{}'),(453,'admin::webhooks.create',NULL,'{}','[]','2023-10-06 17:25:25.871000','2023-10-06 17:25:25.871000',NULL,NULL,'{}'),(454,'admin::webhooks.read',NULL,'{}','[]','2023-10-06 17:25:25.887000','2023-10-06 17:25:25.887000',NULL,NULL,'{}'),(455,'admin::webhooks.update',NULL,'{}','[]','2023-10-06 17:25:25.902000','2023-10-06 17:25:25.902000',NULL,NULL,'{}'),(456,'admin::webhooks.delete',NULL,'{}','[]','2023-10-06 17:25:25.918000','2023-10-06 17:25:25.918000',NULL,NULL,'{}'),(457,'admin::users.create',NULL,'{}','[]','2023-10-06 17:25:25.934000','2023-10-06 17:25:25.934000',NULL,NULL,'{}'),(458,'admin::users.read',NULL,'{}','[]','2023-10-06 17:25:25.949000','2023-10-06 17:25:25.949000',NULL,NULL,'{}'),(459,'admin::users.update',NULL,'{}','[]','2023-10-06 17:25:25.965000','2023-10-06 17:25:25.965000',NULL,NULL,'{}'),(460,'admin::users.delete',NULL,'{}','[]','2023-10-06 17:25:25.981000','2023-10-06 17:25:25.981000',NULL,NULL,'{}'),(461,'admin::roles.create',NULL,'{}','[]','2023-10-06 17:25:25.995000','2023-10-06 17:25:25.995000',NULL,NULL,'{}'),(462,'admin::roles.read',NULL,'{}','[]','2023-10-06 17:25:26.011000','2023-10-06 17:25:26.011000',NULL,NULL,'{}'),(463,'admin::roles.update',NULL,'{}','[]','2023-10-06 17:25:26.026000','2023-10-06 17:25:26.026000',NULL,NULL,'{}'),(464,'admin::roles.delete',NULL,'{}','[]','2023-10-06 17:25:26.042000','2023-10-06 17:25:26.042000',NULL,NULL,'{}'),(465,'admin::api-tokens.access',NULL,'{}','[]','2023-10-06 17:25:26.058000','2023-10-06 17:25:26.058000',NULL,NULL,'{}'),(466,'admin::api-tokens.create',NULL,'{}','[]','2023-10-06 17:25:26.074000','2023-10-06 17:25:26.074000',NULL,NULL,'{}'),(467,'admin::api-tokens.read',NULL,'{}','[]','2023-10-06 17:25:26.089000','2023-10-06 17:25:26.089000',NULL,NULL,'{}'),(468,'admin::api-tokens.update',NULL,'{}','[]','2023-10-06 17:25:26.104000','2023-10-06 17:25:26.104000',NULL,NULL,'{}'),(469,'admin::api-tokens.regenerate',NULL,'{}','[]','2023-10-06 17:25:26.120000','2023-10-06 17:25:26.120000',NULL,NULL,'{}'),(470,'admin::api-tokens.delete',NULL,'{}','[]','2023-10-06 17:25:26.136000','2023-10-06 17:25:26.136000',NULL,NULL,'{}'),(471,'admin::project-settings.update',NULL,'{}','[]','2023-10-06 17:25:26.158000','2023-10-06 17:25:26.158000',NULL,NULL,'{}'),(472,'admin::project-settings.read',NULL,'{}','[]','2023-10-06 17:25:26.175000','2023-10-06 17:25:26.175000',NULL,NULL,'{}'),(473,'admin::transfer.tokens.access',NULL,'{}','[]','2023-10-06 17:25:26.191000','2023-10-06 17:25:26.191000',NULL,NULL,'{}'),(474,'admin::transfer.tokens.create',NULL,'{}','[]','2023-10-06 17:25:26.207000','2023-10-06 17:25:26.207000',NULL,NULL,'{}'),(475,'admin::transfer.tokens.read',NULL,'{}','[]','2023-10-06 17:25:26.222000','2023-10-06 17:25:26.222000',NULL,NULL,'{}'),(476,'admin::transfer.tokens.update',NULL,'{}','[]','2023-10-06 17:25:26.238000','2023-10-06 17:25:26.238000',NULL,NULL,'{}'),(477,'admin::transfer.tokens.regenerate',NULL,'{}','[]','2023-10-06 17:25:26.254000','2023-10-06 17:25:26.254000',NULL,NULL,'{}'),(478,'admin::transfer.tokens.delete',NULL,'{}','[]','2023-10-06 17:25:26.270000','2023-10-06 17:25:26.270000',NULL,NULL,'{}'),(479,'plugin::rest-cache.cache.purge',NULL,'{}','[]','2023-10-06 18:37:25.271000','2023-10-06 18:37:25.271000',NULL,NULL,'{}'),(480,'plugin::rest-cache.cache.read-strategy',NULL,'{}','[]','2023-10-06 18:37:25.290000','2023-10-06 18:37:25.290000',NULL,NULL,'{}'),(481,'plugin::rest-cache.cache.read-provider',NULL,'{}','[]','2023-10-06 18:37:25.308000','2023-10-06 18:37:25.308000',NULL,NULL,'{}'),(487,'plugin::content-manager.explorer.create','plugin::users-permissions.user','{\"fields\": [\"username\", \"email\", \"provider\", \"resetPasswordToken\", \"confirmationToken\", \"confirmed\", \"blocked\", \"role\", \"password\", \"nombre\", \"apellido\", \"FechaNacimiento\", \"telefono\", \"RTN\", \"jurado\"]}','[]','2023-10-08 16:24:14.288000','2023-10-08 16:24:14.288000',NULL,NULL,'{}'),(488,'plugin::content-manager.explorer.read','plugin::users-permissions.user','{\"fields\": [\"username\", \"email\", \"provider\", \"resetPasswordToken\", \"confirmationToken\", \"confirmed\", \"blocked\", \"role\", \"password\", \"nombre\", \"apellido\", \"FechaNacimiento\", \"telefono\", \"RTN\", \"jurado\"]}','[]','2023-10-08 16:24:14.313000','2023-10-08 16:24:14.313000',NULL,NULL,'{}'),(489,'plugin::content-manager.explorer.update','plugin::users-permissions.user','{\"fields\": [\"username\", \"email\", \"provider\", \"resetPasswordToken\", \"confirmationToken\", \"confirmed\", \"blocked\", \"role\", \"password\", \"nombre\", \"apellido\", \"FechaNacimiento\", \"telefono\", \"RTN\", \"jurado\"]}','[]','2023-10-08 16:24:14.335000','2023-10-08 16:24:14.335000',NULL,NULL,'{}'),(490,'plugin::upload.settings.read',NULL,'{}','[\"admin::has-same-role-as-creator\"]','2023-10-11 19:11:17.377000','2023-10-11 19:11:17.377000',NULL,NULL,'{}'),(495,'plugin::users-permissions.roles.create',NULL,'{}','[]','2023-10-11 19:16:52.190000','2023-10-11 19:16:52.190000',NULL,NULL,'{}'),(496,'plugin::users-permissions.roles.read',NULL,'{}','[]','2023-10-11 19:16:52.212000','2023-10-11 19:16:52.212000',NULL,NULL,'{}'),(497,'plugin::users-permissions.roles.update',NULL,'{}','[]','2023-10-11 19:16:52.233000','2023-10-11 19:16:52.233000',NULL,NULL,'{}'),(507,'plugin::upload.read',NULL,'{}','[]','2023-10-15 18:51:31.325000','2023-10-15 18:51:31.325000',NULL,NULL,'{}'),(508,'plugin::upload.assets.create',NULL,'{}','[]','2023-10-15 18:51:31.343000','2023-10-15 18:51:31.343000',NULL,NULL,'{}'),(509,'plugin::upload.assets.update',NULL,'{}','[]','2023-10-15 18:51:31.360000','2023-10-15 18:51:31.360000',NULL,NULL,'{}'),(510,'plugin::upload.assets.download',NULL,'{}','[]','2023-10-15 18:51:31.378000','2023-10-15 18:51:31.378000',NULL,NULL,'{}'),(515,'plugin::content-manager.explorer.create','api::marca.marca','{\"fields\": [\"nombre\", \"img\"]}','[]','2023-10-15 18:51:31.476000','2023-10-15 18:51:31.476000',NULL,NULL,'{}'),(516,'plugin::content-manager.explorer.read','api::marca.marca','{\"fields\": [\"nombre\", \"img\"]}','[]','2023-10-15 18:51:31.493000','2023-10-15 18:51:31.493000',NULL,NULL,'{}'),(517,'plugin::content-manager.explorer.update','api::marca.marca','{\"fields\": [\"nombre\", \"img\"]}','[]','2023-10-15 18:51:31.508000','2023-10-15 18:51:31.508000',NULL,NULL,'{}'),(519,'plugin::content-manager.explorer.create','api::producto.producto','{\"fields\": [\"nombre\", \"codigo\", \"descripcion\", \"marca\", \"isv\", \"precio_venta\", \"precio_compra\", \"existencia\", \"descuento\", \"img\", \"modelo\", \"subcategorias\", \"activo\"]}','[]','2023-10-15 18:51:31.538000','2023-10-15 18:51:31.538000',NULL,NULL,'{}'),(520,'plugin::content-manager.explorer.read','api::producto.producto','{\"fields\": [\"nombre\", \"codigo\", \"descripcion\", \"marca\", \"isv\", \"precio_venta\", \"precio_compra\", \"existencia\", \"descuento\", \"img\", \"modelo\", \"subcategorias\", \"activo\"]}','[]','2023-10-15 18:51:31.553000','2023-10-15 18:51:31.553000',NULL,NULL,'{}'),(521,'plugin::content-manager.explorer.update','api::producto.producto','{\"fields\": [\"nombre\", \"codigo\", \"descripcion\", \"marca\", \"isv\", \"precio_venta\", \"precio_compra\", \"existencia\", \"descuento\", \"img\", \"modelo\", \"subcategorias\", \"activo\"]}','[]','2023-10-15 18:51:31.569000','2023-10-15 18:51:31.569000',NULL,NULL,'{}'),(533,'plugin::content-manager.explorer.create','plugin::users-permissions.user','{\"fields\": [\"username\", \"email\", \"provider\", \"resetPasswordToken\", \"confirmationToken\", \"confirmed\", \"blocked\", \"role\", \"password\", \"nombre\", \"apellido\", \"FechaNacimiento\", \"telefono\", \"RTN\", \"jurado\"]}','[]','2023-10-15 18:56:16.265000','2023-10-15 18:56:16.265000',NULL,NULL,'{}'),(535,'plugin::content-manager.explorer.update','plugin::users-permissions.user','{\"fields\": [\"username\", \"email\", \"provider\", \"resetPasswordToken\", \"confirmationToken\", \"confirmed\", \"blocked\", \"role\", \"password\", \"nombre\", \"apellido\", \"FechaNacimiento\", \"telefono\", \"RTN\", \"jurado\"]}','[]','2023-10-15 18:56:16.300000','2023-10-15 18:56:16.300000',NULL,NULL,'{}'),(561,'admin::users.read',NULL,'{}','[\"admin::is-creator\", \"admin::has-same-role-as-creator\"]','2023-10-15 21:13:07.844000','2023-10-15 21:13:07.844000',NULL,NULL,'{}'),(566,'plugin::content-manager.explorer.create','api::danado.danado','{\"fields\": [\"producto\", \"Estado\", \"Motivo\", \"Cantidad\"]}','[]','2023-10-15 22:08:04.860000','2023-10-15 22:08:04.860000',NULL,NULL,'{}'),(567,'plugin::content-manager.explorer.read','api::danado.danado','{\"fields\": [\"producto\", \"Estado\", \"Motivo\", \"Cantidad\"]}','[]','2023-10-15 22:08:04.878000','2023-10-15 22:08:04.878000',NULL,NULL,'{}'),(568,'plugin::content-manager.explorer.update','api::danado.danado','{\"fields\": [\"producto\", \"Estado\", \"Motivo\", \"Cantidad\"]}','[]','2023-10-15 22:08:04.894000','2023-10-15 22:08:04.894000',NULL,NULL,'{}'),(569,'plugin::content-manager.explorer.delete','api::danado.danado','{}','[]','2023-10-15 22:08:04.917000','2023-10-15 22:08:04.917000',NULL,NULL,'{}'),(574,'plugin::content-manager.explorer.delete','api::log.log','{}','[]','2023-10-17 15:15:26.022000','2023-10-17 15:15:26.022000',NULL,NULL,'{}'),(575,'plugin::content-manager.explorer.create','api::log.log','{\"fields\": [\"DateTime\", \"ACTION\", \"Table\", \"Description\", \"admin_user\", \"rowID\", \"information\"]}','[]','2023-10-17 15:47:53.920000','2023-10-17 15:47:53.920000',NULL,NULL,'{}'),(576,'plugin::content-manager.explorer.read','api::log.log','{\"fields\": [\"DateTime\", \"ACTION\", \"Table\", \"Description\", \"admin_user\", \"rowID\", \"information\"]}','[]','2023-10-17 15:47:53.956000','2023-10-17 15:47:53.956000',NULL,NULL,'{}'),(577,'plugin::content-manager.explorer.update','api::log.log','{\"fields\": [\"DateTime\", \"ACTION\", \"Table\", \"Description\", \"admin_user\", \"rowID\", \"information\"]}','[]','2023-10-17 15:47:53.986000','2023-10-17 15:47:53.986000',NULL,NULL,'{}'),(587,'plugin::upload.read',NULL,'{}','[\"admin::is-creator\"]','2023-10-20 21:36:21.440000','2023-10-20 21:36:21.440000',NULL,NULL,'{}'),(588,'plugin::upload.configure-view',NULL,'{}','[]','2023-10-20 21:36:21.469000','2023-10-20 21:36:21.469000',NULL,NULL,'{}'),(589,'plugin::upload.assets.create',NULL,'{}','[]','2023-10-20 21:36:21.493000','2023-10-20 21:36:21.493000',NULL,NULL,'{}'),(590,'plugin::upload.assets.update',NULL,'{}','[\"admin::is-creator\"]','2023-10-20 21:36:21.516000','2023-10-20 21:36:21.516000',NULL,NULL,'{}'),(591,'plugin::upload.assets.download',NULL,'{}','[]','2023-10-20 21:36:21.540000','2023-10-20 21:36:21.540000',NULL,NULL,'{}'),(592,'plugin::upload.assets.copy-link',NULL,'{}','[]','2023-10-20 21:36:21.562000','2023-10-20 21:36:21.562000',NULL,NULL,'{}'),(596,'admin::users.create',NULL,'{}','[\"admin::is-creator\", \"admin::has-same-role-as-creator\"]','2023-10-20 21:37:17.148000','2023-10-20 21:37:17.148000',NULL,NULL,'{}'),(597,'admin::roles.create',NULL,'{}','[\"admin::is-creator\", \"admin::has-same-role-as-creator\"]','2023-10-20 21:37:17.170000','2023-10-20 21:37:17.170000',NULL,NULL,'{}'),(608,'plugin::content-manager.explorer.create','api::sucursal.sucursal','{\"fields\": [\"nombre\", \"direccion\", \"telefono\", \"correoSucursal\", \"fechaApertura\", \"activa\"]}','[]','2023-10-21 22:54:44.106000','2023-10-21 22:54:44.106000',NULL,NULL,'{}'),(609,'plugin::content-manager.explorer.read','api::sucursal.sucursal','{\"fields\": [\"nombre\", \"direccion\", \"telefono\", \"correoSucursal\", \"fechaApertura\", \"activa\"]}','[]','2023-10-21 22:54:44.133000','2023-10-21 22:54:44.133000',NULL,NULL,'{}'),(610,'plugin::content-manager.explorer.update','api::sucursal.sucursal','{\"fields\": [\"nombre\", \"direccion\", \"telefono\", \"correoSucursal\", \"fechaApertura\", \"activa\"]}','[]','2023-10-21 22:54:44.166000','2023-10-21 22:54:44.166000',NULL,NULL,'{}'),(651,'plugin::content-manager.explorer.create','api::correlativo.correlativo','{\"fields\": [\"NoFactura\"]}','[]','2023-10-24 13:37:53.319000','2023-10-24 13:37:53.319000',NULL,NULL,'{}'),(652,'plugin::content-manager.explorer.create','api::empresa.empresa','{\"fields\": [\"nombre\", \"direccion\", \"correo\", \"telefono\", \"lema\", \"website\", \"CAI\", \"RangoInicial\", \"RangoFinal\", \"fechaVencimiento\"]}','[]','2023-10-24 13:37:53.338000','2023-10-24 13:37:53.338000',NULL,NULL,'{}'),(653,'plugin::content-manager.explorer.create','api::venta.venta','{\"fields\": [\"noFactura\", \"metodoPago\", \"cliente\", \"detalleVentas.cantidad\", \"detalleVentas.precio\", \"detalleVentas.descuento\", \"detalleVentas.isv\", \"detalleVentas.producto\", \"estado\", \"vendedor\"]}','[]','2023-10-24 13:37:53.355000','2023-10-24 13:37:53.355000',NULL,NULL,'{}'),(654,'plugin::content-manager.explorer.read','api::correlativo.correlativo','{\"fields\": [\"NoFactura\"]}','[]','2023-10-24 13:37:53.372000','2023-10-24 13:37:53.372000',NULL,NULL,'{}'),(655,'plugin::content-manager.explorer.read','api::empresa.empresa','{\"fields\": [\"nombre\", \"direccion\", \"correo\", \"telefono\", \"lema\", \"website\", \"CAI\", \"RangoInicial\", \"RangoFinal\", \"fechaVencimiento\"]}','[]','2023-10-24 13:37:53.389000','2023-10-24 13:37:53.389000',NULL,NULL,'{}'),(656,'plugin::content-manager.explorer.read','api::venta.venta','{\"fields\": [\"noFactura\", \"metodoPago\", \"cliente\", \"detalleVentas.cantidad\", \"detalleVentas.precio\", \"detalleVentas.descuento\", \"detalleVentas.isv\", \"detalleVentas.producto\", \"estado\", \"vendedor\"]}','[]','2023-10-24 13:37:53.405000','2023-10-24 13:37:53.405000',NULL,NULL,'{}'),(657,'plugin::content-manager.explorer.update','api::correlativo.correlativo','{\"fields\": [\"NoFactura\"]}','[]','2023-10-24 13:37:53.422000','2023-10-24 13:37:53.422000',NULL,NULL,'{}'),(658,'plugin::content-manager.explorer.update','api::empresa.empresa','{\"fields\": [\"nombre\", \"direccion\", \"correo\", \"telefono\", \"lema\", \"website\", \"CAI\", \"RangoInicial\", \"RangoFinal\", \"fechaVencimiento\"]}','[]','2023-10-24 13:37:53.439000','2023-10-24 13:37:53.439000',NULL,NULL,'{}'),(659,'plugin::content-manager.explorer.update','api::venta.venta','{\"fields\": [\"noFactura\", \"metodoPago\", \"cliente\", \"detalleVentas.cantidad\", \"detalleVentas.precio\", \"detalleVentas.descuento\", \"detalleVentas.isv\", \"detalleVentas.producto\", \"estado\", \"vendedor\"]}','[]','2023-10-24 13:37:53.460000','2023-10-24 13:37:53.460000',NULL,NULL,'{}'),(660,'plugin::content-manager.explorer.delete','api::correlativo.correlativo','{}','[]','2023-10-24 13:37:53.481000','2023-10-24 13:37:53.481000',NULL,NULL,'{}'),(664,'plugin::content-manager.explorer.create','api::categoria.categoria','{\"fields\": [\"nombre\", \"descripcion\", \"img\"]}','[]','2023-10-27 22:04:41.807000','2023-10-27 22:04:41.807000',NULL,NULL,'{}'),(665,'plugin::content-manager.explorer.read','api::categoria.categoria','{\"fields\": [\"nombre\", \"descripcion\", \"img\"]}','[]','2023-10-27 22:04:41.824000','2023-10-27 22:04:41.824000',NULL,NULL,'{}'),(666,'plugin::content-manager.explorer.update','api::categoria.categoria','{\"fields\": [\"nombre\", \"descripcion\", \"img\"]}','[]','2023-10-27 22:04:41.841000','2023-10-27 22:04:41.841000',NULL,NULL,'{}'),(667,'plugin::content-manager.explorer.create','api::subcategoria.subcategoria','{\"fields\": [\"nombre\", \"descripcion\", \"categoria\"]}','[]','2023-10-27 22:04:41.857000','2023-10-27 22:24:16.739000',NULL,NULL,'{}'),(668,'plugin::content-manager.explorer.read','api::subcategoria.subcategoria','{\"fields\": [\"nombre\", \"descripcion\", \"categoria\"]}','[]','2023-10-27 22:04:41.874000','2023-10-27 22:24:16.739000',NULL,NULL,'{}'),(669,'plugin::content-manager.explorer.update','api::subcategoria.subcategoria','{\"fields\": [\"nombre\", \"descripcion\", \"categoria\"]}','[]','2023-10-27 22:04:41.891000','2023-10-27 22:24:16.739000',NULL,NULL,'{}'),(670,'plugin::import-export-entries.import',NULL,'{}','[]','2023-10-27 22:57:17.101000','2023-10-27 22:57:17.101000',NULL,NULL,'{}'),(671,'plugin::import-export-entries.export',NULL,'{}','[]','2023-10-27 22:57:17.123000','2023-10-27 22:57:17.123000',NULL,NULL,'{}'),(693,'plugin::content-manager.explorer.create','api::devolucion.devolucion','{\"fields\": [\"vendedor\", \"estado\", \"noFactura\", \"detalleDevoluciones.producto\", \"detalleDevoluciones.cantidad\", \"detalleDevoluciones.motivo\"]}','[]','2023-11-01 22:24:53.928000','2023-11-01 22:24:53.928000',NULL,NULL,'{}'),(694,'plugin::content-manager.explorer.read','api::devolucion.devolucion','{\"fields\": [\"vendedor\", \"estado\", \"noFactura\", \"detalleDevoluciones.producto\", \"detalleDevoluciones.cantidad\", \"detalleDevoluciones.motivo\"]}','[]','2023-11-01 22:24:53.950000','2023-11-01 22:24:53.950000',NULL,NULL,'{}'),(695,'plugin::content-manager.explorer.update','api::devolucion.devolucion','{\"fields\": [\"vendedor\", \"estado\", \"noFactura\", \"detalleDevoluciones.producto\", \"detalleDevoluciones.cantidad\", \"detalleDevoluciones.motivo\"]}','[]','2023-11-01 22:24:53.974000','2023-11-01 22:24:53.974000',NULL,NULL,'{}'),(696,'plugin::content-manager.explorer.read','plugin::users-permissions.user','{\"fields\": [\"username\", \"email\", \"provider\", \"resetPasswordToken\", \"confirmationToken\", \"confirmed\", \"blocked\", \"role\", \"password\", \"nombre\", \"apellido\", \"FechaNacimiento\", \"telefono\", \"RTN\", \"jurado\"]}','[]','2023-11-15 19:39:19.270000','2023-11-15 19:39:19.270000',NULL,NULL,'{}'),(700,'plugin::content-manager.explorer.delete','api::orden.orden','{}','[]','2023-11-21 18:28:36.083000','2023-11-21 18:28:36.083000',NULL,NULL,'{}'),(707,'plugin::content-manager.explorer.create','api::orden.orden','{\"fields\": [\"Ordenes.producto\", \"Ordenes.cantidad\", \"encargado\", \"proveedor\", \"resumen\", \"estado\"]}','[]','2023-11-21 18:35:36.582000','2023-11-21 18:35:36.582000',NULL,NULL,'{}'),(708,'plugin::content-manager.explorer.read','api::orden.orden','{\"fields\": [\"Ordenes.producto\", \"Ordenes.cantidad\", \"encargado\", \"proveedor\", \"resumen\", \"estado\"]}','[]','2023-11-21 18:35:36.613000','2023-11-21 18:35:36.613000',NULL,NULL,'{}'),(709,'plugin::content-manager.explorer.update','api::orden.orden','{\"fields\": [\"Ordenes.producto\", \"Ordenes.cantidad\", \"encargado\", \"proveedor\", \"resumen\", \"estado\"]}','[]','2023-11-21 18:35:36.638000','2023-11-21 18:35:36.638000',NULL,NULL,'{}'),(710,'plugin::documentation.read',NULL,'{}','[]','2023-11-25 18:03:13.075000','2023-11-25 18:03:13.075000',NULL,NULL,'{}'),(711,'plugin::documentation.settings.update',NULL,'{}','[]','2023-11-25 18:03:13.097000','2023-11-25 18:03:13.097000',NULL,NULL,'{}'),(712,'plugin::documentation.settings.regenerate',NULL,'{}','[]','2023-11-25 18:03:13.111000','2023-11-25 18:03:13.111000',NULL,NULL,'{}'),(713,'plugin::documentation.settings.read',NULL,'{}','[]','2023-11-25 18:03:13.129000','2023-11-25 18:03:13.129000',NULL,NULL,'{}');
/*!40000 ALTER TABLE `admin_permissions` ENABLE KEYS */;
UNLOCK TABLES;

--
-- Table structure for table `admin_permissions_role_links`
--

DROP TABLE IF EXISTS `admin_permissions_role_links`;
/*!40101 SET @saved_cs_client     = @@character_set_client */;
/*!50503 SET character_set_client = utf8mb4 */;
CREATE TABLE `admin_permissions_role_links` (
  `id` int unsigned NOT NULL AUTO_INCREMENT,
  `permission_id` int unsigned DEFAULT NULL,
  `role_id` int unsigned DEFAULT NULL,
  `permission_order` double unsigned DEFAULT NULL,
  PRIMARY KEY (`id`),
  UNIQUE KEY `admin_permissions_role_links_unique` (`permission_id`,`role_id`),
  KEY `admin_permissions_role_links_fk` (`permission_id`),
  KEY `admin_permissions_role_links_inv_fk` (`role_id`),
  KEY `admin_permissions_role_links_order_inv_fk` (`permission_order`),
  CONSTRAINT `admin_permissions_role_links_fk` FOREIGN KEY (`permission_id`) REFERENCES `admin_permissions` (`id`) ON DELETE CASCADE,
  CONSTRAINT `admin_permissions_role_links_inv_fk` FOREIGN KEY (`role_id`) REFERENCES `admin_roles` (`id`) ON DELETE CASCADE
) ENGINE=InnoDB AUTO_INCREMENT=717 DEFAULT CHARSET=utf8mb4 COLLATE=utf8mb4_0900_ai_ci;
/*!40101 SET character_set_client = @saved_cs_client */;

--
-- Dumping data for table `admin_permissions_role_links`
--

LOCK TABLES `admin_permissions_role_links` WRITE;
/*!40000 ALTER TABLE `admin_permissions_role_links` DISABLE KEYS */;
INSERT INTO `admin_permissions_role_links` VALUES (101,101,2,1),(102,102,2,2),(103,103,2,3),(104,104,2,4),(105,105,2,5),(106,106,2,6),(194,194,2,10),(195,195,2,11),(196,196,2,12),(197,197,2,13),(198,198,2,14),(199,199,2,15),(200,200,2,16),(201,201,2,17),(202,202,2,18),(203,203,2,19),(204,204,2,20),(205,205,2,21),(206,206,2,22),(264,264,2,23),(265,265,2,24),(266,266,2,25),(268,268,2,27),(269,269,2,28),(270,270,2,29),(272,272,2,31),(273,273,2,32),(274,274,2,33),(275,275,2,34),(276,276,2,35),(277,277,2,36),(278,278,2,37),(284,284,2,43),(285,285,2,44),(286,286,2,45),(288,288,2,47),(289,289,2,48),(290,290,2,49),(292,292,2,51),(293,293,2,52),(294,294,2,53),(296,296,2,55),(297,297,2,56),(298,298,2,57),(300,300,2,59),(301,301,2,60),(302,302,2,61),(304,304,2,63),(305,305,2,64),(306,306,2,65),(308,308,2,67),(309,309,2,68),(310,310,2,69),(312,312,2,71),(313,313,2,72),(314,314,2,73),(316,316,2,75),(317,317,2,76),(318,318,2,77),(320,320,2,79),(321,321,2,80),(322,322,2,81),(341,341,1,2),(342,342,1,3),(343,343,1,4),(347,347,1,8),(348,348,1,9),(349,349,1,10),(350,350,1,11),(351,351,1,12),(352,352,1,13),(353,353,1,14),(357,357,1,18),(358,358,1,19),(359,359,1,20),(363,363,1,24),(364,364,1,25),(365,365,1,26),(366,366,1,27),(367,367,1,28),(368,368,1,29),(369,369,1,30),(373,373,1,34),(374,374,1,35),(375,375,1,36),(379,379,1,40),(380,380,1,41),(381,381,1,42),(382,382,1,43),(383,383,1,44),(384,384,1,45),(385,385,1,46),(388,388,1,49),(389,389,1,50),(390,390,1,51),(391,391,1,52),(392,392,1,53),(393,393,1,54),(395,395,1,56),(396,396,1,57),(397,397,1,58),(398,398,1,59),(399,399,1,60),(400,400,1,61),(401,401,1,62),(402,402,1,63),(403,403,1,64),(406,406,1,67),(419,419,1,80),(420,420,1,81),(421,421,1,82),(422,422,1,83),(423,423,1,84),(424,424,1,85),(425,425,1,86),(426,426,1,87),(427,427,1,88),(428,428,1,89),(429,429,1,90),(430,430,1,91),(435,435,1,96),(436,436,1,97),(437,437,1,98),(438,438,1,99),(439,439,1,100),(440,440,1,101),(441,441,1,102),(442,442,1,103),(443,443,1,104),(444,444,1,105),(445,445,1,106),(446,446,1,107),(447,447,1,108),(448,448,1,109),(452,452,1,113),(453,453,1,114),(454,454,1,115),(455,455,1,116),(456,456,1,117),(457,457,1,118),(458,458,1,119),(459,459,1,120),(460,460,1,121),(461,461,1,122),(462,462,1,123),(463,463,1,124),(464,464,1,125),(465,465,1,126),(466,466,1,127),(467,467,1,128),(468,468,1,129),(469,469,1,130),(470,470,1,131),(471,471,1,132),(472,472,1,133),(473,473,1,134),(474,474,1,135),(475,475,1,136),(476,476,1,137),(477,477,1,138),(478,478,1,139),(479,479,1,140),(480,480,1,141),(481,481,1,142),(487,487,1,148),(488,488,1,149),(489,489,1,150),(490,490,4,1),(495,495,4,6),(496,496,4,7),(497,497,4,8),(507,507,5,10),(508,508,5,11),(509,509,5,12),(510,510,5,13),(515,515,5,18),(516,516,5,19),(517,517,5,20),(519,519,5,22),(520,520,5,23),(521,521,5,24),(533,533,4,15),(535,535,4,17),(561,561,4,25),(566,566,1,151),(567,567,1,152),(568,568,1,153),(569,569,1,154),(574,574,1,159),(575,575,1,160),(576,576,1,161),(577,577,1,162),(587,587,3,1),(588,588,3,2),(589,589,3,3),(590,590,3,4),(591,591,3,5),(592,592,3,6),(596,596,4,26),(597,597,4,27),(608,608,1,166),(609,609,1,167),(610,610,1,168),(651,651,1,169),(652,652,1,170),(653,653,1,171),(654,654,1,172),(655,655,1,173),(656,656,1,174),(657,657,1,175),(658,658,1,176),(659,659,1,177),(660,660,1,178),(664,664,5,25),(665,665,5,26),(666,666,5,27),(667,667,5,28),(668,668,5,29),(669,669,5,30),(670,670,1,182),(671,671,1,183),(693,693,1,184),(694,694,1,185),(695,695,1,186),(696,696,4,28),(700,700,1,190),(707,707,1,191),(708,708,1,192),(709,709,1,193),(710,710,1,194),(711,711,1,195),(712,712,1,196),(713,713,1,197);
/*!40000 ALTER TABLE `admin_permissions_role_links` ENABLE KEYS */;
UNLOCK TABLES;

--
-- Table structure for table `admin_roles`
--

DROP TABLE IF EXISTS `admin_roles`;
/*!40101 SET @saved_cs_client     = @@character_set_client */;
/*!50503 SET character_set_client = utf8mb4 */;
CREATE TABLE `admin_roles` (
  `id` int unsigned NOT NULL AUTO_INCREMENT,
  `name` varchar(255) DEFAULT NULL,
  `code` varchar(255) DEFAULT NULL,
  `description` varchar(255) DEFAULT NULL,
  `created_at` datetime(6) DEFAULT NULL,
  `updated_at` datetime(6) DEFAULT NULL,
  `created_by_id` int unsigned DEFAULT NULL,
  `updated_by_id` int unsigned DEFAULT NULL,
  PRIMARY KEY (`id`),
  KEY `admin_roles_created_by_id_fk` (`created_by_id`),
  KEY `admin_roles_updated_by_id_fk` (`updated_by_id`),
  CONSTRAINT `admin_roles_created_by_id_fk` FOREIGN KEY (`created_by_id`) REFERENCES `admin_users` (`id`) ON DELETE SET NULL,
  CONSTRAINT `admin_roles_updated_by_id_fk` FOREIGN KEY (`updated_by_id`) REFERENCES `admin_users` (`id`) ON DELETE SET NULL
) ENGINE=InnoDB AUTO_INCREMENT=7 DEFAULT CHARSET=utf8mb4 COLLATE=utf8mb4_0900_ai_ci;
/*!40101 SET character_set_client = @saved_cs_client */;

--
-- Dumping data for table `admin_roles`
--

LOCK TABLES `admin_roles` WRITE;
/*!40000 ALTER TABLE `admin_roles` DISABLE KEYS */;
INSERT INTO `admin_roles` VALUES (1,'Super Admin','strapi-super-admin','Super Admins can access and manage all features and settings.','2023-07-01 22:43:13.496000','2023-07-01 22:43:13.496000',NULL,NULL),(2,'Editor','strapi-editor','Editors can manage and publish contents including those of other users.','2023-07-01 22:43:13.511000','2023-07-30 12:26:38.763000',NULL,NULL),(3,'Author','strapi-author','Authors can manage the content they have created.','2023-07-01 22:43:13.520000','2023-10-20 21:37:04.296000',NULL,NULL),(4,'RRHH','rrhh-lnmhhr0w','Personal de la empresa encargado de manejar nicamente a los usuarios de la organizacin.','2023-10-11 19:11:17.264000','2023-11-15 19:39:19.141000',NULL,NULL),(5,'Responsable de Inventario','responsable-de-inventario-lns6h551','Responsable de Inventario','2023-10-15 18:49:30.182000','2023-12-10 16:19:58.101000',NULL,NULL);
/*!40000 ALTER TABLE `admin_roles` ENABLE KEYS */;
UNLOCK TABLES;

--
-- Table structure for table `admin_users`
--

DROP TABLE IF EXISTS `admin_users`;
/*!40101 SET @saved_cs_client     = @@character_set_client */;
/*!50503 SET character_set_client = utf8mb4 */;
CREATE TABLE `admin_users` (
  `id` int unsigned NOT NULL AUTO_INCREMENT,
  `firstname` varchar(255) DEFAULT NULL,
  `lastname` varchar(255) DEFAULT NULL,
  `username` varchar(255) DEFAULT NULL,
  `email` varchar(255) DEFAULT NULL,
  `password` varchar(255) DEFAULT NULL,
  `reset_password_token` varchar(255) DEFAULT NULL,
  `registration_token` varchar(255) DEFAULT NULL,
  `is_active` tinyint(1) DEFAULT NULL,
  `blocked` tinyint(1) DEFAULT NULL,
  `prefered_language` varchar(255) DEFAULT NULL,
  `created_at` datetime(6) DEFAULT NULL,
  `updated_at` datetime(6) DEFAULT NULL,
  `created_by_id` int unsigned DEFAULT NULL,
  `updated_by_id` int unsigned DEFAULT NULL,
  PRIMARY KEY (`id`),
  KEY `admin_users_created_by_id_fk` (`created_by_id`),
  KEY `admin_users_updated_by_id_fk` (`updated_by_id`),
  CONSTRAINT `admin_users_created_by_id_fk` FOREIGN KEY (`created_by_id`) REFERENCES `admin_users` (`id`) ON DELETE SET NULL,
  CONSTRAINT `admin_users_updated_by_id_fk` FOREIGN KEY (`updated_by_id`) REFERENCES `admin_users` (`id`) ON DELETE SET NULL
) ENGINE=InnoDB AUTO_INCREMENT=5 DEFAULT CHARSET=utf8mb4 COLLATE=utf8mb4_0900_ai_ci;
/*!40101 SET character_set_client = @saved_cs_client */;

--
-- Dumping data for table `admin_users`
--

LOCK TABLES `admin_users` WRITE;
/*!40000 ALTER TABLE `admin_users` DISABLE KEYS */;
INSERT INTO `admin_users` VALUES (1,'Alejandro','Daz','Alejandro','josued.ad13@gmail.com','$2a$10$UIps7NUnxGz9QqrDfr4U3eAxRoAvJqavFl6ixkni8pZ3kqcI9i4iO','ecfc576f7077fd62545f75821187d4e3df12f7e5',NULL,1,0,'en','2023-07-01 22:44:07.268000','2023-12-12 19:51:30.976000',NULL,NULL),(2,'sistema','','sis','sistemaoperativoindependiente@gmail.com','$2a$10$OQsSHC.gQyyO1Gt4dheH1uNhoSGbmdPQMjQjd9KyxKlDJKPnjVZI2','40b7ae46824d3192213c372d61f7ed47d503f79e',NULL,1,0,'en','2023-07-16 15:59:27.480000','2023-10-15 21:12:25.434000',NULL,NULL),(4,'inventario','josued.ad13@gmail.com',NULL,'inventario@gmail.com','$2a$10$PJ0IeBsUCBtg8gym5fW3Luxm/JtQm6byZHrh8SHZdLTIhvrE4Geo.',NULL,NULL,1,0,NULL,'2023-10-25 20:50:59.008000','2023-11-14 13:56:37.894000',NULL,NULL);
/*!40000 ALTER TABLE `admin_users` ENABLE KEYS */;
UNLOCK TABLES;

--
-- Table structure for table `admin_users_roles_links`
--

DROP TABLE IF EXISTS `admin_users_roles_links`;
/*!40101 SET @saved_cs_client     = @@character_set_client */;
/*!50503 SET character_set_client = utf8mb4 */;
CREATE TABLE `admin_users_roles_links` (
  `id` int unsigned NOT NULL AUTO_INCREMENT,
  `user_id` int unsigned DEFAULT NULL,
  `role_id` int unsigned DEFAULT NULL,
  `role_order` double unsigned DEFAULT NULL,
  `user_order` double unsigned DEFAULT NULL,
  PRIMARY KEY (`id`),
  UNIQUE KEY `admin_users_roles_links_unique` (`user_id`,`role_id`),
  KEY `admin_users_roles_links_fk` (`user_id`),
  KEY `admin_users_roles_links_inv_fk` (`role_id`),
  KEY `admin_users_roles_links_order_fk` (`role_order`),
  KEY `admin_users_roles_links_order_inv_fk` (`user_order`),
  CONSTRAINT `admin_users_roles_links_fk` FOREIGN KEY (`user_id`) REFERENCES `admin_users` (`id`) ON DELETE CASCADE,
  CONSTRAINT `admin_users_roles_links_inv_fk` FOREIGN KEY (`role_id`) REFERENCES `admin_roles` (`id`) ON DELETE CASCADE
) ENGINE=InnoDB AUTO_INCREMENT=10 DEFAULT CHARSET=utf8mb4 COLLATE=utf8mb4_0900_ai_ci;
/*!40101 SET character_set_client = @saved_cs_client */;

--
-- Dumping data for table `admin_users_roles_links`
--

LOCK TABLES `admin_users_roles_links` WRITE;
/*!40000 ALTER TABLE `admin_users_roles_links` DISABLE KEYS */;
INSERT INTO `admin_users_roles_links` VALUES (1,1,1,1,1),(7,2,4,1,1),(8,4,5,1,1);
/*!40000 ALTER TABLE `admin_users_roles_links` ENABLE KEYS */;
UNLOCK TABLES;

--
-- Table structure for table `categorias`
--

DROP TABLE IF EXISTS `categorias`;
/*!40101 SET @saved_cs_client     = @@character_set_client */;
/*!50503 SET character_set_client = utf8mb4 */;
CREATE TABLE `categorias` (
  `id` int unsigned NOT NULL AUTO_INCREMENT,
  `nombre` varchar(255) DEFAULT NULL,
  `descripcion` varchar(255) DEFAULT NULL,
  `created_at` datetime(6) DEFAULT NULL,
  `updated_at` datetime(6) DEFAULT NULL,
  `created_by_id` int unsigned DEFAULT NULL,
  `updated_by_id` int unsigned DEFAULT NULL,
  PRIMARY KEY (`id`),
  KEY `categorias_created_by_id_fk` (`created_by_id`),
  KEY `categorias_updated_by_id_fk` (`updated_by_id`),
  CONSTRAINT `categorias_created_by_id_fk` FOREIGN KEY (`created_by_id`) REFERENCES `admin_users` (`id`) ON DELETE SET NULL,
  CONSTRAINT `categorias_updated_by_id_fk` FOREIGN KEY (`updated_by_id`) REFERENCES `admin_users` (`id`) ON DELETE SET NULL
) ENGINE=InnoDB AUTO_INCREMENT=6 DEFAULT CHARSET=utf8mb4 COLLATE=utf8mb4_0900_ai_ci;
/*!40101 SET character_set_client = @saved_cs_client */;

--
-- Dumping data for table `categorias`
--

LOCK TABLES `categorias` WRITE;
/*!40000 ALTER TABLE `categorias` DISABLE KEYS */;
INSERT INTO `categorias` VALUES (1,'Computadoras y Tables','Categora que alberga todas las computadoras, tablets y productos relacionados','2023-07-30 12:35:30.625000','2023-10-21 19:38:22.313000',1,1),(2,'Gaming','Distintos tipos, colores y marcas','2023-08-06 17:56:06.366000','2023-10-21 19:01:02.289000',1,1),(3,'Televisores y Entretenimiento','Todo sobre televisores de todas las marcas y productos relacionados','2023-09-10 13:11:21.836000','2023-09-10 13:11:22.685000',1,1),(4,'Celulares y Accesorios','Distintas marcas de celulares y diferentes tipos de accesorios','2023-09-10 13:12:20.533000','2023-09-10 13:12:21.312000',1,1),(5,'Audios','Aparatos electrnicos que reproducen sonido','2023-09-10 13:13:03.245000','2023-10-08 17:32:02.764000',1,1);
/*!40000 ALTER TABLE `categorias` ENABLE KEYS */;
UNLOCK TABLES;

--
-- Table structure for table `categorias_producto_links`
--

DROP TABLE IF EXISTS `categorias_producto_links`;
/*!40101 SET @saved_cs_client     = @@character_set_client */;
/*!50503 SET character_set_client = utf8mb4 */;
CREATE TABLE `categorias_producto_links` (
  `id` int unsigned NOT NULL AUTO_INCREMENT,
  `categoria_id` int unsigned DEFAULT NULL,
  `producto_id` int unsigned DEFAULT NULL,
  PRIMARY KEY (`id`),
  UNIQUE KEY `categorias_producto_links_unique` (`categoria_id`,`producto_id`),
  KEY `categorias_producto_links_fk` (`categoria_id`),
  KEY `categorias_producto_links_inv_fk` (`producto_id`),
  CONSTRAINT `categorias_producto_links_fk` FOREIGN KEY (`categoria_id`) REFERENCES `categorias` (`id`) ON DELETE CASCADE,
  CONSTRAINT `categorias_producto_links_inv_fk` FOREIGN KEY (`producto_id`) REFERENCES `productos` (`id`) ON DELETE CASCADE
) ENGINE=InnoDB DEFAULT CHARSET=utf8mb4 COLLATE=utf8mb4_0900_ai_ci;
/*!40101 SET character_set_client = @saved_cs_client */;

--
-- Dumping data for table `categorias_producto_links`
--

LOCK TABLES `categorias_producto_links` WRITE;
/*!40000 ALTER TABLE `categorias_producto_links` DISABLE KEYS */;
/*!40000 ALTER TABLE `categorias_producto_links` ENABLE KEYS */;
UNLOCK TABLES;

--
-- Table structure for table `components_detalles_detalles`
--

DROP TABLE IF EXISTS `components_detalles_detalles`;
/*!40101 SET @saved_cs_client     = @@character_set_client */;
/*!50503 SET character_set_client = utf8mb4 */;
CREATE TABLE `components_detalles_detalles` (
  `id` int unsigned NOT NULL AUTO_INCREMENT,
  `cantidad` int DEFAULT NULL,
  `precio` decimal(10,2) DEFAULT NULL,
  `descuento` decimal(10,2) DEFAULT NULL,
  `isv` decimal(10,2) DEFAULT NULL,
  PRIMARY KEY (`id`)
) ENGINE=InnoDB AUTO_INCREMENT=83 DEFAULT CHARSET=utf8mb4 COLLATE=utf8mb4_0900_ai_ci;
/*!40101 SET character_set_client = @saved_cs_client */;

--
-- Dumping data for table `components_detalles_detalles`
--

LOCK TABLES `components_detalles_detalles` WRITE;
/*!40000 ALTER TABLE `components_detalles_detalles` DISABLE KEYS */;
INSERT INTO `components_detalles_detalles` VALUES (1,1,20.00,0.00,0.15),(2,1,10000.00,0.00,0.15),(3,2,10000.00,0.00,0.15),(4,2,10000.00,0.00,0.15),(5,2,10000.00,0.00,0.15),(6,2,10000.00,0.00,0.15),(7,1,2000.00,0.10,0.15),(8,2,10000.00,0.00,0.15),(9,1,23995.00,0.00,0.15),(10,2,10000.00,0.00,0.15),(11,2,10000.00,0.00,0.15),(12,2,10000.00,0.00,0.15),(13,2,10000.00,0.00,0.15),(14,2,10000.00,0.00,0.15),(15,1,23995.00,0.00,0.15),(16,1,23995.00,0.00,0.15),(17,1,23995.00,0.00,0.15),(18,1,23995.00,0.00,0.15),(19,1,23995.00,0.00,0.15),(20,1,23995.00,0.00,0.15),(21,1,23995.00,0.00,0.15),(22,1,23995.00,0.00,0.15),(23,1,23995.00,0.00,0.15),(24,1,23995.00,0.00,0.15),(25,1,2550.00,0.00,0.15),(26,2,2550.00,0.00,0.15),(27,1,2550.00,0.00,0.15),(28,1,2550.00,0.00,0.15),(29,2,2550.00,0.00,0.15),(30,2,2550.00,0.00,0.15),(31,2,2550.00,0.00,0.15),(32,1,2550.00,0.00,0.15),(33,1,2550.00,0.00,0.15),(34,1,16495.00,0.00,0.15),(37,2,2550.00,0.00,0.15),(38,1,2550.00,0.00,0.15),(39,1,2550.00,0.00,0.15),(40,1,2550.00,0.00,0.15),(41,1,2550.00,0.00,0.15),(42,1,23995.00,0.00,0.15),(43,2,23995.00,0.00,0.15),(44,1,23995.00,0.00,0.15),(45,2,23995.00,0.00,0.15),(46,1,23995.00,0.00,0.15),(47,1,23995.00,0.00,0.15),(48,1,23995.00,0.00,0.15),(49,1,23995.00,0.00,0.15),(50,1,23995.00,0.00,0.15),(51,1,23995.00,0.00,0.15),(52,1,23995.00,0.00,0.15),(53,1,2550.00,0.00,0.15),(54,2,16495.00,0.00,0.15),(55,1,23995.00,0.00,0.15),(56,2,23995.00,0.00,0.15),(57,1,16495.00,0.00,0.15),(58,2,23995.00,0.00,0.15),(59,1,23995.00,0.00,0.15),(60,1,2550.00,0.00,0.15),(61,3,16495.00,0.00,0.15),(62,10,23995.00,0.00,0.15),(63,1,23995.00,0.00,0.15),(64,1,23995.00,0.00,0.15),(65,1,23995.00,0.00,0.15),(66,1,23995.00,0.00,0.15),(67,1,2550.00,0.00,0.15),(68,10,2550.00,0.00,0.15),(69,5,23995.00,0.00,0.15),(70,1,23995.00,0.00,0.15),(71,1,23995.00,0.00,0.15),(72,2,2550.00,0.00,0.15),(73,1,2550.00,0.00,0.15),(74,1,2550.00,0.00,0.15),(81,2,10000.00,0.00,0.15),(82,1,23995.00,0.00,0.15);
/*!40000 ALTER TABLE `components_detalles_detalles` ENABLE KEYS */;
UNLOCK TABLES;

--
-- Table structure for table `components_detalles_detalles_producto_links`
--

DROP TABLE IF EXISTS `components_detalles_detalles_producto_links`;
/*!40101 SET @saved_cs_client     = @@character_set_client */;
/*!50503 SET character_set_client = utf8mb4 */;
CREATE TABLE `components_detalles_detalles_producto_links` (
  `id` int unsigned NOT NULL AUTO_INCREMENT,
  `detalles_id` int unsigned DEFAULT NULL,
  `producto_id` int unsigned DEFAULT NULL,
  PRIMARY KEY (`id`),
  UNIQUE KEY `components_detalles_detalles_producto_links_unique` (`detalles_id`,`producto_id`),
  KEY `components_detalles_detalles_producto_links_fk` (`detalles_id`),
  KEY `components_detalles_detalles_producto_links_inv_fk` (`producto_id`),
  CONSTRAINT `components_detalles_detalles_producto_links_fk` FOREIGN KEY (`detalles_id`) REFERENCES `components_detalles_detalles` (`id`) ON DELETE CASCADE,
  CONSTRAINT `components_detalles_detalles_producto_links_inv_fk` FOREIGN KEY (`producto_id`) REFERENCES `productos` (`id`) ON DELETE CASCADE
) ENGINE=InnoDB AUTO_INCREMENT=83 DEFAULT CHARSET=utf8mb4 COLLATE=utf8mb4_0900_ai_ci;
/*!40101 SET character_set_client = @saved_cs_client */;

--
-- Dumping data for table `components_detalles_detalles_producto_links`
--

LOCK TABLES `components_detalles_detalles_producto_links` WRITE;
/*!40000 ALTER TABLE `components_detalles_detalles_producto_links` DISABLE KEYS */;
INSERT INTO `components_detalles_detalles_producto_links` VALUES (1,1,2),(2,2,2),(3,3,2),(4,4,2),(5,5,2),(6,6,2),(7,7,3),(8,8,2),(9,9,3),(10,10,2),(11,11,2),(12,12,2),(13,13,2),(14,14,2),(15,15,11),(16,16,2),(17,17,2),(18,18,2),(19,19,2),(20,20,2),(21,21,2),(22,22,2),(23,23,2),(24,24,2),(25,25,4),(26,26,4),(27,27,4),(28,28,4),(29,29,4),(30,30,4),(31,31,4),(32,32,4),(33,33,4),(34,34,12),(37,37,4),(38,38,4),(39,39,4),(40,40,4),(41,41,4),(42,42,3),(43,43,3),(44,44,3),(45,45,3),(46,46,3),(47,47,3),(48,48,3),(49,49,3),(50,50,3),(51,51,3),(52,52,3),(53,53,4),(54,54,12),(55,55,3),(56,56,3),(57,57,12),(58,58,3),(59,59,3),(60,60,4),(61,61,12),(62,62,3),(63,63,3),(64,64,3),(65,65,3),(66,66,3),(67,67,4),(68,68,4),(69,69,3),(70,70,3),(71,71,3),(72,72,4),(73,73,4),(74,74,4),(81,81,2),(82,82,3);
/*!40000 ALTER TABLE `components_detalles_detalles_producto_links` ENABLE KEYS */;
UNLOCK TABLES;

--
-- Table structure for table `components_detalles_devoluciones`
--

DROP TABLE IF EXISTS `components_detalles_devoluciones`;
/*!40101 SET @saved_cs_client     = @@character_set_client */;
/*!50503 SET character_set_client = utf8mb4 */;
CREATE TABLE `components_detalles_devoluciones` (
  `id` int unsigned NOT NULL AUTO_INCREMENT,
  `cantidad` int DEFAULT NULL,
  `motivo` longtext,
  PRIMARY KEY (`id`)
) ENGINE=InnoDB AUTO_INCREMENT=31 DEFAULT CHARSET=utf8mb4 COLLATE=utf8mb4_0900_ai_ci;
/*!40101 SET character_set_client = @saved_cs_client */;

--
-- Dumping data for table `components_detalles_devoluciones`
--

LOCK TABLES `components_detalles_devoluciones` WRITE;
/*!40000 ALTER TABLE `components_detalles_devoluciones` DISABLE KEYS */;
INSERT INTO `components_detalles_devoluciones` VALUES (1,1,NULL),(2,1,'La batera se descarga despus de una hora de uso.'),(3,1,'Faltan piezas'),(4,1,'Faltan piezas'),(6,1,'Este es un motivo de devolucin.'),(9,1,'desrtr'),(10,1,'Defecto de fbrica'),(15,1,'dev'),(16,1,'detalladamente'),(22,1,'devolucion 14/11/23'),(23,1,'devolucion 11/14/2023'),(24,1,'devolucion nueva'),(25,1,'Esta es una descripcion de la dev'),(26,1,'Este es un motivo valido de devolucion'),(27,1,'Este producto estaba roto.'),(28,1,'Devolucion'),(29,1,'Devolucion'),(30,1,'Batera de laptop mala');
/*!40000 ALTER TABLE `components_detalles_devoluciones` ENABLE KEYS */;
UNLOCK TABLES;

--
-- Table structure for table `components_detalles_devoluciones_producto_links`
--

DROP TABLE IF EXISTS `components_detalles_devoluciones_producto_links`;
/*!40101 SET @saved_cs_client     = @@character_set_client */;
/*!50503 SET character_set_client = utf8mb4 */;
CREATE TABLE `components_detalles_devoluciones_producto_links` (
  `id` int unsigned NOT NULL AUTO_INCREMENT,
  `devoluciones_id` int unsigned DEFAULT NULL,
  `producto_id` int unsigned DEFAULT NULL,
  PRIMARY KEY (`id`),
  UNIQUE KEY `components_detalles_devoluciones_producto_links_unique` (`devoluciones_id`,`producto_id`),
  KEY `components_detalles_devoluciones_producto_links_fk` (`devoluciones_id`),
  KEY `components_detalles_devoluciones_producto_links_inv_fk` (`producto_id`),
  CONSTRAINT `components_detalles_devoluciones_producto_links_fk` FOREIGN KEY (`devoluciones_id`) REFERENCES `components_detalles_devoluciones` (`id`) ON DELETE CASCADE,
  CONSTRAINT `components_detalles_devoluciones_producto_links_inv_fk` FOREIGN KEY (`producto_id`) REFERENCES `productos` (`id`) ON DELETE CASCADE
) ENGINE=InnoDB AUTO_INCREMENT=31 DEFAULT CHARSET=utf8mb4 COLLATE=utf8mb4_0900_ai_ci;
/*!40101 SET character_set_client = @saved_cs_client */;

--
-- Dumping data for table `components_detalles_devoluciones_producto_links`
--

LOCK TABLES `components_detalles_devoluciones_producto_links` WRITE;
/*!40000 ALTER TABLE `components_detalles_devoluciones_producto_links` DISABLE KEYS */;
INSERT INTO `components_detalles_devoluciones_producto_links` VALUES (1,1,2),(2,2,2),(3,3,2),(4,4,2),(6,6,3),(9,9,2),(10,10,4),(15,15,2),(16,16,4),(22,22,4),(23,23,4),(24,24,12),(25,25,3),(26,26,2),(27,27,3),(28,28,12),(29,29,4),(30,30,3);
/*!40000 ALTER TABLE `components_detalles_devoluciones_producto_links` ENABLE KEYS */;
UNLOCK TABLES;

--
-- Table structure for table `components_detalles_ordenes`
--

DROP TABLE IF EXISTS `components_detalles_ordenes`;
/*!40101 SET @saved_cs_client     = @@character_set_client */;
/*!50503 SET character_set_client = utf8mb4 */;
CREATE TABLE `components_detalles_ordenes` (
  `id` int unsigned NOT NULL AUTO_INCREMENT,
  `cantidad` int DEFAULT NULL,
  PRIMARY KEY (`id`)
) ENGINE=InnoDB AUTO_INCREMENT=29 DEFAULT CHARSET=utf8mb4 COLLATE=utf8mb4_0900_ai_ci;
/*!40101 SET character_set_client = @saved_cs_client */;

--
-- Dumping data for table `components_detalles_ordenes`
--

LOCK TABLES `components_detalles_ordenes` WRITE;
/*!40000 ALTER TABLE `components_detalles_ordenes` DISABLE KEYS */;
INSERT INTO `components_detalles_ordenes` VALUES (19,1),(20,1),(21,20),(22,3),(23,10),(24,10),(25,10),(26,10),(27,2),(28,3);
/*!40000 ALTER TABLE `components_detalles_ordenes` ENABLE KEYS */;
UNLOCK TABLES;

--
-- Table structure for table `components_detalles_ordenes_producto_links`
--

DROP TABLE IF EXISTS `components_detalles_ordenes_producto_links`;
/*!40101 SET @saved_cs_client     = @@character_set_client */;
/*!50503 SET character_set_client = utf8mb4 */;
CREATE TABLE `components_detalles_ordenes_producto_links` (
  `id` int unsigned NOT NULL AUTO_INCREMENT,
  `ordenes_id` int unsigned DEFAULT NULL,
  `producto_id` int unsigned DEFAULT NULL,
  PRIMARY KEY (`id`),
  UNIQUE KEY `components_detalles_ordenes_producto_links_unique` (`ordenes_id`,`producto_id`),
  KEY `components_detalles_ordenes_producto_links_fk` (`ordenes_id`),
  KEY `components_detalles_ordenes_producto_links_inv_fk` (`producto_id`),
  CONSTRAINT `components_detalles_ordenes_producto_links_fk` FOREIGN KEY (`ordenes_id`) REFERENCES `components_detalles_ordenes` (`id`) ON DELETE CASCADE,
  CONSTRAINT `components_detalles_ordenes_producto_links_inv_fk` FOREIGN KEY (`producto_id`) REFERENCES `productos` (`id`) ON DELETE CASCADE
) ENGINE=InnoDB AUTO_INCREMENT=28 DEFAULT CHARSET=utf8mb4 COLLATE=utf8mb4_0900_ai_ci;
/*!40101 SET character_set_client = @saved_cs_client */;

--
-- Dumping data for table `components_detalles_ordenes_producto_links`
--

LOCK TABLES `components_detalles_ordenes_producto_links` WRITE;
/*!40000 ALTER TABLE `components_detalles_ordenes_producto_links` DISABLE KEYS */;
INSERT INTO `components_detalles_ordenes_producto_links` VALUES (18,19,12),(19,20,4),(20,21,4),(21,22,12),(22,23,3),(23,24,11),(24,25,11),(25,26,11),(26,27,12),(27,28,4);
/*!40000 ALTER TABLE `components_detalles_ordenes_producto_links` ENABLE KEYS */;
UNLOCK TABLES;

--
-- Table structure for table `compras`
--

DROP TABLE IF EXISTS `compras`;
/*!40101 SET @saved_cs_client     = @@character_set_client */;
/*!50503 SET character_set_client = utf8mb4 */;
CREATE TABLE `compras` (
  `id` int unsigned NOT NULL AUTO_INCREMENT,
  `no_factura` int DEFAULT NULL,
  `metodo_pago` varchar(255) DEFAULT NULL,
  `created_at` datetime(6) DEFAULT NULL,
  `updated_at` datetime(6) DEFAULT NULL,
  `created_by_id` int unsigned DEFAULT NULL,
  `updated_by_id` int unsigned DEFAULT NULL,
  PRIMARY KEY (`id`),
  KEY `compras_created_by_id_fk` (`created_by_id`),
  KEY `compras_updated_by_id_fk` (`updated_by_id`),
  CONSTRAINT `compras_created_by_id_fk` FOREIGN KEY (`created_by_id`) REFERENCES `admin_users` (`id`) ON DELETE SET NULL,
  CONSTRAINT `compras_updated_by_id_fk` FOREIGN KEY (`updated_by_id`) REFERENCES `admin_users` (`id`) ON DELETE SET NULL
) ENGINE=InnoDB AUTO_INCREMENT=2 DEFAULT CHARSET=utf8mb4 COLLATE=utf8mb4_0900_ai_ci;
/*!40101 SET character_set_client = @saved_cs_client */;

--
-- Dumping data for table `compras`
--

LOCK TABLES `compras` WRITE;
/*!40000 ALTER TABLE `compras` DISABLE KEYS */;
INSERT INTO `compras` VALUES (1,1,'Transferencia Bancaria','2023-08-05 22:24:41.274000','2023-08-05 22:27:07.391000',1,1);
/*!40000 ALTER TABLE `compras` ENABLE KEYS */;
UNLOCK TABLES;

--
-- Table structure for table `compras_components`
--

DROP TABLE IF EXISTS `compras_components`;
/*!40101 SET @saved_cs_client     = @@character_set_client */;
/*!50503 SET character_set_client = utf8mb4 */;
CREATE TABLE `compras_components` (
  `id` int unsigned NOT NULL AUTO_INCREMENT,
  `entity_id` int unsigned DEFAULT NULL,
  `component_id` int unsigned DEFAULT NULL,
  `component_type` varchar(255) DEFAULT NULL,
  `field` varchar(255) DEFAULT NULL,
  `order` double unsigned DEFAULT NULL,
  PRIMARY KEY (`id`),
  UNIQUE KEY `compras_unique` (`entity_id`,`component_id`,`field`,`component_type`),
  KEY `compras_field_index` (`field`),
  KEY `compras_component_type_index` (`component_type`),
  KEY `compras_entity_fk` (`entity_id`),
  CONSTRAINT `compras_entity_fk` FOREIGN KEY (`entity_id`) REFERENCES `compras` (`id`) ON DELETE CASCADE
) ENGINE=InnoDB AUTO_INCREMENT=3 DEFAULT CHARSET=utf8mb4 COLLATE=utf8mb4_0900_ai_ci;
/*!40101 SET character_set_client = @saved_cs_client */;

--
-- Dumping data for table `compras_components`
--

LOCK TABLES `compras_components` WRITE;
/*!40000 ALTER TABLE `compras_components` DISABLE KEYS */;
INSERT INTO `compras_components` VALUES (1,1,1,'detalles.detalles','detalleCompras',1);
/*!40000 ALTER TABLE `compras_components` ENABLE KEYS */;
UNLOCK TABLES;

--
-- Table structure for table `compras_proveedor_links`
--

DROP TABLE IF EXISTS `compras_proveedor_links`;
/*!40101 SET @saved_cs_client     = @@character_set_client */;
/*!50503 SET character_set_client = utf8mb4 */;
CREATE TABLE `compras_proveedor_links` (
  `id` int unsigned NOT NULL AUTO_INCREMENT,
  `compra_id` int unsigned DEFAULT NULL,
  `proveedor_id` int unsigned DEFAULT NULL,
  PRIMARY KEY (`id`),
  UNIQUE KEY `compras_proveedor_links_unique` (`compra_id`,`proveedor_id`),
  KEY `compras_proveedor_links_fk` (`compra_id`),
  KEY `compras_proveedor_links_inv_fk` (`proveedor_id`),
  CONSTRAINT `compras_proveedor_links_fk` FOREIGN KEY (`compra_id`) REFERENCES `compras` (`id`) ON DELETE CASCADE,
  CONSTRAINT `compras_proveedor_links_inv_fk` FOREIGN KEY (`proveedor_id`) REFERENCES `proveedors` (`id`) ON DELETE CASCADE
) ENGINE=InnoDB AUTO_INCREMENT=2 DEFAULT CHARSET=utf8mb4 COLLATE=utf8mb4_0900_ai_ci;
/*!40101 SET character_set_client = @saved_cs_client */;

--
-- Dumping data for table `compras_proveedor_links`
--

LOCK TABLES `compras_proveedor_links` WRITE;
/*!40000 ALTER TABLE `compras_proveedor_links` DISABLE KEYS */;
INSERT INTO `compras_proveedor_links` VALUES (1,1,1);
/*!40000 ALTER TABLE `compras_proveedor_links` ENABLE KEYS */;
UNLOCK TABLES;

--
-- Table structure for table `correlativos`
--

DROP TABLE IF EXISTS `correlativos`;
/*!40101 SET @saved_cs_client     = @@character_set_client */;
/*!50503 SET character_set_client = utf8mb4 */;
CREATE TABLE `correlativos` (
  `id` int unsigned NOT NULL AUTO_INCREMENT,
  `no_factura` int DEFAULT NULL,
  `created_at` datetime(6) DEFAULT NULL,
  `updated_at` datetime(6) DEFAULT NULL,
  `created_by_id` int unsigned DEFAULT NULL,
  `updated_by_id` int unsigned DEFAULT NULL,
  PRIMARY KEY (`id`),
  KEY `correlativos_created_by_id_fk` (`created_by_id`),
  KEY `correlativos_updated_by_id_fk` (`updated_by_id`),
  CONSTRAINT `correlativos_created_by_id_fk` FOREIGN KEY (`created_by_id`) REFERENCES `admin_users` (`id`) ON DELETE SET NULL,
  CONSTRAINT `correlativos_updated_by_id_fk` FOREIGN KEY (`updated_by_id`) REFERENCES `admin_users` (`id`) ON DELETE SET NULL
) ENGINE=InnoDB AUTO_INCREMENT=2 DEFAULT CHARSET=utf8mb4 COLLATE=utf8mb4_0900_ai_ci;
/*!40101 SET character_set_client = @saved_cs_client */;

--
-- Dumping data for table `correlativos`
--

LOCK TABLES `correlativos` WRITE;
/*!40000 ALTER TABLE `correlativos` DISABLE KEYS */;
INSERT INTO `correlativos` VALUES (1,77,'2023-10-24 20:16:58.458000','2023-12-15 18:48:22.849000',1,1);
/*!40000 ALTER TABLE `correlativos` ENABLE KEYS */;
UNLOCK TABLES;

--
-- Table structure for table `cupons`
--

DROP TABLE IF EXISTS `cupons`;
/*!40101 SET @saved_cs_client     = @@character_set_client */;
/*!50503 SET character_set_client = utf8mb4 */;
CREATE TABLE `cupons` (
  `id` int unsigned NOT NULL AUTO_INCREMENT,
  `codigo` varchar(255) DEFAULT NULL,
  `descripcion` varchar(255) DEFAULT NULL,
  `descuento` int DEFAULT NULL,
  `created_at` datetime(6) DEFAULT NULL,
  `updated_at` datetime(6) DEFAULT NULL,
  `published_at` datetime(6) DEFAULT NULL,
  `created_by_id` int unsigned DEFAULT NULL,
  `updated_by_id` int unsigned DEFAULT NULL,
  `fecha_limite` date DEFAULT NULL,
  PRIMARY KEY (`id`),
  UNIQUE KEY `cupons_codigo_unique` (`codigo`),
  KEY `cupons_created_by_id_fk` (`created_by_id`),
  KEY `cupons_updated_by_id_fk` (`updated_by_id`),
  CONSTRAINT `cupons_created_by_id_fk` FOREIGN KEY (`created_by_id`) REFERENCES `admin_users` (`id`) ON DELETE SET NULL,
  CONSTRAINT `cupons_updated_by_id_fk` FOREIGN KEY (`updated_by_id`) REFERENCES `admin_users` (`id`) ON DELETE SET NULL
) ENGINE=InnoDB AUTO_INCREMENT=3 DEFAULT CHARSET=utf8mb4 COLLATE=utf8mb4_0900_ai_ci;
/*!40101 SET character_set_client = @saved_cs_client */;

--
-- Dumping data for table `cupons`
--

LOCK TABLES `cupons` WRITE;
/*!40000 ALTER TABLE `cupons` DISABLE KEYS */;
INSERT INTO `cupons` VALUES (1,'123445','Descuento de computadora',100,'2023-08-06 17:36:43.876000','2023-08-06 17:53:15.026000','2023-08-06 17:36:44.923000',1,1,'2024-08-06'),(2,'123444','Descuento de computadora',1000,'2023-08-06 17:37:26.675000','2023-08-06 17:53:31.083000','2023-08-06 17:37:28.645000',1,1,'2023-12-01');
/*!40000 ALTER TABLE `cupons` ENABLE KEYS */;
UNLOCK TABLES;

--
-- Table structure for table `cupons_producto_links`
--

DROP TABLE IF EXISTS `cupons_producto_links`;
/*!40101 SET @saved_cs_client     = @@character_set_client */;
/*!50503 SET character_set_client = utf8mb4 */;
CREATE TABLE `cupons_producto_links` (
  `id` int unsigned NOT NULL AUTO_INCREMENT,
  `cupon_id` int unsigned DEFAULT NULL,
  `producto_id` int unsigned DEFAULT NULL,
  PRIMARY KEY (`id`),
  UNIQUE KEY `cupons_producto_links_unique` (`cupon_id`,`producto_id`),
  KEY `cupons_producto_links_fk` (`cupon_id`),
  KEY `cupons_producto_links_inv_fk` (`producto_id`),
  CONSTRAINT `cupons_producto_links_fk` FOREIGN KEY (`cupon_id`) REFERENCES `cupons` (`id`) ON DELETE CASCADE,
  CONSTRAINT `cupons_producto_links_inv_fk` FOREIGN KEY (`producto_id`) REFERENCES `productos` (`id`) ON DELETE CASCADE
) ENGINE=InnoDB AUTO_INCREMENT=3 DEFAULT CHARSET=utf8mb4 COLLATE=utf8mb4_0900_ai_ci;
/*!40101 SET character_set_client = @saved_cs_client */;

--
-- Dumping data for table `cupons_producto_links`
--

LOCK TABLES `cupons_producto_links` WRITE;
/*!40000 ALTER TABLE `cupons_producto_links` DISABLE KEYS */;
INSERT INTO `cupons_producto_links` VALUES (1,1,2),(2,2,2);
/*!40000 ALTER TABLE `cupons_producto_links` ENABLE KEYS */;
UNLOCK TABLES;

--
-- Table structure for table `danados`
--

DROP TABLE IF EXISTS `danados`;
/*!40101 SET @saved_cs_client     = @@character_set_client */;
/*!50503 SET character_set_client = utf8mb4 */;
CREATE TABLE `danados` (
  `id` int unsigned NOT NULL AUTO_INCREMENT,
  `estado` varchar(255) DEFAULT NULL,
  `motivo` varchar(255) DEFAULT NULL,
  `cantidad` int DEFAULT NULL,
  `created_at` datetime(6) DEFAULT NULL,
  `updated_at` datetime(6) DEFAULT NULL,
  `created_by_id` int unsigned DEFAULT NULL,
  `updated_by_id` int unsigned DEFAULT NULL,
  PRIMARY KEY (`id`),
  KEY `danados_created_by_id_fk` (`created_by_id`),
  KEY `danados_updated_by_id_fk` (`updated_by_id`),
  CONSTRAINT `danados_created_by_id_fk` FOREIGN KEY (`created_by_id`) REFERENCES `admin_users` (`id`) ON DELETE SET NULL,
  CONSTRAINT `danados_updated_by_id_fk` FOREIGN KEY (`updated_by_id`) REFERENCES `admin_users` (`id`) ON DELETE SET NULL
) ENGINE=InnoDB AUTO_INCREMENT=26 DEFAULT CHARSET=utf8mb4 COLLATE=utf8mb4_0900_ai_ci;
/*!40101 SET character_set_client = @saved_cs_client */;

--
-- Dumping data for table `danados`
--

LOCK TABLES `danados` WRITE;
/*!40000 ALTER TABLE `danados` DISABLE KEYS */;
INSERT INTO `danados` VALUES (1,'Daado','dfrdew2',1,'2023-10-20 19:56:27.551000','2023-10-20 19:56:27.551000',1,1),(2,'Daado','23efv',1,'2023-10-20 19:59:12.630000','2023-10-20 19:59:12.630000',1,1),(3,'Daado','3we4fvds',1,'2023-10-20 21:40:11.164000','2023-10-20 21:40:11.164000',1,1),(4,'Daado','dsasq',1,'2023-10-20 21:41:20.135000','2023-10-20 21:41:20.135000',1,1),(5,'Daado','werftgre',2,'2023-10-20 21:42:19.928000','2023-10-20 21:42:19.928000',1,1),(6,'Daado','23erfd',1,'2023-10-20 21:43:06.496000','2023-10-20 21:43:06.496000',1,1),(7,'Daado','Se ha cado',3,'2023-10-20 21:45:13.853000','2023-10-20 22:39:24.938000',1,1),(8,'Daado','km',1,'2023-10-20 21:50:04.799000','2023-10-20 21:50:04.799000',1,1),(9,'Daado','2edf',1,'2023-10-20 21:50:48.466000','2023-10-20 21:50:48.466000',1,1),(10,'Daado','23',1,'2023-10-20 21:53:04.228000','2023-10-20 21:53:04.228000',1,1),(11,'Daado','23e',1,'2023-10-20 21:54:41.835000','2023-10-20 21:54:41.835000',1,1),(12,'Daado','kl;',1,'2023-10-20 21:55:55.960000','2023-10-20 21:55:55.960000',1,1),(13,'Daado','23wed',2,'2023-10-20 21:57:32.536000','2023-10-20 21:57:32.536000',1,1),(14,'Daado','jdhfsdkasl',1,'2023-10-20 22:03:10.420000','2023-10-20 22:03:10.420000',1,1),(15,'Daado','213r',2,'2023-10-20 22:06:13.104000','2023-10-20 22:06:13.104000',1,1),(16,'Daado','dec',1,'2023-10-20 22:07:42.739000','2023-10-20 22:07:42.739000',1,1),(17,'Daado','2wdc',1,'2023-10-20 22:08:34.674000','2023-10-20 22:08:34.674000',1,1),(18,'Daado','wsd',1,'2023-10-20 22:10:26.582000','2023-10-20 22:10:26.582000',1,1),(19,'Daado','cd',1,'2023-10-20 22:12:51.664000','2023-10-20 22:12:51.664000',1,1),(20,'Daado','misadj',1,'2023-10-20 22:14:34.729000','2023-10-20 22:14:34.729000',1,1),(21,'Daado','dc',1,'2023-10-20 22:15:27.111000','2023-10-20 22:15:27.111000',1,1),(22,'Daado','decf',1,'2023-10-20 22:16:25.998000','2023-10-20 22:16:25.998000',1,1),(23,'Robado','edwrf',3,'2023-10-20 22:27:35.360000','2023-10-20 22:27:35.360000',1,1),(24,'Daado','Le cay agua encima',1,'2023-10-20 22:30:54.385000','2023-10-20 22:30:54.385000',1,1),(25,'Daado','Le cay agua encima',2,'2023-10-20 22:31:49.323000','2023-10-20 22:31:49.323000',1,1);
/*!40000 ALTER TABLE `danados` ENABLE KEYS */;
UNLOCK TABLES;

--
-- Table structure for table `danados_producto_links`
--

DROP TABLE IF EXISTS `danados_producto_links`;
/*!40101 SET @saved_cs_client     = @@character_set_client */;
/*!50503 SET character_set_client = utf8mb4 */;
CREATE TABLE `danados_producto_links` (
  `id` int unsigned NOT NULL AUTO_INCREMENT,
  `danado_id` int unsigned DEFAULT NULL,
  `producto_id` int unsigned DEFAULT NULL,
  PRIMARY KEY (`id`),
  UNIQUE KEY `danados_producto_links_unique` (`danado_id`,`producto_id`),
  KEY `danados_producto_links_fk` (`danado_id`),
  KEY `danados_producto_links_inv_fk` (`producto_id`),
  CONSTRAINT `danados_producto_links_fk` FOREIGN KEY (`danado_id`) REFERENCES `danados` (`id`) ON DELETE CASCADE,
  CONSTRAINT `danados_producto_links_inv_fk` FOREIGN KEY (`producto_id`) REFERENCES `productos` (`id`) ON DELETE CASCADE
) ENGINE=InnoDB AUTO_INCREMENT=26 DEFAULT CHARSET=utf8mb4 COLLATE=utf8mb4_0900_ai_ci;
/*!40101 SET character_set_client = @saved_cs_client */;

--
-- Dumping data for table `danados_producto_links`
--

LOCK TABLES `danados_producto_links` WRITE;
/*!40000 ALTER TABLE `danados_producto_links` DISABLE KEYS */;
INSERT INTO `danados_producto_links` VALUES (1,1,2),(2,2,2),(3,3,2),(4,4,2),(5,5,2),(6,6,2),(7,7,11),(8,8,4),(9,9,2),(10,10,3),(11,11,2),(12,12,11),(13,13,11),(14,14,2),(15,15,2),(16,16,11),(17,17,2),(18,18,2),(19,19,11),(20,20,2),(21,21,2),(22,22,2),(23,23,2),(24,24,4),(25,25,4);
/*!40000 ALTER TABLE `danados_producto_links` ENABLE KEYS */;
UNLOCK TABLES;

--
-- Table structure for table `devolucions`
--

DROP TABLE IF EXISTS `devolucions`;
/*!40101 SET @saved_cs_client     = @@character_set_client */;
/*!50503 SET character_set_client = utf8mb4 */;
CREATE TABLE `devolucions` (
  `id` int unsigned NOT NULL AUTO_INCREMENT,
  `estado` varchar(255) DEFAULT NULL,
  `created_at` datetime(6) DEFAULT NULL,
  `updated_at` datetime(6) DEFAULT NULL,
  `created_by_id` int unsigned DEFAULT NULL,
  `updated_by_id` int unsigned DEFAULT NULL,
  PRIMARY KEY (`id`),
  KEY `devolucions_created_by_id_fk` (`created_by_id`),
  KEY `devolucions_updated_by_id_fk` (`updated_by_id`),
  CONSTRAINT `devolucions_created_by_id_fk` FOREIGN KEY (`created_by_id`) REFERENCES `admin_users` (`id`) ON DELETE SET NULL,
  CONSTRAINT `devolucions_updated_by_id_fk` FOREIGN KEY (`updated_by_id`) REFERENCES `admin_users` (`id`) ON DELETE SET NULL
) ENGINE=InnoDB AUTO_INCREMENT=18 DEFAULT CHARSET=utf8mb4 COLLATE=utf8mb4_0900_ai_ci;
/*!40101 SET character_set_client = @saved_cs_client */;

--
-- Dumping data for table `devolucions`
--

LOCK TABLES `devolucions` WRITE;
/*!40000 ALTER TABLE `devolucions` DISABLE KEYS */;
INSERT INTO `devolucions` VALUES (1,'Entregada','2023-11-01 15:30:27.500000','2023-11-01 22:43:16.819000',1,1),(2,'Entregada','2023-11-02 21:24:24.367000','2023-11-02 21:25:37.646000',NULL,1),(3,'Entregada','2023-11-02 21:25:27.860000','2023-11-02 21:25:27.860000',NULL,NULL),(4,'Entregada','2023-11-02 23:07:34.219000','2023-11-02 23:07:34.219000',NULL,NULL),(5,'Entregada','2023-11-03 20:38:16.217000','2023-11-03 20:38:16.217000',NULL,NULL),(6,'Entregada','2023-11-04 11:02:43.394000','2023-11-04 11:02:43.394000',NULL,NULL),(7,'Entregada','2023-11-04 11:16:47.522000','2023-11-04 11:16:47.522000',NULL,NULL),(8,'Entregada','2023-11-04 11:17:25.226000','2023-11-04 11:17:25.226000',NULL,NULL),(9,'Entregada','2023-11-14 16:17:15.173000','2023-11-14 16:17:15.173000',NULL,NULL),(10,'Entregada','2023-11-14 16:19:07.678000','2023-11-14 16:19:07.678000',NULL,NULL),(11,'Entregada','2023-11-14 16:20:31.198000','2023-11-14 16:20:31.198000',NULL,NULL),(12,'Entregada','2023-11-14 16:30:14.494000','2023-11-14 16:30:14.494000',NULL,NULL),(13,'Entregada','2023-11-14 19:55:33.857000','2023-11-14 19:55:33.857000',NULL,NULL),(14,'Entregada','2023-11-25 21:13:52.255000','2023-11-25 21:13:52.255000',NULL,NULL),(15,'Entregada','2023-11-25 21:18:11.641000','2023-11-25 21:18:11.641000',NULL,NULL),(16,'Entregada','2023-11-25 21:19:59.598000','2023-11-25 21:19:59.598000',NULL,NULL),(17,'Entregada','2023-12-15 18:53:41.881000','2023-12-15 18:53:41.881000',NULL,NULL);
/*!40000 ALTER TABLE `devolucions` ENABLE KEYS */;
UNLOCK TABLES;

--
-- Table structure for table `devolucions_components`
--

DROP TABLE IF EXISTS `devolucions_components`;
/*!40101 SET @saved_cs_client     = @@character_set_client */;
/*!50503 SET character_set_client = utf8mb4 */;
CREATE TABLE `devolucions_components` (
  `id` int unsigned NOT NULL AUTO_INCREMENT,
  `entity_id` int unsigned DEFAULT NULL,
  `component_id` int unsigned DEFAULT NULL,
  `component_type` varchar(255) DEFAULT NULL,
  `field` varchar(255) DEFAULT NULL,
  `order` double unsigned DEFAULT NULL,
  PRIMARY KEY (`id`),
  UNIQUE KEY `devolucions_unique` (`entity_id`,`component_id`,`field`,`component_type`),
  KEY `devolucions_field_index` (`field`),
  KEY `devolucions_component_type_index` (`component_type`),
  KEY `devolucions_entity_fk` (`entity_id`),
  CONSTRAINT `devolucions_entity_fk` FOREIGN KEY (`entity_id`) REFERENCES `devolucions` (`id`) ON DELETE CASCADE
) ENGINE=InnoDB AUTO_INCREMENT=19 DEFAULT CHARSET=utf8mb4 COLLATE=utf8mb4_0900_ai_ci;
/*!40101 SET character_set_client = @saved_cs_client */;

--
-- Dumping data for table `devolucions_components`
--

LOCK TABLES `devolucions_components` WRITE;
/*!40000 ALTER TABLE `devolucions_components` DISABLE KEYS */;
INSERT INTO `devolucions_components` VALUES (1,1,2,'detalles.devoluciones','detalleDevoluciones',1),(2,2,3,'detalles.devoluciones','detalleDevoluciones',1),(3,3,4,'detalles.devoluciones','detalleDevoluciones',1),(5,4,6,'detalles.devoluciones','detalleDevoluciones',1),(6,5,9,'detalles.devoluciones','detalleDevoluciones',1),(7,6,10,'detalles.devoluciones','detalleDevoluciones',1),(8,7,15,'detalles.devoluciones','detalleDevoluciones',1),(9,8,16,'detalles.devoluciones','detalleDevoluciones',1),(10,9,22,'detalles.devoluciones','detalleDevoluciones',1),(11,10,23,'detalles.devoluciones','detalleDevoluciones',1),(12,11,24,'detalles.devoluciones','detalleDevoluciones',1),(13,12,25,'detalles.devoluciones','detalleDevoluciones',1),(14,13,26,'detalles.devoluciones','detalleDevoluciones',1),(15,14,27,'detalles.devoluciones','detalleDevoluciones',1),(16,15,28,'detalles.devoluciones','detalleDevoluciones',1),(17,16,29,'detalles.devoluciones','detalleDevoluciones',1),(18,17,30,'detalles.devoluciones','detalleDevoluciones',1);
/*!40000 ALTER TABLE `devolucions_components` ENABLE KEYS */;
UNLOCK TABLES;

--
-- Table structure for table `devolucions_no_factura_links`
--

DROP TABLE IF EXISTS `devolucions_no_factura_links`;
/*!40101 SET @saved_cs_client     = @@character_set_client */;
/*!50503 SET character_set_client = utf8mb4 */;
CREATE TABLE `devolucions_no_factura_links` (
  `id` int unsigned NOT NULL AUTO_INCREMENT,
  `devolucion_id` int unsigned DEFAULT NULL,
  `venta_id` int unsigned DEFAULT NULL,
  PRIMARY KEY (`id`),
  UNIQUE KEY `devolucions_no_factura_links_unique` (`devolucion_id`,`venta_id`),
  KEY `devolucions_no_factura_links_fk` (`devolucion_id`),
  KEY `devolucions_no_factura_links_inv_fk` (`venta_id`),
  CONSTRAINT `devolucions_no_factura_links_fk` FOREIGN KEY (`devolucion_id`) REFERENCES `devolucions` (`id`) ON DELETE CASCADE,
  CONSTRAINT `devolucions_no_factura_links_inv_fk` FOREIGN KEY (`venta_id`) REFERENCES `ventas` (`id`) ON DELETE CASCADE
) ENGINE=InnoDB AUTO_INCREMENT=18 DEFAULT CHARSET=utf8mb4 COLLATE=utf8mb4_0900_ai_ci;
/*!40101 SET character_set_client = @saved_cs_client */;

--
-- Dumping data for table `devolucions_no_factura_links`
--

LOCK TABLES `devolucions_no_factura_links` WRITE;
/*!40000 ALTER TABLE `devolucions_no_factura_links` DISABLE KEYS */;
INSERT INTO `devolucions_no_factura_links` VALUES (1,1,5),(2,2,5),(3,3,5),(4,4,2),(5,5,1),(6,6,3),(7,7,1),(8,8,3),(9,9,56),(10,10,56),(11,11,53),(12,12,49),(13,13,15),(14,14,67),(15,15,57),(16,16,63),(17,17,77);
/*!40000 ALTER TABLE `devolucions_no_factura_links` ENABLE KEYS */;
UNLOCK TABLES;

--
-- Table structure for table `devolucions_vendedor_links`
--

DROP TABLE IF EXISTS `devolucions_vendedor_links`;
/*!40101 SET @saved_cs_client     = @@character_set_client */;
/*!50503 SET character_set_client = utf8mb4 */;
CREATE TABLE `devolucions_vendedor_links` (
  `id` int unsigned NOT NULL AUTO_INCREMENT,
  `devolucion_id` int unsigned DEFAULT NULL,
  `user_id` int unsigned DEFAULT NULL,
  PRIMARY KEY (`id`),
  UNIQUE KEY `devolucions_vendedor_links_unique` (`devolucion_id`,`user_id`),
  KEY `devolucions_vendedor_links_fk` (`devolucion_id`),
  KEY `devolucions_vendedor_links_inv_fk` (`user_id`),
  CONSTRAINT `devolucions_vendedor_links_fk` FOREIGN KEY (`devolucion_id`) REFERENCES `devolucions` (`id`) ON DELETE CASCADE,
  CONSTRAINT `devolucions_vendedor_links_inv_fk` FOREIGN KEY (`user_id`) REFERENCES `up_users` (`id`) ON DELETE CASCADE
) ENGINE=InnoDB AUTO_INCREMENT=18 DEFAULT CHARSET=utf8mb4 COLLATE=utf8mb4_0900_ai_ci;
/*!40101 SET character_set_client = @saved_cs_client */;

--
-- Dumping data for table `devolucions_vendedor_links`
--

LOCK TABLES `devolucions_vendedor_links` WRITE;
/*!40000 ALTER TABLE `devolucions_vendedor_links` DISABLE KEYS */;
INSERT INTO `devolucions_vendedor_links` VALUES (1,1,1),(2,2,1),(3,3,1),(4,4,1),(5,5,1),(6,6,1),(7,7,1),(8,8,1),(9,9,1),(10,10,1),(11,11,1),(12,12,1),(13,13,1),(14,14,1),(15,15,1),(16,16,1),(17,17,1);
/*!40000 ALTER TABLE `devolucions_vendedor_links` ENABLE KEYS */;
UNLOCK TABLES;

--
-- Table structure for table `empresas`
--

DROP TABLE IF EXISTS `empresas`;
/*!40101 SET @saved_cs_client     = @@character_set_client */;
/*!50503 SET character_set_client = utf8mb4 */;
CREATE TABLE `empresas` (
  `id` int unsigned NOT NULL AUTO_INCREMENT,
  `nombre` varchar(255) DEFAULT NULL,
  `direccion` varchar(255) DEFAULT NULL,
  `correo` varchar(255) DEFAULT NULL,
  `telefono` varchar(255) DEFAULT NULL,
  `website` varchar(255) DEFAULT NULL,
  `created_at` datetime(6) DEFAULT NULL,
  `updated_at` datetime(6) DEFAULT NULL,
  `created_by_id` int unsigned DEFAULT NULL,
  `updated_by_id` int unsigned DEFAULT NULL,
  `lema` varchar(255) DEFAULT NULL,
  `cai` varchar(255) DEFAULT NULL,
  `rango_inicial` int DEFAULT NULL,
  `rango_final` int DEFAULT NULL,
  `fecha_vencimiento` date DEFAULT NULL,
  PRIMARY KEY (`id`),
  KEY `empresas_created_by_id_fk` (`created_by_id`),
  KEY `empresas_updated_by_id_fk` (`updated_by_id`),
  CONSTRAINT `empresas_created_by_id_fk` FOREIGN KEY (`created_by_id`) REFERENCES `admin_users` (`id`) ON DELETE SET NULL,
  CONSTRAINT `empresas_updated_by_id_fk` FOREIGN KEY (`updated_by_id`) REFERENCES `admin_users` (`id`) ON DELETE SET NULL
) ENGINE=InnoDB AUTO_INCREMENT=2 DEFAULT CHARSET=utf8mb4 COLLATE=utf8mb4_0900_ai_ci;
/*!40101 SET character_set_client = @saved_cs_client */;

--
-- Dumping data for table `empresas`
--

LOCK TABLES `empresas` WRITE;
/*!40000 ALTER TABLE `empresas` DISABLE KEYS */;
INSERT INTO `empresas` VALUES (1,'Radax','Comayagua, La Paz. Barrio los prados','contability@radax.com','27719012','www.radax.com.hn','2023-10-06 18:30:22.738000','2023-11-04 20:48:16.554000',1,1,'Productos de Calidad Asegurada','35BD6A-0195F4-B34BAA-8B7D1337791A-2D',1,200,'2024-01-01');
/*!40000 ALTER TABLE `empresas` ENABLE KEYS */;
UNLOCK TABLES;

--
-- Table structure for table `files`
--

DROP TABLE IF EXISTS `files`;
/*!40101 SET @saved_cs_client     = @@character_set_client */;
/*!50503 SET character_set_client = utf8mb4 */;
CREATE TABLE `files` (
  `id` int unsigned NOT NULL AUTO_INCREMENT,
  `name` varchar(255) DEFAULT NULL,
  `alternative_text` varchar(255) DEFAULT NULL,
  `caption` varchar(255) DEFAULT NULL,
  `width` int DEFAULT NULL,
  `height` int DEFAULT NULL,
  `formats` json DEFAULT NULL,
  `hash` varchar(255) DEFAULT NULL,
  `ext` varchar(255) DEFAULT NULL,
  `mime` varchar(255) DEFAULT NULL,
  `size` decimal(10,2) DEFAULT NULL,
  `url` varchar(255) DEFAULT NULL,
  `preview_url` varchar(255) DEFAULT NULL,
  `provider` varchar(255) DEFAULT NULL,
  `provider_metadata` json DEFAULT NULL,
  `folder_path` varchar(255) DEFAULT NULL,
  `created_at` datetime(6) DEFAULT NULL,
  `updated_at` datetime(6) DEFAULT NULL,
  `created_by_id` int unsigned DEFAULT NULL,
  `updated_by_id` int unsigned DEFAULT NULL,
  PRIMARY KEY (`id`),
  KEY `upload_files_folder_path_index` (`folder_path`),
  KEY `upload_files_created_at_index` (`created_at`),
  KEY `upload_files_updated_at_index` (`updated_at`),
  KEY `upload_files_name_index` (`name`),
  KEY `upload_files_size_index` (`size`),
  KEY `upload_files_ext_index` (`ext`),
  KEY `files_created_by_id_fk` (`created_by_id`),
  KEY `files_updated_by_id_fk` (`updated_by_id`),
  CONSTRAINT `files_created_by_id_fk` FOREIGN KEY (`created_by_id`) REFERENCES `admin_users` (`id`) ON DELETE SET NULL,
  CONSTRAINT `files_updated_by_id_fk` FOREIGN KEY (`updated_by_id`) REFERENCES `admin_users` (`id`) ON DELETE SET NULL
) ENGINE=InnoDB AUTO_INCREMENT=26 DEFAULT CHARSET=utf8mb4 COLLATE=utf8mb4_0900_ai_ci;
/*!40101 SET character_set_client = @saved_cs_client */;

--
-- Dumping data for table `files`
--

LOCK TABLES `files` WRITE;
/*!40000 ALTER TABLE `files` DISABLE KEYS */;
INSERT INTO `files` VALUES (2,'inspiron-3515-thin-and-light-laptop-dell-original-imagc4khaswvbsvq.webp',NULL,NULL,850,616,'{\"small\": {\"ext\": \".webp\", \"url\": \"/uploads/small_inspiron_3515_thin_and_light_laptop_dell_original_imagc4khaswvbsvq_ef374db9c5.webp\", \"hash\": \"small_inspiron_3515_thin_and_light_laptop_dell_original_imagc4khaswvbsvq_ef374db9c5\", \"mime\": \"image/webp\", \"name\": \"small_inspiron-3515-thin-and-light-laptop-dell-original-imagc4khaswvbsvq.webp\", \"path\": null, \"size\": 12.72, \"width\": 500, \"height\": 362}, \"medium\": {\"ext\": \".webp\", \"url\": \"/uploads/medium_inspiron_3515_thin_and_light_laptop_dell_original_imagc4khaswvbsvq_ef374db9c5.webp\", \"hash\": \"medium_inspiron_3515_thin_and_light_laptop_dell_original_imagc4khaswvbsvq_ef374db9c5\", \"mime\": \"image/webp\", \"name\": \"medium_inspiron-3515-thin-and-light-laptop-dell-original-imagc4khaswvbsvq.webp\", \"path\": null, \"size\": 20, \"width\": 750, \"height\": 544}, \"thumbnail\": {\"ext\": \".webp\", \"url\": \"/uploads/thumbnail_inspiron_3515_thin_and_light_laptop_dell_original_imagc4khaswvbsvq_ef374db9c5.webp\", \"hash\": \"thumbnail_inspiron_3515_thin_and_light_laptop_dell_original_imagc4khaswvbsvq_ef374db9c5\", \"mime\": \"image/webp\", \"name\": \"thumbnail_inspiron-3515-thin-and-light-laptop-dell-original-imagc4khaswvbsvq.webp\", \"path\": null, \"size\": 4.18, \"width\": 215, \"height\": 156}}','inspiron_3515_thin_and_light_laptop_dell_original_imagc4khaswvbsvq_ef374db9c5','.webp','image/webp',25.87,'/uploads/inspiron_3515_thin_and_light_laptop_dell_original_imagc4khaswvbsvq_ef374db9c5.webp',NULL,'local',NULL,'/1','2023-07-30 12:39:34.193000','2023-10-17 15:55:05.837000',1,1),(6,'79183.jpg',NULL,NULL,1200,630,'{\"large\": {\"ext\": \".jpg\", \"url\": \"/uploads/large_79183_d418297a53.jpg\", \"hash\": \"large_79183_d418297a53\", \"mime\": \"image/jpeg\", \"name\": \"large_79183.jpg\", \"path\": null, \"size\": 12.58, \"width\": 1000, \"height\": 525}, \"small\": {\"ext\": \".jpg\", \"url\": \"/uploads/small_79183_d418297a53.jpg\", \"hash\": \"small_79183_d418297a53\", \"mime\": \"image/jpeg\", \"name\": \"small_79183.jpg\", \"path\": null, \"size\": 5.76, \"width\": 500, \"height\": 263}, \"medium\": {\"ext\": \".jpg\", \"url\": \"/uploads/medium_79183_d418297a53.jpg\", \"hash\": \"medium_79183_d418297a53\", \"mime\": \"image/jpeg\", \"name\": \"medium_79183.jpg\", \"path\": null, \"size\": 9.15, \"width\": 750, \"height\": 394}, \"thumbnail\": {\"ext\": \".jpg\", \"url\": \"/uploads/thumbnail_79183_d418297a53.jpg\", \"hash\": \"thumbnail_79183_d418297a53\", \"mime\": \"image/jpeg\", \"name\": \"thumbnail_79183.jpg\", \"path\": null, \"size\": 2.2, \"width\": 245, \"height\": 129}}','79183_d418297a53','.jpg','image/jpeg',16.20,'/uploads/79183_d418297a53.jpg',NULL,'local',NULL,'/3','2023-09-10 13:07:46.067000','2023-09-10 13:07:46.067000',1,1),(7,'lenovo.webp',NULL,NULL,1200,400,'{\"large\": {\"ext\": \".webp\", \"url\": \"/uploads/large_lenovo_8ba05ccd14.webp\", \"hash\": \"large_lenovo_8ba05ccd14\", \"mime\": \"image/webp\", \"name\": \"large_lenovo.webp\", \"path\": null, \"size\": 8.54, \"width\": 1000, \"height\": 333}, \"small\": {\"ext\": \".webp\", \"url\": \"/uploads/small_lenovo_8ba05ccd14.webp\", \"hash\": \"small_lenovo_8ba05ccd14\", \"mime\": \"image/webp\", \"name\": \"small_lenovo.webp\", \"path\": null, \"size\": 4.55, \"width\": 500, \"height\": 167}, \"medium\": {\"ext\": \".webp\", \"url\": \"/uploads/medium_lenovo_8ba05ccd14.webp\", \"hash\": \"medium_lenovo_8ba05ccd14\", \"mime\": \"image/webp\", \"name\": \"medium_lenovo.webp\", \"path\": null, \"size\": 6.56, \"width\": 750, \"height\": 250}, \"thumbnail\": {\"ext\": \".webp\", \"url\": \"/uploads/thumbnail_lenovo_8ba05ccd14.webp\", \"hash\": \"thumbnail_lenovo_8ba05ccd14\", \"mime\": \"image/webp\", \"name\": \"thumbnail_lenovo.webp\", \"path\": null, \"size\": 2.28, \"width\": 245, \"height\": 82}}','lenovo_8ba05ccd14','.webp','image/webp',4.64,'/uploads/lenovo_8ba05ccd14.webp',NULL,'local',NULL,'/3','2023-09-10 13:07:46.160000','2023-09-10 13:07:46.160000',1,1),(8,'1200px-HP_logo_2012.svg.png',NULL,NULL,1200,1200,'{\"large\": {\"ext\": \".png\", \"url\": \"/uploads/large_1200px_HP_logo_2012_svg_0823a6e65d.png\", \"hash\": \"large_1200px_HP_logo_2012_svg_0823a6e65d\", \"mime\": \"image/png\", \"name\": \"large_1200px-HP_logo_2012.svg.png\", \"path\": null, \"size\": 98.23, \"width\": 1000, \"height\": 1000}, \"small\": {\"ext\": \".png\", \"url\": \"/uploads/small_1200px_HP_logo_2012_svg_0823a6e65d.png\", \"hash\": \"small_1200px_HP_logo_2012_svg_0823a6e65d\", \"mime\": \"image/png\", \"name\": \"small_1200px-HP_logo_2012.svg.png\", \"path\": null, \"size\": 37.19, \"width\": 500, \"height\": 500}, \"medium\": {\"ext\": \".png\", \"url\": \"/uploads/medium_1200px_HP_logo_2012_svg_0823a6e65d.png\", \"hash\": \"medium_1200px_HP_logo_2012_svg_0823a6e65d\", \"mime\": \"image/png\", \"name\": \"medium_1200px-HP_logo_2012.svg.png\", \"path\": null, \"size\": 64.41, \"width\": 750, \"height\": 750}, \"thumbnail\": {\"ext\": \".png\", \"url\": \"/uploads/thumbnail_1200px_HP_logo_2012_svg_0823a6e65d.png\", \"hash\": \"thumbnail_1200px_HP_logo_2012_svg_0823a6e65d\", \"mime\": \"image/png\", \"name\": \"thumbnail_1200px-HP_logo_2012.svg.png\", \"path\": null, \"size\": 9.55, \"width\": 156, \"height\": 156}}','1200px_HP_logo_2012_svg_0823a6e65d','.png','image/png',16.22,'/uploads/1200px_HP_logo_2012_svg_0823a6e65d.png',NULL,'local',NULL,'/3','2023-09-10 13:07:46.335000','2023-09-10 13:07:46.335000',1,1),(9,'LOGOS-DELL.png',NULL,NULL,400,280,'{\"thumbnail\": {\"ext\": \".png\", \"url\": \"/uploads/thumbnail_LOGOS_DELL_c64c074eab.png\", \"hash\": \"thumbnail_LOGOS_DELL_c64c074eab\", \"mime\": \"image/png\", \"name\": \"thumbnail_LOGOS-DELL.png\", \"path\": null, \"size\": 6.24, \"width\": 223, \"height\": 156}}','LOGOS_DELL_c64c074eab','.png','image/png',1.89,'/uploads/LOGOS_DELL_c64c074eab.png',NULL,'local',NULL,'/3','2023-10-21 18:42:49.605000','2023-10-21 18:42:49.605000',1,1),(10,'ADAMS.jpg',NULL,NULL,400,280,'{\"thumbnail\": {\"ext\": \".jpg\", \"url\": \"/uploads/thumbnail_ADAMS_72e6380eb7.jpg\", \"hash\": \"thumbnail_ADAMS_72e6380eb7\", \"mime\": \"image/jpeg\", \"name\": \"thumbnail_ADAMS.jpg\", \"path\": null, \"size\": 3.98, \"width\": 223, \"height\": 156}}','ADAMS_72e6380eb7','.jpg','image/jpeg',7.22,'/uploads/ADAMS_72e6380eb7.jpg',NULL,'local',NULL,'/3','2023-10-21 18:44:09.931000','2023-10-21 18:44:09.931000',1,1),(11,'AIWA.jpg',NULL,NULL,400,280,'{\"thumbnail\": {\"ext\": \".jpg\", \"url\": \"/uploads/thumbnail_AIWA_e1a2100809.jpg\", \"hash\": \"thumbnail_AIWA_e1a2100809\", \"mime\": \"image/jpeg\", \"name\": \"thumbnail_AIWA.jpg\", \"path\": null, \"size\": 5.33, \"width\": 223, \"height\": 156}}','AIWA_e1a2100809','.jpg','image/jpeg',10.67,'/uploads/AIWA_e1a2100809.jpg',NULL,'local',NULL,'/3','2023-10-21 18:48:24.499000','2023-10-21 18:48:24.499000',1,1),(12,'LOGOS-APPLE.png',NULL,NULL,400,280,'{\"thumbnail\": {\"ext\": \".png\", \"url\": \"/uploads/thumbnail_LOGOS_APPLE_23c1e8bdf7.png\", \"hash\": \"thumbnail_LOGOS_APPLE_23c1e8bdf7\", \"mime\": \"image/png\", \"name\": \"thumbnail_LOGOS-APPLE.png\", \"path\": null, \"size\": 2.34, \"width\": 223, \"height\": 156}}','LOGOS_APPLE_23c1e8bdf7','.png','image/png',1.15,'/uploads/LOGOS_APPLE_23c1e8bdf7.png',NULL,'local',NULL,'/3','2023-10-21 18:49:07.637000','2023-10-21 18:49:07.637000',1,1),(13,'LOGOS-HP.png',NULL,NULL,400,280,'{\"thumbnail\": {\"ext\": \".png\", \"url\": \"/uploads/thumbnail_LOGOS_HP_94f7eeb053.png\", \"hash\": \"thumbnail_LOGOS_HP_94f7eeb053\", \"mime\": \"image/png\", \"name\": \"thumbnail_LOGOS-HP.png\", \"path\": null, \"size\": 5.34, \"width\": 223, \"height\": 156}}','LOGOS_HP_94f7eeb053','.png','image/png',1.59,'/uploads/LOGOS_HP_94f7eeb053.png',NULL,'local',NULL,'/3','2023-10-21 18:49:45.523000','2023-10-21 18:49:45.523000',1,1),(14,'LOGOS-HUAWEI.png',NULL,NULL,400,280,'{\"thumbnail\": {\"ext\": \".png\", \"url\": \"/uploads/thumbnail_LOGOS_HUAWEI_e5afb64acf.png\", \"hash\": \"thumbnail_LOGOS_HUAWEI_e5afb64acf\", \"mime\": \"image/png\", \"name\": \"thumbnail_LOGOS-HUAWEI.png\", \"path\": null, \"size\": 6.3, \"width\": 223, \"height\": 156}}','LOGOS_HUAWEI_e5afb64acf','.png','image/png',2.07,'/uploads/LOGOS_HUAWEI_e5afb64acf.png',NULL,'local',NULL,'/3','2023-10-21 18:50:27.793000','2023-10-21 18:50:27.793000',1,1),(15,'New_DELL-INSPIRON15-3511(I7)2-500x500.webp',NULL,NULL,500,500,'{\"thumbnail\": {\"ext\": \".webp\", \"url\": \"/uploads/thumbnail_New_DELL_INSPIRON_15_3511_I7_2_500x500_ceb562b012.webp\", \"hash\": \"thumbnail_New_DELL_INSPIRON_15_3511_I7_2_500x500_ceb562b012\", \"mime\": \"image/webp\", \"name\": \"thumbnail_New_DELL-INSPIRON15-3511(I7)2-500x500.webp\", \"path\": null, \"size\": 2.21, \"width\": 156, \"height\": 156}}','New_DELL_INSPIRON_15_3511_I7_2_500x500_ceb562b012','.webp','image/webp',11.61,'/uploads/New_DELL_INSPIRON_15_3511_I7_2_500x500_ceb562b012.webp',NULL,'local',NULL,'/1','2023-10-21 18:52:39.735000','2023-10-21 18:52:39.735000',1,1),(16,'PW_Computadoras y tablets_UPS y Protectores de corriente_Ups.webp',NULL,NULL,250,250,'{\"thumbnail\": {\"ext\": \".webp\", \"url\": \"/uploads/thumbnail_PW_Computadoras_y_tablets_UPS_y_Protectores_de_corriente_Ups_85d09733de.webp\", \"hash\": \"thumbnail_PW_Computadoras_y_tablets_UPS_y_Protectores_de_corriente_Ups_85d09733de\", \"mime\": \"image/webp\", \"name\": \"thumbnail_PW_Computadoras y tablets_UPS y Protectores de corriente_Ups.webp\", \"path\": null, \"size\": 1.13, \"width\": 156, \"height\": 156}}','PW_Computadoras_y_tablets_UPS_y_Protectores_de_corriente_Ups_85d09733de','.webp','image/webp',2.02,'/uploads/PW_Computadoras_y_tablets_UPS_y_Protectores_de_corriente_Ups_85d09733de.webp',NULL,'local',NULL,'/1','2023-10-21 19:51:29.436000','2023-10-21 19:51:29.436000',1,1),(17,'LOGOS-FORZA.png',NULL,NULL,400,280,'{\"thumbnail\": {\"ext\": \".png\", \"url\": \"/uploads/thumbnail_LOGOS_FORZA_76f531c86c.png\", \"hash\": \"thumbnail_LOGOS_FORZA_76f531c86c\", \"mime\": \"image/png\", \"name\": \"thumbnail_LOGOS-FORZA.png\", \"path\": null, \"size\": 6.1, \"width\": 223, \"height\": 156}}','LOGOS_FORZA_76f531c86c','.png','image/png',2.07,'/uploads/LOGOS_FORZA_76f531c86c.png',NULL,'local',NULL,'/3','2023-10-21 19:52:06.938000','2023-10-21 19:52:06.938000',1,1),(18,'New_IPHONE-11-128GB-BLK -150x150.webp',NULL,NULL,150,150,NULL,'New_IPHONE_11_128_GB_BLK_150x150_2439b66713','.webp','image/webp',1.30,'/uploads/New_IPHONE_11_128_GB_BLK_150x150_2439b66713.webp',NULL,'local',NULL,'/1','2023-10-21 19:54:23.706000','2023-10-21 19:54:23.706000',1,1),(19,'New_IPHONE-13-128GB-STARLIGHT-150x150.webp',NULL,NULL,150,150,NULL,'New_IPHONE_13_128_GB_STARLIGHT_150x150_97d6d3d75e','.webp','image/webp',1.28,'/uploads/New_IPHONE_13_128_GB_STARLIGHT_150x150_97d6d3d75e.webp',NULL,'local',NULL,'/1','2023-10-21 19:56:53.026000','2023-10-21 19:56:53.026000',1,1),(25,'INGLES.JPG',NULL,NULL,1364,106,'{\"large\": {\"ext\": \".JPG\", \"url\": \"https://res.cloudinary.com/dfjnz2juv/image/upload/v1701640240/large_INGLES_f64698c111.jpg\", \"hash\": \"large_INGLES_f64698c111\", \"mime\": \"image/jpeg\", \"name\": \"large_INGLES.JPG\", \"path\": null, \"size\": 6.61, \"width\": 1000, \"height\": 78, \"provider_metadata\": {\"public_id\": \"large_INGLES_f64698c111\", \"resource_type\": \"image\"}}, \"small\": {\"ext\": \".JPG\", \"url\": \"https://res.cloudinary.com/dfjnz2juv/image/upload/v1701640240/small_INGLES_f64698c111.jpg\", \"hash\": \"small_INGLES_f64698c111\", \"mime\": \"image/jpeg\", \"name\": \"small_INGLES.JPG\", \"path\": null, \"size\": 2.24, \"width\": 500, \"height\": 39, \"provider_metadata\": {\"public_id\": \"small_INGLES_f64698c111\", \"resource_type\": \"image\"}}, \"medium\": {\"ext\": \".JPG\", \"url\": \"https://res.cloudinary.com/dfjnz2juv/image/upload/v1701640240/medium_INGLES_f64698c111.jpg\", \"hash\": \"medium_INGLES_f64698c111\", \"mime\": \"image/jpeg\", \"name\": \"medium_INGLES.JPG\", \"path\": null, \"size\": 4.56, \"width\": 750, \"height\": 58, \"provider_metadata\": {\"public_id\": \"medium_INGLES_f64698c111\", \"resource_type\": \"image\"}}, \"thumbnail\": {\"ext\": \".JPG\", \"url\": \"https://res.cloudinary.com/dfjnz2juv/image/upload/v1701640240/thumbnail_INGLES_f64698c111.jpg\", \"hash\": \"thumbnail_INGLES_f64698c111\", \"mime\": \"image/jpeg\", \"name\": \"thumbnail_INGLES.JPG\", \"path\": null, \"size\": 0.9, \"width\": 245, \"height\": 19, \"provider_metadata\": {\"public_id\": \"thumbnail_INGLES_f64698c111\", \"resource_type\": \"image\"}}}','INGLES_f64698c111','.JPG','image/jpeg',9.92,'https://res.cloudinary.com/dfjnz2juv/image/upload/v1701640240/INGLES_f64698c111.jpg',NULL,'cloudinary','{\"public_id\": \"INGLES_f64698c111\", \"resource_type\": \"image\"}','/','2023-12-03 15:50:41.241000','2023-12-03 15:50:41.241000',1,1);
/*!40000 ALTER TABLE `files` ENABLE KEYS */;
UNLOCK TABLES;

--
-- Table structure for table `files_folder_links`
--

DROP TABLE IF EXISTS `files_folder_links`;
/*!40101 SET @saved_cs_client     = @@character_set_client */;
/*!50503 SET character_set_client = utf8mb4 */;
CREATE TABLE `files_folder_links` (
  `id` int unsigned NOT NULL AUTO_INCREMENT,
  `file_id` int unsigned DEFAULT NULL,
  `folder_id` int unsigned DEFAULT NULL,
  `file_order` double unsigned DEFAULT NULL,
  PRIMARY KEY (`id`),
  UNIQUE KEY `files_folder_links_unique` (`file_id`,`folder_id`),
  KEY `files_folder_links_fk` (`file_id`),
  KEY `files_folder_links_inv_fk` (`folder_id`),
  KEY `files_folder_links_order_inv_fk` (`file_order`),
  CONSTRAINT `files_folder_links_fk` FOREIGN KEY (`file_id`) REFERENCES `files` (`id`) ON DELETE CASCADE,
  CONSTRAINT `files_folder_links_inv_fk` FOREIGN KEY (`folder_id`) REFERENCES `upload_folders` (`id`) ON DELETE CASCADE
) ENGINE=InnoDB AUTO_INCREMENT=32 DEFAULT CHARSET=utf8mb4 COLLATE=utf8mb4_0900_ai_ci;
/*!40101 SET character_set_client = @saved_cs_client */;

--
-- Dumping data for table `files_folder_links`
--

LOCK TABLES `files_folder_links` WRITE;
/*!40000 ALTER TABLE `files_folder_links` DISABLE KEYS */;
INSERT INTO `files_folder_links` VALUES (2,2,2,1),(7,6,4,1),(8,7,4,2),(9,8,4,3),(19,15,2,NULL),(20,16,2,NULL),(22,18,2,NULL),(23,19,2,NULL),(24,9,4,NULL),(25,10,4,NULL),(26,11,4,NULL),(27,12,4,NULL),(28,13,4,NULL),(29,14,4,NULL),(30,17,4,NULL);
/*!40000 ALTER TABLE `files_folder_links` ENABLE KEYS */;
UNLOCK TABLES;

--
-- Table structure for table `files_related_morphs`
--

DROP TABLE IF EXISTS `files_related_morphs`;
/*!40101 SET @saved_cs_client     = @@character_set_client */;
/*!50503 SET character_set_client = utf8mb4 */;
CREATE TABLE `files_related_morphs` (
  `id` int unsigned NOT NULL AUTO_INCREMENT,
  `file_id` int unsigned DEFAULT NULL,
  `related_id` int unsigned DEFAULT NULL,
  `related_type` varchar(255) DEFAULT NULL,
  `field` varchar(255) DEFAULT NULL,
  `order` double unsigned DEFAULT NULL,
  PRIMARY KEY (`id`),
  KEY `files_related_morphs_fk` (`file_id`),
  KEY `files_related_morphs_order_index` (`order`),
  KEY `files_related_morphs_id_column_index` (`related_id`),
  CONSTRAINT `files_related_morphs_fk` FOREIGN KEY (`file_id`) REFERENCES `files` (`id`) ON DELETE CASCADE
) ENGINE=InnoDB AUTO_INCREMENT=62 DEFAULT CHARSET=utf8mb4 COLLATE=utf8mb4_0900_ai_ci;
/*!40101 SET character_set_client = @saved_cs_client */;

--
-- Dumping data for table `files_related_morphs`
--

LOCK TABLES `files_related_morphs` WRITE;
/*!40000 ALTER TABLE `files_related_morphs` DISABLE KEYS */;
INSERT INTO `files_related_morphs` VALUES (18,6,4,'api::marca.marca','img',1),(19,2,3,'api::categoria.categoria','img',1),(20,2,4,'api::categoria.categoria','img',1),(23,2,5,'api::categoria.categoria','img',1),(24,2,8,'api::producto.producto','img',1),(25,2,9,'api::producto.producto','img',1),(29,9,1,'api::marca.marca','img',1),(31,10,9,'api::marca.marca','img',1),(32,11,11,'api::marca.marca','img',1),(33,12,12,'api::marca.marca','img',1),(34,13,13,'api::marca.marca','img',1),(35,14,14,'api::marca.marca','img',1),(39,15,3,'api::producto.producto','img',1),(40,2,2,'api::categoria.categoria','img',1),(41,2,1,'api::categoria.categoria','img',1),(45,17,15,'api::marca.marca','img',1),(48,18,12,'api::producto.producto','img',1),(52,16,4,'api::producto.producto','img',1),(59,2,2,'api::producto.producto','img',1),(60,19,11,'api::producto.producto','img',1),(61,25,13,'api::producto.producto','img',1);
/*!40000 ALTER TABLE `files_related_morphs` ENABLE KEYS */;
UNLOCK TABLES;

--
-- Table structure for table `garantias`
--

DROP TABLE IF EXISTS `garantias`;
/*!40101 SET @saved_cs_client     = @@character_set_client */;
/*!50503 SET character_set_client = utf8mb4 */;
CREATE TABLE `garantias` (
  `id` int unsigned NOT NULL AUTO_INCREMENT,
  `fecha_compra` datetime(6) DEFAULT NULL,
  `fecha_vencimiento` datetime(6) DEFAULT NULL,
  `estado` varchar(255) DEFAULT NULL,
  `created_at` datetime(6) DEFAULT NULL,
  `updated_at` datetime(6) DEFAULT NULL,
  `created_by_id` int unsigned DEFAULT NULL,
  `updated_by_id` int unsigned DEFAULT NULL,
  PRIMARY KEY (`id`),
  KEY `garantias_created_by_id_fk` (`created_by_id`),
  KEY `garantias_updated_by_id_fk` (`updated_by_id`),
  CONSTRAINT `garantias_created_by_id_fk` FOREIGN KEY (`created_by_id`) REFERENCES `admin_users` (`id`) ON DELETE SET NULL,
  CONSTRAINT `garantias_updated_by_id_fk` FOREIGN KEY (`updated_by_id`) REFERENCES `admin_users` (`id`) ON DELETE SET NULL
) ENGINE=InnoDB DEFAULT CHARSET=utf8mb4 COLLATE=utf8mb4_0900_ai_ci;
/*!40101 SET character_set_client = @saved_cs_client */;

--
-- Dumping data for table `garantias`
--

LOCK TABLES `garantias` WRITE;
/*!40000 ALTER TABLE `garantias` DISABLE KEYS */;
/*!40000 ALTER TABLE `garantias` ENABLE KEYS */;
UNLOCK TABLES;

--
-- Table structure for table `garantias_categoria_links`
--

DROP TABLE IF EXISTS `garantias_categoria_links`;
/*!40101 SET @saved_cs_client     = @@character_set_client */;
/*!50503 SET character_set_client = utf8mb4 */;
CREATE TABLE `garantias_categoria_links` (
  `id` int unsigned NOT NULL AUTO_INCREMENT,
  `garantia_id` int unsigned DEFAULT NULL,
  `categoria_id` int unsigned DEFAULT NULL,
  PRIMARY KEY (`id`),
  UNIQUE KEY `garantias_categoria_links_unique` (`garantia_id`,`categoria_id`),
  KEY `garantias_categoria_links_fk` (`garantia_id`),
  KEY `garantias_categoria_links_inv_fk` (`categoria_id`),
  CONSTRAINT `garantias_categoria_links_fk` FOREIGN KEY (`garantia_id`) REFERENCES `garantias` (`id`) ON DELETE CASCADE,
  CONSTRAINT `garantias_categoria_links_inv_fk` FOREIGN KEY (`categoria_id`) REFERENCES `categorias` (`id`) ON DELETE CASCADE
) ENGINE=InnoDB DEFAULT CHARSET=utf8mb4 COLLATE=utf8mb4_0900_ai_ci;
/*!40101 SET character_set_client = @saved_cs_client */;

--
-- Dumping data for table `garantias_categoria_links`
--

LOCK TABLES `garantias_categoria_links` WRITE;
/*!40000 ALTER TABLE `garantias_categoria_links` DISABLE KEYS */;
/*!40000 ALTER TABLE `garantias_categoria_links` ENABLE KEYS */;
UNLOCK TABLES;

--
-- Table structure for table `i18n_locale`
--

DROP TABLE IF EXISTS `i18n_locale`;
/*!40101 SET @saved_cs_client     = @@character_set_client */;
/*!50503 SET character_set_client = utf8mb4 */;
CREATE TABLE `i18n_locale` (
  `id` int unsigned NOT NULL AUTO_INCREMENT,
  `name` varchar(255) DEFAULT NULL,
  `code` varchar(255) DEFAULT NULL,
  `created_at` datetime(6) DEFAULT NULL,
  `updated_at` datetime(6) DEFAULT NULL,
  `created_by_id` int unsigned DEFAULT NULL,
  `updated_by_id` int unsigned DEFAULT NULL,
  PRIMARY KEY (`id`),
  KEY `i18n_locale_created_by_id_fk` (`created_by_id`),
  KEY `i18n_locale_updated_by_id_fk` (`updated_by_id`),
  CONSTRAINT `i18n_locale_created_by_id_fk` FOREIGN KEY (`created_by_id`) REFERENCES `admin_users` (`id`) ON DELETE SET NULL,
  CONSTRAINT `i18n_locale_updated_by_id_fk` FOREIGN KEY (`updated_by_id`) REFERENCES `admin_users` (`id`) ON DELETE SET NULL
) ENGINE=InnoDB AUTO_INCREMENT=4 DEFAULT CHARSET=utf8mb4 COLLATE=utf8mb4_0900_ai_ci;
/*!40101 SET character_set_client = @saved_cs_client */;

--
-- Dumping data for table `i18n_locale`
--

LOCK TABLES `i18n_locale` WRITE;
/*!40000 ALTER TABLE `i18n_locale` DISABLE KEYS */;
INSERT INTO `i18n_locale` VALUES (1,'English (en)','en','2023-07-01 22:43:13.454000','2023-07-01 22:43:13.454000',NULL,NULL),(2,'Spanish (es)','es','2023-07-02 15:12:02.151000','2023-07-02 15:12:02.151000',1,1);
/*!40000 ALTER TABLE `i18n_locale` ENABLE KEYS */;
UNLOCK TABLES;

--
-- Table structure for table `interaccions`
--

DROP TABLE IF EXISTS `interaccions`;
/*!40101 SET @saved_cs_client     = @@character_set_client */;
/*!50503 SET character_set_client = utf8mb4 */;
CREATE TABLE `interaccions` (
  `id` int unsigned NOT NULL AUTO_INCREMENT,
  `fecha` datetime(6) DEFAULT NULL,
  `created_at` datetime(6) DEFAULT NULL,
  `updated_at` datetime(6) DEFAULT NULL,
  `created_by_id` int unsigned DEFAULT NULL,
  `updated_by_id` int unsigned DEFAULT NULL,
  PRIMARY KEY (`id`),
  KEY `interaccions_created_by_id_fk` (`created_by_id`),
  KEY `interaccions_updated_by_id_fk` (`updated_by_id`),
  CONSTRAINT `interaccions_created_by_id_fk` FOREIGN KEY (`created_by_id`) REFERENCES `admin_users` (`id`) ON DELETE SET NULL,
  CONSTRAINT `interaccions_updated_by_id_fk` FOREIGN KEY (`updated_by_id`) REFERENCES `admin_users` (`id`) ON DELETE SET NULL
) ENGINE=InnoDB DEFAULT CHARSET=utf8mb4 COLLATE=utf8mb4_0900_ai_ci;
/*!40101 SET character_set_client = @saved_cs_client */;

--
-- Dumping data for table `interaccions`
--

LOCK TABLES `interaccions` WRITE;
/*!40000 ALTER TABLE `interaccions` DISABLE KEYS */;
/*!40000 ALTER TABLE `interaccions` ENABLE KEYS */;
UNLOCK TABLES;

--
-- Table structure for table `interaccions_producto_links`
--

DROP TABLE IF EXISTS `interaccions_producto_links`;
/*!40101 SET @saved_cs_client     = @@character_set_client */;
/*!50503 SET character_set_client = utf8mb4 */;
CREATE TABLE `interaccions_producto_links` (
  `id` int unsigned NOT NULL AUTO_INCREMENT,
  `interaccion_id` int unsigned DEFAULT NULL,
  `producto_id` int unsigned DEFAULT NULL,
  PRIMARY KEY (`id`),
  UNIQUE KEY `interaccions_producto_links_unique` (`interaccion_id`,`producto_id`),
  KEY `interaccions_producto_links_fk` (`interaccion_id`),
  KEY `interaccions_producto_links_inv_fk` (`producto_id`),
  CONSTRAINT `interaccions_producto_links_fk` FOREIGN KEY (`interaccion_id`) REFERENCES `interaccions` (`id`) ON DELETE CASCADE,
  CONSTRAINT `interaccions_producto_links_inv_fk` FOREIGN KEY (`producto_id`) REFERENCES `productos` (`id`) ON DELETE CASCADE
) ENGINE=InnoDB DEFAULT CHARSET=utf8mb4 COLLATE=utf8mb4_0900_ai_ci;
/*!40101 SET character_set_client = @saved_cs_client */;

--
-- Dumping data for table `interaccions_producto_links`
--

LOCK TABLES `interaccions_producto_links` WRITE;
/*!40000 ALTER TABLE `interaccions_producto_links` DISABLE KEYS */;
/*!40000 ALTER TABLE `interaccions_producto_links` ENABLE KEYS */;
UNLOCK TABLES;

--
-- Table structure for table `interaccions_users_permissions_user_links`
--

DROP TABLE IF EXISTS `interaccions_users_permissions_user_links`;
/*!40101 SET @saved_cs_client     = @@character_set_client */;
/*!50503 SET character_set_client = utf8mb4 */;
CREATE TABLE `interaccions_users_permissions_user_links` (
  `id` int unsigned NOT NULL AUTO_INCREMENT,
  `interaccion_id` int unsigned DEFAULT NULL,
  `user_id` int unsigned DEFAULT NULL,
  PRIMARY KEY (`id`),
  UNIQUE KEY `interaccions_users_permissions_user_links_unique` (`interaccion_id`,`user_id`),
  KEY `interaccions_users_permissions_user_links_fk` (`interaccion_id`),
  KEY `interaccions_users_permissions_user_links_inv_fk` (`user_id`),
  CONSTRAINT `interaccions_users_permissions_user_links_fk` FOREIGN KEY (`interaccion_id`) REFERENCES `interaccions` (`id`) ON DELETE CASCADE,
  CONSTRAINT `interaccions_users_permissions_user_links_inv_fk` FOREIGN KEY (`user_id`) REFERENCES `up_users` (`id`) ON DELETE CASCADE
) ENGINE=InnoDB DEFAULT CHARSET=utf8mb4 COLLATE=utf8mb4_0900_ai_ci;
/*!40101 SET character_set_client = @saved_cs_client */;

--
-- Dumping data for table `interaccions_users_permissions_user_links`
--

LOCK TABLES `interaccions_users_permissions_user_links` WRITE;
/*!40000 ALTER TABLE `interaccions_users_permissions_user_links` DISABLE KEYS */;
/*!40000 ALTER TABLE `interaccions_users_permissions_user_links` ENABLE KEYS */;
UNLOCK TABLES;

--
-- Table structure for table `logs`
--

DROP TABLE IF EXISTS `logs`;
/*!40101 SET @saved_cs_client     = @@character_set_client */;
/*!50503 SET character_set_client = utf8mb4 */;
CREATE TABLE `logs` (
  `id` int unsigned NOT NULL AUTO_INCREMENT,
  `date_time` datetime(6) DEFAULT NULL,
  `action` varchar(255) DEFAULT NULL,
  `table` varchar(255) DEFAULT NULL,
  `description` longtext,
  `row_id` int DEFAULT NULL,
  `created_at` datetime(6) DEFAULT NULL,
  `updated_at` datetime(6) DEFAULT NULL,
  `created_by_id` int unsigned DEFAULT NULL,
  `updated_by_id` int unsigned DEFAULT NULL,
  `information` json DEFAULT NULL,
  PRIMARY KEY (`id`),
  KEY `logs_created_by_id_fk` (`created_by_id`),
  KEY `logs_updated_by_id_fk` (`updated_by_id`),
  CONSTRAINT `logs_created_by_id_fk` FOREIGN KEY (`created_by_id`) REFERENCES `admin_users` (`id`) ON DELETE SET NULL,
  CONSTRAINT `logs_updated_by_id_fk` FOREIGN KEY (`updated_by_id`) REFERENCES `admin_users` (`id`) ON DELETE SET NULL
) ENGINE=InnoDB AUTO_INCREMENT=42 DEFAULT CHARSET=utf8mb4 COLLATE=utf8mb4_0900_ai_ci;
/*!40101 SET character_set_client = @saved_cs_client */;

--
-- Dumping data for table `logs`
--

LOCK TABLES `logs` WRITE;
/*!40000 ALTER TABLE `logs` DISABLE KEYS */;
INSERT INTO `logs` VALUES (1,'2023-10-17 15:33:00.962000','POST','User Admin','CREATE NEW USER',7,'2023-10-17 15:33:00.982000','2023-10-17 15:33:00.982000',NULL,NULL,NULL),(2,'2023-10-17 15:48:42.253000','PUT','PRODUCTO','Last data: {\"publishedAt\":\"2023-07-30T18:44:32.646Z\",\"nombre\":\"Laptop Dell Inspiron 3515 15\\\"/ AMD Ryzen 3/ 8GB RAM/ 256GB SSD/ Gris\",\"descripcion\":null,\"isv\":0.15,\"precio_venta\":20000,\"precio_compra\":15000,\"descuento\":0,\"modelo\":\"DELL-INSPIRON15-3515(R3)\",\"activo\":true}',7,'2023-10-17 15:48:42.257000','2023-10-17 15:48:42.257000',NULL,NULL,'{\"isv\": 0.15, \"activo\": true, \"modelo\": \"DELL-INSPIRON15-3515(R3)\", \"nombre\": \"Laptop Dell Inspiron 3515 15\\\"/ AMD Ryzen 3/ 8GB RAM/ 256GB SSD/ Gris\", \"descuento\": 0, \"descripcion\": null, \"publishedAt\": \"2023-07-30T18:44:32.646Z\", \"precio_venta\": 20000, \"precio_compra\": 15000}'),(3,'2023-10-17 15:54:00.375000','POST','PRODUCTO','CREATE NEW PRODUCTO',8,'2023-10-17 15:54:00.410000','2023-10-17 15:54:00.410000',NULL,NULL,'\"\"'),(5,'2023-10-17 15:59:16.122000','PUT','PRODUCTO','UPDATE PRODUCTO',4,'2023-10-17 15:59:16.126000','2023-10-17 15:59:16.126000',NULL,NULL,'{\"isv\": 0.15, \"activo\": true, \"modelo\": \"DELL-INSPIRON15-3515(R3)\", \"nombre\": \"Laptop Dell Inspiron 3515 15\\\"/ AMD Ryzen 3/ 8GB RAM/ 256GB SSD/ Gris\", \"descuento\": 0, \"descripcion\": null, \"precio_venta\": 20000, \"precio_compra\": 15000}'),(6,'2023-10-17 16:03:04.712000','POST','PRODUCTO','CREATE NEW PRODUCTO',11,'2023-10-17 16:03:04.775000','2023-10-17 16:03:04.775000',NULL,NULL,'{\"isv\": 0.15, \"marca\": {\"count\": 1}, \"activo\": true, \"modelo\": \"ekdfjdkasn\", \"nombre\": \"Laptops\", \"descuento\": 0, \"descripcion\": \"jk;l.,mnj\", \"precio_venta\": 20000, \"precio_compra\": 25000, \"subcategorias\": {\"count\": 2}}'),(7,'2023-10-19 16:14:34.525000','PUT','PRODUCTO','UPDATE PRODUCTO',11,'2023-10-19 16:14:34.528000','2023-10-19 16:14:34.528000',NULL,NULL,'{\"isv\": 0.15, \"activo\": true, \"modelo\": \"DELL-INSPIRON15-3515(R3)\", \"nombre\": \"Laptop Dell Inspiron 3515 15\\\"/ AMD Ryzen 3/ 8GB RAM/ 256GB SSD/ Gris\", \"descuento\": 0, \"descripcion\": null, \"precio_venta\": 20000, \"precio_compra\": 15000}'),(8,'2023-10-20 19:56:27.551000','POST','DAADO','CREATE NEW DAADO',1,'2023-10-20 19:56:27.585000','2023-10-20 19:56:27.585000',NULL,NULL,'{\"id\": 1, \"Estado\": \"Daado\", \"Motivo\": \"dfrdew2\", \"Cantidad\": 1, \"producto\": {\"count\": 1}}'),(9,'2023-10-20 19:59:12.630000','POST','DAADO','CREATE NEW DAADO',2,'2023-10-20 19:59:12.660000','2023-10-20 19:59:12.660000',NULL,NULL,'{\"id\": 2, \"Estado\": \"Daado\", \"Motivo\": \"23efv\", \"Cantidad\": 1, \"producto\": {\"count\": 1}}'),(10,'2023-10-20 21:40:11.164000','POST','DAADO','CREATE NEW DAADO',3,'2023-10-20 21:40:11.209000','2023-10-20 21:40:11.209000',NULL,NULL,'{\"id\": 3, \"Estado\": \"Daado\", \"Motivo\": \"3we4fvds\", \"Cantidad\": 1, \"producto\": {\"count\": 1}}'),(11,'2023-10-20 21:41:20.135000','POST','DAADO','CREATE NEW DAADO',4,'2023-10-20 21:41:20.187000','2023-10-20 21:41:20.187000',NULL,NULL,'{\"id\": 4, \"Estado\": \"Daado\", \"Motivo\": \"dsasq\", \"Cantidad\": 1, \"producto\": {\"count\": 1}}'),(12,'2023-10-20 21:42:19.928000','POST','DAADO','CREATE NEW DAADO',5,'2023-10-20 21:42:19.967000','2023-10-20 21:42:19.967000',NULL,NULL,'{\"id\": 5, \"Estado\": \"Daado\", \"Motivo\": \"werftgre\", \"Cantidad\": 2, \"producto\": {\"count\": 1}}'),(13,'2023-10-20 21:43:06.496000','POST','DAADO','CREATE NEW DAADO',6,'2023-10-20 21:43:06.553000','2023-10-20 21:43:06.553000',NULL,NULL,'{\"id\": 6, \"Estado\": \"Daado\", \"Motivo\": \"23erfd\", \"Cantidad\": 1, \"producto\": {\"count\": 1}}'),(14,'2023-10-20 21:45:13.853000','POST','DAADO','CREATE NEW DAADO',7,'2023-10-20 21:45:13.880000','2023-10-20 21:45:13.880000',NULL,NULL,'{\"id\": 7, \"Estado\": \"Daado\", \"Motivo\": \"23efdv\", \"Cantidad\": 1, \"producto\": {\"count\": 1}}'),(15,'2023-10-20 22:16:26.059000','PUT','PRODUCTO','UPDATE PRODUCTO',2,'2023-10-20 22:16:26.064000','2023-10-20 22:16:26.064000',NULL,NULL,'{\"isv\": 0.15, \"activo\": true, \"modelo\": \"DELL-INSPIRON15-3515(R3)\", \"nombre\": \"Laptop Dell Inspiron 3515 15\\\"/ AMD Ryzen 3/ 8GB RAM/ 256GB SSD/ Gris\", \"descuento\": 0, \"descripcion\": null, \"precio_venta\": 20000, \"precio_compra\": 15000}'),(16,'2023-10-20 22:27:35.360000','POST','DAADO','CREATE NEW DAADO',23,'2023-10-20 22:27:35.410000','2023-10-20 22:27:35.410000',NULL,NULL,'{\"id\": 23, \"Cantidad\": 3}'),(17,'2023-10-20 22:31:49.323000','POST','DAADO','CREATE NEW DAADO',25,'2023-10-20 22:31:49.394000','2023-10-20 22:31:49.394000',NULL,NULL,'{\"id\": 25, \"Estado\": \"Daado\", \"Motivo\": \"Le cay agua encima\", \"Cantidad\": 2}'),(18,'2023-10-20 22:39:24.938000','PUT','DAADO','UPDATE DAADO',7,'2023-10-20 22:39:24.949000','2023-10-20 22:39:24.949000',NULL,NULL,'{\"Estado\": \"Daado\", \"Motivo\": \"dfrdew2\", \"Cantidad\": 1}'),(19,'2023-10-21 18:55:25.309000','PUT','PRODUCTO','UPDATE PRODUCTO',3,'2023-10-21 18:55:25.319000','2023-10-21 18:55:25.319000',NULL,NULL,'{\"isv\": 0.15, \"activo\": true, \"modelo\": \"DELL-INSPIRON15-3515(R3)\", \"nombre\": \"Laptop Dell Inspiron 3515 15\\\"/ AMD Ryzen 3/ 8GB RAM/ 256GB SSD/ Gris\", \"descuento\": 0, \"descripcion\": null, \"precio_venta\": 20000, \"precio_compra\": 15000}'),(20,'2023-10-21 18:58:00.258000','PUT','PRODUCTO','UPDATE PRODUCTO',3,'2023-10-21 18:58:00.269000','2023-10-21 18:58:00.269000',NULL,NULL,'{\"isv\": 0.15, \"activo\": true, \"modelo\": \"DELL-INSPIRON15-3515(R3)\", \"nombre\": \"Laptop Dell Inspiron 3515 15\\\"/ AMD Ryzen 3/ 8GB RAM/ 256GB SSD/ Gris\", \"descuento\": 0, \"descripcion\": null, \"precio_venta\": 20000, \"precio_compra\": 15000}'),(21,'2023-10-21 18:58:23.951000','PUT','PRODUCTO','UPDATE PRODUCTO',3,'2023-10-21 18:58:23.960000','2023-10-21 18:58:23.960000',NULL,NULL,'{\"isv\": 0.15, \"activo\": true, \"modelo\": \"DELL-INSPIRON15-3515(R3)\", \"nombre\": \"Laptop Dell Inspiron 3515 15\\\"/ AMD Ryzen 3/ 8GB RAM/ 256GB SSD/ Gris\", \"descuento\": 0, \"descripcion\": null, \"precio_venta\": 20000, \"precio_compra\": 15000}'),(22,'2023-10-21 18:58:59.074000','PUT','PRODUCTO','UPDATE PRODUCTO',3,'2023-10-21 18:58:59.084000','2023-10-21 18:58:59.084000',NULL,NULL,'{\"isv\": 0.15, \"activo\": true, \"modelo\": \"DELL-INSPIRON15-3515(R3)\", \"nombre\": \"Laptop Dell Inspiron 3515 15\\\"/ AMD Ryzen 3/ 8GB RAM/ 256GB SSD/ Gris\", \"descuento\": 0, \"descripcion\": null, \"precio_venta\": 20000, \"precio_compra\": 15000}'),(23,'2023-10-21 19:47:51.601000','PUT','PRODUCTO','UPDATE PRODUCTO',2,'2023-10-21 19:47:51.605000','2023-10-21 19:47:51.605000',NULL,NULL,'{\"isv\": 0.15, \"activo\": true, \"modelo\": \"DELL-INSPIRON15-3515(R3)\", \"nombre\": \"Laptop Dell Inspiron 3515 15\\\"/ AMD Ryzen 3/ 8GB RAM/ 256GB SSD/ Gris\", \"descuento\": 0, \"descripcion\": null, \"precio_venta\": 20000, \"precio_compra\": 15000}'),(24,'2023-10-21 19:50:49.805000','PUT','PRODUCTO','UPDATE PRODUCTO',4,'2023-10-21 19:50:49.810000','2023-10-21 19:50:49.810000',NULL,NULL,'{\"isv\": 0.15, \"activo\": true, \"modelo\": \"DELL-INSPIRON15-3515(R3)\", \"nombre\": \"Laptop Dell Inspiron 3515 15\\\"/ AMD Ryzen 3/ 8GB RAM/ 256GB SSD/ Gris\", \"descuento\": 0, \"descripcion\": null, \"precio_venta\": 20000, \"precio_compra\": 15000}'),(25,'2023-10-21 19:51:36.364000','PUT','PRODUCTO','UPDATE PRODUCTO',4,'2023-10-21 19:51:36.368000','2023-10-21 19:51:36.368000',NULL,NULL,'{\"isv\": 0.15, \"activo\": true, \"modelo\": \"DELL-INSPIRON15-3515(R3)\", \"nombre\": \"Laptop Dell Inspiron 3515 15\\\"/ AMD Ryzen 3/ 8GB RAM/ 256GB SSD/ Gris\", \"descuento\": 0, \"descripcion\": null, \"precio_venta\": 20000, \"precio_compra\": 15000}'),(26,'2023-10-21 19:52:21.469000','PUT','PRODUCTO','UPDATE PRODUCTO',4,'2023-10-21 19:52:21.473000','2023-10-21 19:52:21.473000',NULL,NULL,'{\"isv\": 0.15, \"activo\": true, \"modelo\": \"DELL-INSPIRON15-3515(R3)\", \"nombre\": \"Laptop Dell Inspiron 3515 15\\\"/ AMD Ryzen 3/ 8GB RAM/ 256GB SSD/ Gris\", \"descuento\": 0, \"descripcion\": null, \"precio_venta\": 20000, \"precio_compra\": 15000}'),(27,'2023-10-21 19:55:00.172000','POST','PRODUCTO','CREATE NEW PRODUCTO',12,'2023-10-21 19:55:00.222000','2023-10-21 19:55:00.222000',NULL,NULL,'{\"isv\": 0.15, \"marca\": {\"count\": 0}, \"activo\": true, \"modelo\": \"IPHONE-11-128GB-BLK\", \"nombre\": \"Apple iPhone 11/ 4GB RAM/ 128GB/ Black\", \"descuento\": 0, \"descripcion\": null, \"precio_venta\": 16495, \"precio_compra\": 12000, \"subcategorias\": {\"count\": 1}}'),(28,'2023-10-21 19:55:13.742000','PUT','PRODUCTO','UPDATE PRODUCTO',12,'2023-10-21 19:55:13.746000','2023-10-21 19:55:13.746000',NULL,NULL,'{\"isv\": 0.15, \"activo\": true, \"modelo\": \"DELL-INSPIRON15-3515(R3)\", \"nombre\": \"Laptop Dell Inspiron 3515 15\\\"/ AMD Ryzen 3/ 8GB RAM/ 256GB SSD/ Gris\", \"descuento\": 0, \"descripcion\": null, \"precio_venta\": 20000, \"precio_compra\": 15000}'),(29,'2023-10-21 19:56:31.723000','PUT','PRODUCTO','UPDATE PRODUCTO',11,'2023-10-21 19:56:31.727000','2023-10-21 19:56:31.727000',NULL,NULL,'{\"isv\": 0.15, \"activo\": true, \"modelo\": \"DELL-INSPIRON15-3515(R3)\", \"nombre\": \"Laptop Dell Inspiron 3515 15\\\"/ AMD Ryzen 3/ 8GB RAM/ 256GB SSD/ Gris\", \"descuento\": 0, \"descripcion\": null, \"precio_venta\": 20000, \"precio_compra\": 15000}'),(30,'2023-10-21 19:56:56.089000','PUT','PRODUCTO','UPDATE PRODUCTO',11,'2023-10-21 19:56:56.095000','2023-10-21 19:56:56.095000',NULL,NULL,'{\"isv\": 0.15, \"activo\": true, \"modelo\": \"DELL-INSPIRON15-3515(R3)\", \"nombre\": \"Laptop Dell Inspiron 3515 15\\\"/ AMD Ryzen 3/ 8GB RAM/ 256GB SSD/ Gris\", \"descuento\": 0, \"descripcion\": null, \"precio_venta\": 20000, \"precio_compra\": 15000}'),(31,'2023-10-21 21:00:31.193000','PUT','PRODUCTO','UPDATE PRODUCTO',4,'2023-10-21 21:00:31.197000','2023-10-21 21:00:31.197000',NULL,NULL,'{\"isv\": 0.15, \"activo\": true, \"modelo\": \"DELL-INSPIRON15-3515(R3)\", \"nombre\": \"Laptop Dell Inspiron 3515 15\\\"/ AMD Ryzen 3/ 8GB RAM/ 256GB SSD/ Gris\", \"descuento\": 0, \"descripcion\": null, \"precio_venta\": 20000, \"precio_compra\": 15000}'),(32,'2023-10-22 01:16:13.480000','PUT','PRODUCTO','UPDATE PRODUCTO',4,'2023-10-22 01:16:13.483000','2023-10-22 01:16:13.483000',NULL,NULL,'{\"isv\": 0.15, \"activo\": true, \"modelo\": \"DELL-INSPIRON15-3515(R3)\", \"nombre\": \"Laptop Dell Inspiron 3515 15\\\"/ AMD Ryzen 3/ 8GB RAM/ 256GB SSD/ Gris\", \"descuento\": 0, \"descripcion\": null, \"precio_venta\": 20000, \"precio_compra\": 15000}'),(33,'2023-10-22 08:51:04.452000','PUT','PRODUCTO','UPDATE PRODUCTO',2,'2023-10-22 08:51:04.456000','2023-10-22 08:51:04.456000',NULL,NULL,'{\"isv\": 0.15, \"activo\": true, \"modelo\": \"DELL-INSPIRON15-3515(R3)\", \"nombre\": \"Laptop Dell Inspiron 3515 15\\\"/ AMD Ryzen 3/ 8GB RAM/ 256GB SSD/ Gris\", \"descuento\": 0, \"descripcion\": null, \"precio_venta\": 20000, \"precio_compra\": 15000}'),(34,'2023-10-22 09:10:57.122000','PUT','PRODUCTO','UPDATE PRODUCTO',2,'2023-10-22 09:10:57.138000','2023-10-22 09:10:57.138000',NULL,NULL,'{\"isv\": 0.15, \"activo\": false, \"modelo\": \"DELL-INSPIRON15-3515(R3)\", \"nombre\": \"Laptop Dell Inspiron 3515 15\\\"/ AMD Ryzen 3/ 8GB RAM/ 256GB SSD/ Gris\", \"descuento\": 0, \"descripcion\": null, \"precio_venta\": 20000, \"precio_compra\": 15000}'),(35,'2023-10-22 09:19:57.655000','PUT','PRODUCTO','UPDATE PRODUCTO',2,'2023-10-22 09:19:57.664000','2023-10-22 09:19:57.664000',NULL,NULL,'{\"isv\": 0.15, \"activo\": true, \"modelo\": \"DELL-INSPIRON15-3515(R3)\", \"nombre\": \"Laptop Dell Inspiron 3515 15\\\"/ AMD Ryzen 3/ 8GB RAM/ 256GB SSD/ Gris\", \"descuento\": 0, \"descripcion\": null, \"precio_venta\": 20000, \"precio_compra\": 15000}'),(36,'2023-10-22 09:22:20.667000','PUT','PRODUCTO','UPDATE PRODUCTO',2,'2023-10-22 09:22:20.686000','2023-10-22 09:22:20.686000',NULL,NULL,'{\"isv\": 0.15, \"activo\": false, \"modelo\": \"DELL-INSPIRON15-3515(R3)\", \"nombre\": \"Laptop Dell Inspiron 3515 15\\\"/ AMD Ryzen 3/ 8GB RAM/ 256GB SSD/ Gris\", \"descuento\": 0, \"descripcion\": null, \"precio_venta\": 20000, \"precio_compra\": 15000}'),(37,'2023-10-22 09:23:01.889000','PUT','PRODUCTO','UPDATE PRODUCTO',2,'2023-10-22 09:23:01.898000','2023-10-22 09:23:01.898000',NULL,NULL,'{\"isv\": 0.15, \"activo\": true, \"modelo\": \"DELL-INSPIRON15-3515(R3)\", \"nombre\": \"Laptop Dell Inspiron 3515 15\\\"/ AMD Ryzen 3/ 8GB RAM/ 256GB SSD/ Gris\", \"descuento\": 0, \"descripcion\": null, \"precio_venta\": 20000, \"precio_compra\": 15000}'),(38,'2023-10-22 09:23:21.273000','PUT','PRODUCTO','UPDATE PRODUCTO',2,'2023-10-22 09:23:21.280000','2023-10-22 09:23:21.280000',NULL,NULL,'{\"isv\": 0.15, \"activo\": false, \"modelo\": \"DELL-INSPIRON15-3515(R3)\", \"nombre\": \"Laptop Dell Inspiron 3515 15\\\"/ AMD Ryzen 3/ 8GB RAM/ 256GB SSD/ Gris\", \"descuento\": 0, \"descripcion\": null, \"precio_venta\": 20000, \"precio_compra\": 15000}'),(39,'2023-10-22 09:24:11.145000','PUT','PRODUCTO','UPDATE PRODUCTO',2,'2023-10-22 09:24:11.154000','2023-10-22 09:24:11.154000',NULL,NULL,'{\"isv\": 0.15, \"activo\": true, \"modelo\": \"DELL-INSPIRON15-3515(R3)\", \"nombre\": \"Laptop Dell Inspiron 3515 15\\\"/ AMD Ryzen 3/ 8GB RAM/ 256GB SSD/ Gris\", \"descuento\": 0, \"descripcion\": null, \"precio_venta\": 20000, \"precio_compra\": 15000}'),(40,'2023-11-23 18:14:37.372000','PUT','PRODUCTO','UPDATE PRODUCTO',11,'2023-11-23 18:14:37.376000','2023-11-23 18:14:37.376000',NULL,NULL,'{\"isv\": 0.15, \"activo\": false, \"modelo\": \"DELL-INSPIRON15-3515(R3)\", \"nombre\": \"Laptop Dell Inspiron 3515 15\\\"/ AMD Ryzen 3/ 8GB RAM/ 256GB SSD/ Gris\", \"descuento\": 0, \"descripcion\": null, \"precio_venta\": 20000, \"precio_compra\": 15000}'),(41,'2023-12-03 15:50:46.284000','POST','PRODUCTO','CREATE NEW PRODUCTO',13,'2023-12-03 15:50:46.315000','2023-12-03 15:50:46.315000',NULL,NULL,'{\"isv\": 0.15, \"marca\": {\"count\": 1}, \"activo\": true, \"modelo\": \"adsf\", \"nombre\": \"new Product\", \"descuento\": 0, \"descripcion\": null, \"precio_venta\": 2000, \"precio_compra\": 1000, \"subcategorias\": {\"count\": 1}}');
/*!40000 ALTER TABLE `logs` ENABLE KEYS */;
UNLOCK TABLES;

--
-- Table structure for table `logs_admin_user_links`
--

DROP TABLE IF EXISTS `logs_admin_user_links`;
/*!40101 SET @saved_cs_client     = @@character_set_client */;
/*!50503 SET character_set_client = utf8mb4 */;
CREATE TABLE `logs_admin_user_links` (
  `id` int unsigned NOT NULL AUTO_INCREMENT,
  `log_id` int unsigned DEFAULT NULL,
  `user_id` int unsigned DEFAULT NULL,
  PRIMARY KEY (`id`),
  UNIQUE KEY `logs_admin_user_links_unique` (`log_id`,`user_id`),
  KEY `logs_admin_user_links_fk` (`log_id`),
  KEY `logs_admin_user_links_inv_fk` (`user_id`),
  CONSTRAINT `logs_admin_user_links_fk` FOREIGN KEY (`log_id`) REFERENCES `logs` (`id`) ON DELETE CASCADE,
  CONSTRAINT `logs_admin_user_links_inv_fk` FOREIGN KEY (`user_id`) REFERENCES `admin_users` (`id`) ON DELETE CASCADE
) ENGINE=InnoDB AUTO_INCREMENT=41 DEFAULT CHARSET=utf8mb4 COLLATE=utf8mb4_0900_ai_ci;
/*!40101 SET character_set_client = @saved_cs_client */;

--
-- Dumping data for table `logs_admin_user_links`
--

LOCK TABLES `logs_admin_user_links` WRITE;
/*!40000 ALTER TABLE `logs_admin_user_links` DISABLE KEYS */;
INSERT INTO `logs_admin_user_links` VALUES (1,1,1),(2,2,1),(3,3,1),(5,5,1),(6,6,1),(7,7,1),(8,8,1),(9,9,1),(10,10,1),(11,11,1),(12,12,1),(13,13,1),(14,14,1),(15,16,1),(16,17,1),(17,18,1),(18,19,1),(19,20,1),(20,21,1),(21,22,1),(22,23,1),(23,24,1),(24,25,1),(25,26,1),(26,27,1),(27,28,1),(28,29,1),(29,30,1),(30,31,1),(31,32,1),(32,33,1),(33,34,1),(34,35,1),(35,36,1),(36,37,1),(37,38,1),(38,39,1),(39,40,1),(40,41,1);
/*!40000 ALTER TABLE `logs_admin_user_links` ENABLE KEYS */;
UNLOCK TABLES;

--
-- Table structure for table `marcas`
--

DROP TABLE IF EXISTS `marcas`;
/*!40101 SET @saved_cs_client     = @@character_set_client */;
/*!50503 SET character_set_client = utf8mb4 */;
CREATE TABLE `marcas` (
  `id` int unsigned NOT NULL AUTO_INCREMENT,
  `nombre` varchar(255) DEFAULT NULL,
  `created_at` datetime(6) DEFAULT NULL,
  `updated_at` datetime(6) DEFAULT NULL,
  `created_by_id` int unsigned DEFAULT NULL,
  `updated_by_id` int unsigned DEFAULT NULL,
  PRIMARY KEY (`id`),
  KEY `marcas_created_by_id_fk` (`created_by_id`),
  KEY `marcas_updated_by_id_fk` (`updated_by_id`),
  CONSTRAINT `marcas_created_by_id_fk` FOREIGN KEY (`created_by_id`) REFERENCES `admin_users` (`id`) ON DELETE SET NULL,
  CONSTRAINT `marcas_updated_by_id_fk` FOREIGN KEY (`updated_by_id`) REFERENCES `admin_users` (`id`) ON DELETE SET NULL
) ENGINE=InnoDB AUTO_INCREMENT=16 DEFAULT CHARSET=utf8mb4 COLLATE=utf8mb4_0900_ai_ci;
/*!40101 SET character_set_client = @saved_cs_client */;

--
-- Dumping data for table `marcas`
--

LOCK TABLES `marcas` WRITE;
/*!40000 ALTER TABLE `marcas` DISABLE KEYS */;
INSERT INTO `marcas` VALUES (1,'DELL','2023-07-30 09:45:38.927000','2023-10-21 18:42:57.811000',1,1),(4,'ASUS','2023-08-06 17:22:29.389000','2023-09-10 13:08:03.288000',1,1),(9,'ADAM ELEMENTS','2023-08-06 17:24:30.203000','2023-10-21 18:47:45.732000',1,1),(11,'AIWA','2023-10-21 18:48:28.010000','2023-10-21 18:48:28.010000',1,1),(12,'APPLE','2023-10-21 18:49:12.873000','2023-10-21 18:49:12.873000',1,1),(13,'HP','2023-10-21 18:49:50.198000','2023-10-21 18:49:50.198000',1,1),(14,'HUAWEI','2023-10-21 18:50:37.902000','2023-10-21 18:50:37.902000',1,1),(15,'FORZA','2023-10-21 19:52:09.833000','2023-10-21 19:52:09.833000',1,1);
/*!40000 ALTER TABLE `marcas` ENABLE KEYS */;
UNLOCK TABLES;

--
-- Table structure for table `ordens`
--

DROP TABLE IF EXISTS `ordens`;
/*!40101 SET @saved_cs_client     = @@character_set_client */;
/*!50503 SET character_set_client = utf8mb4 */;
CREATE TABLE `ordens` (
  `id` int unsigned NOT NULL AUTO_INCREMENT,
  `created_at` datetime(6) DEFAULT NULL,
  `updated_at` datetime(6) DEFAULT NULL,
  `created_by_id` int unsigned DEFAULT NULL,
  `updated_by_id` int unsigned DEFAULT NULL,
  `resumen` longtext,
  `estado` varchar(255) DEFAULT NULL,
  PRIMARY KEY (`id`),
  KEY `ordens_created_by_id_fk` (`created_by_id`),
  KEY `ordens_updated_by_id_fk` (`updated_by_id`),
  CONSTRAINT `ordens_created_by_id_fk` FOREIGN KEY (`created_by_id`) REFERENCES `admin_users` (`id`) ON DELETE SET NULL,
  CONSTRAINT `ordens_updated_by_id_fk` FOREIGN KEY (`updated_by_id`) REFERENCES `admin_users` (`id`) ON DELETE SET NULL
) ENGINE=InnoDB AUTO_INCREMENT=15 DEFAULT CHARSET=utf8mb4 COLLATE=utf8mb4_0900_ai_ci;
/*!40101 SET character_set_client = @saved_cs_client */;

--
-- Dumping data for table `ordens`
--

LOCK TABLES `ordens` WRITE;
/*!40000 ALTER TABLE `ordens` DISABLE KEYS */;
INSERT INTO `ordens` VALUES (1,'2023-11-21 18:38:26.148000','2023-11-25 23:11:56.794000',1,1,'Aqu se ingresa el resumen de la orden','Recibida'),(7,'2023-11-24 18:00:55.479000','2023-11-24 18:01:29.884000',NULL,NULL,'AREA DE VENTA SE QUEDO SIN PRODUCTO','EN PROCESO'),(8,'2023-11-25 21:36:22.071000','2023-11-25 21:36:22.071000',NULL,NULL,'','EN PROCESO'),(9,'2023-11-25 21:57:09.821000','2023-11-25 21:57:09.821000',NULL,NULL,'Cantidad baja en stock.','EN PROCESO'),(10,'2023-11-27 16:52:08.726000','2023-11-27 16:52:08.726000',NULL,NULL,'EJEMPLO','EN PROCESO'),(11,'2023-11-27 16:52:37.959000','2023-11-27 16:52:37.959000',NULL,NULL,'EJEMPLO','EN PROCESO'),(12,'2023-11-27 16:53:39.526000','2023-11-27 16:53:39.526000',NULL,NULL,'EJEMPLO','EN PROCESO'),(13,'2023-11-27 16:54:59.376000','2023-11-27 16:54:59.376000',NULL,NULL,'','EN PROCESO'),(14,'2023-11-27 16:56:49.979000','2023-11-27 16:56:49.979000',NULL,NULL,'','EN PROCESO');
/*!40000 ALTER TABLE `ordens` ENABLE KEYS */;
UNLOCK TABLES;

--
-- Table structure for table `ordens_components`
--

DROP TABLE IF EXISTS `ordens_components`;
/*!40101 SET @saved_cs_client     = @@character_set_client */;
/*!50503 SET character_set_client = utf8mb4 */;
CREATE TABLE `ordens_components` (
  `id` int unsigned NOT NULL AUTO_INCREMENT,
  `entity_id` int unsigned DEFAULT NULL,
  `component_id` int unsigned DEFAULT NULL,
  `component_type` varchar(255) DEFAULT NULL,
  `field` varchar(255) DEFAULT NULL,
  `order` double unsigned DEFAULT NULL,
  PRIMARY KEY (`id`),
  UNIQUE KEY `ordens_unique` (`entity_id`,`component_id`,`field`,`component_type`),
  KEY `ordens_field_index` (`field`),
  KEY `ordens_component_type_index` (`component_type`),
  KEY `ordens_entity_fk` (`entity_id`),
  CONSTRAINT `ordens_entity_fk` FOREIGN KEY (`entity_id`) REFERENCES `ordens` (`id`) ON DELETE CASCADE
) ENGINE=InnoDB AUTO_INCREMENT=32 DEFAULT CHARSET=utf8mb4 COLLATE=utf8mb4_0900_ai_ci;
/*!40101 SET character_set_client = @saved_cs_client */;

--
-- Dumping data for table `ordens_components`
--

LOCK TABLES `ordens_components` WRITE;
/*!40000 ALTER TABLE `ordens_components` DISABLE KEYS */;
INSERT INTO `ordens_components` VALUES (22,7,19,'detalles.ordenes','Ordenes',1),(23,8,20,'detalles.ordenes','Ordenes',1),(24,9,21,'detalles.ordenes','Ordenes',1),(25,1,22,'detalles.ordenes','Ordenes',1),(26,1,23,'detalles.ordenes','Ordenes',2),(27,10,24,'detalles.ordenes','Ordenes',1),(28,11,25,'detalles.ordenes','Ordenes',1),(29,12,26,'detalles.ordenes','Ordenes',1),(30,13,27,'detalles.ordenes','Ordenes',1),(31,14,28,'detalles.ordenes','Ordenes',1);
/*!40000 ALTER TABLE `ordens_components` ENABLE KEYS */;
UNLOCK TABLES;

--
-- Table structure for table `ordens_encargado_links`
--

DROP TABLE IF EXISTS `ordens_encargado_links`;
/*!40101 SET @saved_cs_client     = @@character_set_client */;
/*!50503 SET character_set_client = utf8mb4 */;
CREATE TABLE `ordens_encargado_links` (
  `id` int unsigned NOT NULL AUTO_INCREMENT,
  `orden_id` int unsigned DEFAULT NULL,
  `user_id` int unsigned DEFAULT NULL,
  PRIMARY KEY (`id`),
  UNIQUE KEY `ordens_encargado_links_unique` (`orden_id`,`user_id`),
  KEY `ordens_encargado_links_fk` (`orden_id`),
  KEY `ordens_encargado_links_inv_fk` (`user_id`),
  CONSTRAINT `ordens_encargado_links_fk` FOREIGN KEY (`orden_id`) REFERENCES `ordens` (`id`) ON DELETE CASCADE,
  CONSTRAINT `ordens_encargado_links_inv_fk` FOREIGN KEY (`user_id`) REFERENCES `up_users` (`id`) ON DELETE CASCADE
) ENGINE=InnoDB AUTO_INCREMENT=23 DEFAULT CHARSET=utf8mb4 COLLATE=utf8mb4_0900_ai_ci;
/*!40101 SET character_set_client = @saved_cs_client */;

--
-- Dumping data for table `ordens_encargado_links`
--

LOCK TABLES `ordens_encargado_links` WRITE;
/*!40000 ALTER TABLE `ordens_encargado_links` DISABLE KEYS */;
INSERT INTO `ordens_encargado_links` VALUES (1,1,10),(13,7,10),(15,8,10),(16,9,10),(18,10,10),(19,11,10),(20,12,10),(21,13,10),(22,14,10);
/*!40000 ALTER TABLE `ordens_encargado_links` ENABLE KEYS */;
UNLOCK TABLES;

--
-- Table structure for table `ordens_proveedor_links`
--

DROP TABLE IF EXISTS `ordens_proveedor_links`;
/*!40101 SET @saved_cs_client     = @@character_set_client */;
/*!50503 SET character_set_client = utf8mb4 */;
CREATE TABLE `ordens_proveedor_links` (
  `id` int unsigned NOT NULL AUTO_INCREMENT,
  `orden_id` int unsigned DEFAULT NULL,
  `proveedor_id` int unsigned DEFAULT NULL,
  PRIMARY KEY (`id`),
  UNIQUE KEY `ordens_proveedor_links_unique` (`orden_id`,`proveedor_id`),
  KEY `ordens_proveedor_links_fk` (`orden_id`),
  KEY `ordens_proveedor_links_inv_fk` (`proveedor_id`),
  CONSTRAINT `ordens_proveedor_links_fk` FOREIGN KEY (`orden_id`) REFERENCES `ordens` (`id`) ON DELETE CASCADE,
  CONSTRAINT `ordens_proveedor_links_inv_fk` FOREIGN KEY (`proveedor_id`) REFERENCES `proveedors` (`id`) ON DELETE CASCADE
) ENGINE=InnoDB AUTO_INCREMENT=24 DEFAULT CHARSET=utf8mb4 COLLATE=utf8mb4_0900_ai_ci;
/*!40101 SET character_set_client = @saved_cs_client */;

--
-- Dumping data for table `ordens_proveedor_links`
--

LOCK TABLES `ordens_proveedor_links` WRITE;
/*!40000 ALTER TABLE `ordens_proveedor_links` DISABLE KEYS */;
INSERT INTO `ordens_proveedor_links` VALUES (1,1,1),(14,7,1),(16,8,1),(17,9,1),(19,10,1),(20,11,1),(21,12,1),(22,13,1),(23,14,1);
/*!40000 ALTER TABLE `ordens_proveedor_links` ENABLE KEYS */;
UNLOCK TABLES;

--
-- Table structure for table `productos`
--

DROP TABLE IF EXISTS `productos`;
/*!40101 SET @saved_cs_client     = @@character_set_client */;
/*!50503 SET character_set_client = utf8mb4 */;
CREATE TABLE `productos` (
  `id` int unsigned NOT NULL AUTO_INCREMENT,
  `created_at` datetime(6) DEFAULT NULL,
  `updated_at` datetime(6) DEFAULT NULL,
  `created_by_id` int unsigned DEFAULT NULL,
  `updated_by_id` int unsigned DEFAULT NULL,
  `nombre` varchar(255) DEFAULT NULL,
  `codigo` varchar(255) DEFAULT NULL,
  `descripcion` longtext,
  `isv` decimal(10,2) DEFAULT NULL,
  `precio_venta` double DEFAULT NULL,
  `precio_compra` double DEFAULT NULL,
  `existencia` int DEFAULT NULL,
  `descuento` decimal(10,2) DEFAULT NULL,
  `modelo` varchar(255) DEFAULT NULL,
  `activo` tinyint(1) DEFAULT NULL,
  PRIMARY KEY (`id`),
  KEY `productos_created_by_id_fk` (`created_by_id`),
  KEY `productos_updated_by_id_fk` (`updated_by_id`),
  CONSTRAINT `productos_created_by_id_fk` FOREIGN KEY (`created_by_id`) REFERENCES `admin_users` (`id`) ON DELETE SET NULL,
  CONSTRAINT `productos_updated_by_id_fk` FOREIGN KEY (`updated_by_id`) REFERENCES `admin_users` (`id`) ON DELETE SET NULL
) ENGINE=InnoDB AUTO_INCREMENT=14 DEFAULT CHARSET=utf8mb4 COLLATE=utf8mb4_0900_ai_ci;
/*!40101 SET character_set_client = @saved_cs_client */;

--
-- Dumping data for table `productos`
--

LOCK TABLES `productos` WRITE;
/*!40000 ALTER TABLE `productos` DISABLE KEYS */;
INSERT INTO `productos` VALUES (2,'2023-07-30 12:32:42.983000','2023-10-27 20:28:08.071000',2,1,'Laptop Dell Inspiron 3515 15\"/ AMD Ryzen 3/ 8GB RAM/ 256GB SSD/ Gris','1234567890123',NULL,0.15,20000,15000,95,0.00,'DELL-INSPIRON15-3515(R3)',0),(3,'2023-09-03 21:55:25.815000','2023-12-15 18:48:24.184000',1,1,'Laptop Dell Inspiron 3511 15\"/ Intel Core I7/ 11va Generacin/ 8GB RAM/ 256GB SSD/ Negra','1112222222222','Laptop de 15,6 pulgadas con las ltimas opciones de procesadores Intel Core de la 11. generacin, una esttica elegante y un diseo sustentable y reflexivo, con caractersticas esenciales para el uso diario. (K33C2)',0.15,23995,3000,169,0.00,'DELL-INSPIRON15-3511(I7)2',1),(4,'2023-10-15 17:53:47.356000','2023-11-26 11:07:39.656000',NULL,1,'UPS FORZA','9876543210123','Descripcin del nuevo producto',0.15,2550,2000,67,0.00,'Nuevo Modelo',1),(11,'2023-10-17 16:03:04.712000','2023-11-26 10:45:22.192000',1,1,'Apple iPhone 13/ 4GB RAM/ 128GB/ Starlight','9821412412731','Celular marca APPLE ao 2023',0.15,20000,15000,0,0.10,'IPHONE-13-128GB-STARLIGHT',1),(12,'2023-10-21 19:55:00.172000','2023-11-26 10:45:22.166000',1,1,'Apple iPhone 11/ 4GB RAM/ 128GB/ Black','2123146341241',NULL,0.15,16495,12000,36,0.00,'IPHONE-11-128GB-BLK',1),(13,'2023-12-03 15:50:46.284000','2023-12-03 15:50:46.284000',1,1,'new Product','1234567899332',NULL,0.15,2000,1000,1,0.00,'adsf',1);
/*!40000 ALTER TABLE `productos` ENABLE KEYS */;
UNLOCK TABLES;

--
-- Table structure for table `productos_marca_links`
--

DROP TABLE IF EXISTS `productos_marca_links`;
/*!40101 SET @saved_cs_client     = @@character_set_client */;
/*!50503 SET character_set_client = utf8mb4 */;
CREATE TABLE `productos_marca_links` (
  `id` int unsigned NOT NULL AUTO_INCREMENT,
  `producto_id` int unsigned DEFAULT NULL,
  `marca_id` int unsigned DEFAULT NULL,
  PRIMARY KEY (`id`),
  UNIQUE KEY `productos_marca_links_unique` (`producto_id`,`marca_id`),
  KEY `productos_marca_links_fk` (`producto_id`),
  KEY `productos_marca_links_inv_fk` (`marca_id`),
  CONSTRAINT `productos_marca_links_fk` FOREIGN KEY (`producto_id`) REFERENCES `productos` (`id`) ON DELETE CASCADE,
  CONSTRAINT `productos_marca_links_inv_fk` FOREIGN KEY (`marca_id`) REFERENCES `marcas` (`id`) ON DELETE CASCADE
) ENGINE=InnoDB AUTO_INCREMENT=15 DEFAULT CHARSET=utf8mb4 COLLATE=utf8mb4_0900_ai_ci;
/*!40101 SET character_set_client = @saved_cs_client */;

--
-- Dumping data for table `productos_marca_links`
--

LOCK TABLES `productos_marca_links` WRITE;
/*!40000 ALTER TABLE `productos_marca_links` DISABLE KEYS */;
INSERT INTO `productos_marca_links` VALUES (2,2,1),(10,3,1),(11,4,15),(13,11,12),(12,12,12),(14,13,12);
/*!40000 ALTER TABLE `productos_marca_links` ENABLE KEYS */;
UNLOCK TABLES;

--
-- Table structure for table `productos_subcategorias_links`
--

DROP TABLE IF EXISTS `productos_subcategorias_links`;
/*!40101 SET @saved_cs_client     = @@character_set_client */;
/*!50503 SET character_set_client = utf8mb4 */;
CREATE TABLE `productos_subcategorias_links` (
  `id` int unsigned NOT NULL AUTO_INCREMENT,
  `producto_id` int unsigned DEFAULT NULL,
  `subcategoria_id` int unsigned DEFAULT NULL,
  `subcategoria_order` double unsigned DEFAULT NULL,
  PRIMARY KEY (`id`),
  UNIQUE KEY `productos_subcategorias_links_unique` (`producto_id`,`subcategoria_id`),
  KEY `productos_subcategorias_links_fk` (`producto_id`),
  KEY `productos_subcategorias_links_inv_fk` (`subcategoria_id`),
  KEY `productos_subcategorias_links_order_fk` (`subcategoria_order`),
  CONSTRAINT `productos_subcategorias_links_fk` FOREIGN KEY (`producto_id`) REFERENCES `productos` (`id`) ON DELETE CASCADE,
  CONSTRAINT `productos_subcategorias_links_inv_fk` FOREIGN KEY (`subcategoria_id`) REFERENCES `subcategorias` (`id`) ON DELETE CASCADE
) ENGINE=InnoDB AUTO_INCREMENT=21 DEFAULT CHARSET=utf8mb4 COLLATE=utf8mb4_0900_ai_ci;
/*!40101 SET character_set_client = @saved_cs_client */;

--
-- Dumping data for table `productos_subcategorias_links`
--

LOCK TABLES `productos_subcategorias_links` WRITE;
/*!40000 ALTER TABLE `productos_subcategorias_links` DISABLE KEYS */;
INSERT INTO `productos_subcategorias_links` VALUES (1,2,1,1),(15,3,1,1),(16,2,15,2),(17,4,16,1),(18,12,17,0),(19,11,17,1),(20,13,17,0);
/*!40000 ALTER TABLE `productos_subcategorias_links` ENABLE KEYS */;
UNLOCK TABLES;

--
-- Table structure for table `promocions`
--

DROP TABLE IF EXISTS `promocions`;
/*!40101 SET @saved_cs_client     = @@character_set_client */;
/*!50503 SET character_set_client = utf8mb4 */;
CREATE TABLE `promocions` (
  `id` int unsigned NOT NULL AUTO_INCREMENT,
  `nombre_promocion` varchar(255) DEFAULT NULL,
  `fecha_inicio` date DEFAULT NULL,
  `fecha_fin` date DEFAULT NULL,
  `created_at` datetime(6) DEFAULT NULL,
  `updated_at` datetime(6) DEFAULT NULL,
  `created_by_id` int unsigned DEFAULT NULL,
  `updated_by_id` int unsigned DEFAULT NULL,
  PRIMARY KEY (`id`),
  KEY `promocions_created_by_id_fk` (`created_by_id`),
  KEY `promocions_updated_by_id_fk` (`updated_by_id`),
  CONSTRAINT `promocions_created_by_id_fk` FOREIGN KEY (`created_by_id`) REFERENCES `admin_users` (`id`) ON DELETE SET NULL,
  CONSTRAINT `promocions_updated_by_id_fk` FOREIGN KEY (`updated_by_id`) REFERENCES `admin_users` (`id`) ON DELETE SET NULL
) ENGINE=InnoDB DEFAULT CHARSET=utf8mb4 COLLATE=utf8mb4_0900_ai_ci;
/*!40101 SET character_set_client = @saved_cs_client */;

--
-- Dumping data for table `promocions`
--

LOCK TABLES `promocions` WRITE;
/*!40000 ALTER TABLE `promocions` DISABLE KEYS */;
/*!40000 ALTER TABLE `promocions` ENABLE KEYS */;
UNLOCK TABLES;

--
-- Table structure for table `proveedors`
--

DROP TABLE IF EXISTS `proveedors`;
/*!40101 SET @saved_cs_client     = @@character_set_client */;
/*!50503 SET character_set_client = utf8mb4 */;
CREATE TABLE `proveedors` (
  `id` int unsigned NOT NULL AUTO_INCREMENT,
  `rtn` varchar(255) DEFAULT NULL,
  `nombre` varchar(255) DEFAULT NULL,
  `telefono` varchar(255) DEFAULT NULL,
  `direccion` varchar(255) DEFAULT NULL,
  `correo` varchar(255) DEFAULT NULL,
  `website` varchar(255) DEFAULT NULL,
  `vendedor` varchar(255) DEFAULT NULL,
  `contacto_vendedor` varchar(255) DEFAULT NULL,
  `created_at` datetime(6) DEFAULT NULL,
  `updated_at` datetime(6) DEFAULT NULL,
  `created_by_id` int unsigned DEFAULT NULL,
  `updated_by_id` int unsigned DEFAULT NULL,
  PRIMARY KEY (`id`),
  KEY `proveedors_created_by_id_fk` (`created_by_id`),
  KEY `proveedors_updated_by_id_fk` (`updated_by_id`),
  CONSTRAINT `proveedors_created_by_id_fk` FOREIGN KEY (`created_by_id`) REFERENCES `admin_users` (`id`) ON DELETE SET NULL,
  CONSTRAINT `proveedors_updated_by_id_fk` FOREIGN KEY (`updated_by_id`) REFERENCES `admin_users` (`id`) ON DELETE SET NULL
) ENGINE=InnoDB AUTO_INCREMENT=2 DEFAULT CHARSET=utf8mb4 COLLATE=utf8mb4_0900_ai_ci;
/*!40101 SET character_set_client = @saved_cs_client */;

--
-- Dumping data for table `proveedors`
--

LOCK TABLES `proveedors` WRITE;
/*!40000 ALTER TABLE `proveedors` DISABLE KEYS */;
INSERT INTO `proveedors` VALUES (1,'03012011010932','DELL CORPORATION','13124122','U.S.A.','dell.contability@gmail.com','www.dell.com','Juan Antonio Soler Castillo','33451451','2023-08-05 22:26:52.442000','2023-08-05 22:26:53.109000',1,1);
/*!40000 ALTER TABLE `proveedors` ENABLE KEYS */;
UNLOCK TABLES;

--
-- Table structure for table `strapi_api_token_permissions`
--

DROP TABLE IF EXISTS `strapi_api_token_permissions`;
/*!40101 SET @saved_cs_client     = @@character_set_client */;
/*!50503 SET character_set_client = utf8mb4 */;
CREATE TABLE `strapi_api_token_permissions` (
  `id` int unsigned NOT NULL AUTO_INCREMENT,
  `action` varchar(255) DEFAULT NULL,
  `created_at` datetime(6) DEFAULT NULL,
  `updated_at` datetime(6) DEFAULT NULL,
  `created_by_id` int unsigned DEFAULT NULL,
  `updated_by_id` int unsigned DEFAULT NULL,
  PRIMARY KEY (`id`),
  KEY `strapi_api_token_permissions_created_by_id_fk` (`created_by_id`),
  KEY `strapi_api_token_permissions_updated_by_id_fk` (`updated_by_id`),
  CONSTRAINT `strapi_api_token_permissions_created_by_id_fk` FOREIGN KEY (`created_by_id`) REFERENCES `admin_users` (`id`) ON DELETE SET NULL,
  CONSTRAINT `strapi_api_token_permissions_updated_by_id_fk` FOREIGN KEY (`updated_by_id`) REFERENCES `admin_users` (`id`) ON DELETE SET NULL
) ENGINE=InnoDB AUTO_INCREMENT=110 DEFAULT CHARSET=utf8mb4 COLLATE=utf8mb4_0900_ai_ci;
/*!40101 SET character_set_client = @saved_cs_client */;

--
-- Dumping data for table `strapi_api_token_permissions`
--

LOCK TABLES `strapi_api_token_permissions` WRITE;
/*!40000 ALTER TABLE `strapi_api_token_permissions` DISABLE KEYS */;
INSERT INTO `strapi_api_token_permissions` VALUES (9,'api::compra.compra.find','2023-10-31 16:43:32.126000','2023-10-31 16:43:32.126000',NULL,NULL),(10,'api::categoria.categoria.find','2023-12-03 20:34:30.657000','2023-12-03 20:34:30.657000',NULL,NULL),(11,'api::categoria.categoria.findOne','2023-12-03 20:34:30.657000','2023-12-03 20:34:30.657000',NULL,NULL),(12,'api::categoria.categoria.create','2023-12-03 20:34:30.657000','2023-12-03 20:34:30.657000',NULL,NULL),(13,'api::categoria.categoria.update','2023-12-03 20:34:30.657000','2023-12-03 20:34:30.657000',NULL,NULL),(14,'api::categoria.categoria.delete','2023-12-03 20:34:30.657000','2023-12-03 20:34:30.657000',NULL,NULL),(15,'api::compra.compra.find','2023-12-03 20:34:30.657000','2023-12-03 20:34:30.657000',NULL,NULL),(16,'api::compra.compra.findOne','2023-12-03 20:34:30.657000','2023-12-03 20:34:30.657000',NULL,NULL),(17,'api::compra.compra.create','2023-12-03 20:34:30.657000','2023-12-03 20:34:30.657000',NULL,NULL),(18,'api::compra.compra.update','2023-12-03 20:34:30.657000','2023-12-03 20:34:30.657000',NULL,NULL),(19,'api::compra.compra.delete','2023-12-03 20:34:30.657000','2023-12-03 20:34:30.657000',NULL,NULL),(20,'api::correlativo.correlativo.find','2023-12-03 20:34:30.657000','2023-12-03 20:34:30.657000',NULL,NULL),(21,'api::correlativo.correlativo.update','2023-12-03 20:34:30.657000','2023-12-03 20:34:30.657000',NULL,NULL),(22,'api::correlativo.correlativo.delete','2023-12-03 20:34:30.657000','2023-12-03 20:34:30.657000',NULL,NULL),(23,'api::cupon.cupon.find','2023-12-03 20:34:30.657000','2023-12-03 20:34:30.657000',NULL,NULL),(24,'api::cupon.cupon.findOne','2023-12-03 20:34:30.657000','2023-12-03 20:34:30.657000',NULL,NULL),(25,'api::cupon.cupon.create','2023-12-03 20:34:30.657000','2023-12-03 20:34:30.657000',NULL,NULL),(26,'api::cupon.cupon.update','2023-12-03 20:34:30.657000','2023-12-03 20:34:30.657000',NULL,NULL),(27,'api::cupon.cupon.delete','2023-12-03 20:34:30.657000','2023-12-03 20:34:30.657000',NULL,NULL),(28,'api::danado.danado.find','2023-12-03 20:34:30.657000','2023-12-03 20:34:30.657000',NULL,NULL),(29,'api::danado.danado.findOne','2023-12-03 20:34:30.657000','2023-12-03 20:34:30.657000',NULL,NULL),(30,'api::danado.danado.create','2023-12-03 20:34:30.657000','2023-12-03 20:34:30.657000',NULL,NULL),(31,'api::danado.danado.update','2023-12-03 20:34:30.657000','2023-12-03 20:34:30.657000',NULL,NULL),(32,'api::danado.danado.delete','2023-12-03 20:34:30.657000','2023-12-03 20:34:30.657000',NULL,NULL),(33,'api::devolucion.devolucion.report','2023-12-03 20:34:30.657000','2023-12-03 20:34:30.657000',NULL,NULL),(34,'api::devolucion.devolucion.find','2023-12-03 20:34:30.657000','2023-12-03 20:34:30.657000',NULL,NULL),(35,'api::devolucion.devolucion.findOne','2023-12-03 20:34:30.657000','2023-12-03 20:34:30.657000',NULL,NULL),(36,'api::devolucion.devolucion.create','2023-12-03 20:34:30.657000','2023-12-03 20:34:30.657000',NULL,NULL),(37,'api::devolucion.devolucion.update','2023-12-03 20:34:30.657000','2023-12-03 20:34:30.657000',NULL,NULL),(38,'api::devolucion.devolucion.delete','2023-12-03 20:34:30.657000','2023-12-03 20:34:30.657000',NULL,NULL),(39,'api::empresa.empresa.find','2023-12-03 20:34:30.657000','2023-12-03 20:34:30.657000',NULL,NULL),(40,'api::empresa.empresa.update','2023-12-03 20:34:30.657000','2023-12-03 20:34:30.657000',NULL,NULL),(41,'api::empresa.empresa.delete','2023-12-03 20:34:30.657000','2023-12-03 20:34:30.657000',NULL,NULL),(42,'api::garantia.garantia.find','2023-12-03 20:34:30.657000','2023-12-03 20:34:30.657000',NULL,NULL),(43,'api::garantia.garantia.findOne','2023-12-03 20:34:30.657000','2023-12-03 20:34:30.657000',NULL,NULL),(44,'api::garantia.garantia.create','2023-12-03 20:34:30.657000','2023-12-03 20:34:30.657000',NULL,NULL),(45,'api::garantia.garantia.update','2023-12-03 20:34:30.657000','2023-12-03 20:34:30.657000',NULL,NULL),(46,'api::garantia.garantia.delete','2023-12-03 20:34:30.657000','2023-12-03 20:34:30.657000',NULL,NULL),(47,'api::interaccion.interaccion.find','2023-12-03 20:34:30.657000','2023-12-03 20:34:30.657000',NULL,NULL),(48,'api::interaccion.interaccion.findOne','2023-12-03 20:34:30.657000','2023-12-03 20:34:30.657000',NULL,NULL),(49,'api::interaccion.interaccion.create','2023-12-03 20:34:30.657000','2023-12-03 20:34:30.657000',NULL,NULL),(50,'api::interaccion.interaccion.update','2023-12-03 20:34:30.657000','2023-12-03 20:34:30.657000',NULL,NULL),(51,'api::interaccion.interaccion.delete','2023-12-03 20:34:30.657000','2023-12-03 20:34:30.657000',NULL,NULL),(52,'api::log.log.find','2023-12-03 20:34:30.657000','2023-12-03 20:34:30.657000',NULL,NULL),(53,'api::log.log.findOne','2023-12-03 20:34:30.657000','2023-12-03 20:34:30.657000',NULL,NULL),(54,'api::log.log.create','2023-12-03 20:34:30.657000','2023-12-03 20:34:30.657000',NULL,NULL),(55,'api::log.log.update','2023-12-03 20:34:30.657000','2023-12-03 20:34:30.657000',NULL,NULL),(56,'api::log.log.delete','2023-12-03 20:34:30.657000','2023-12-03 20:34:30.657000',NULL,NULL),(57,'api::marca.marca.find','2023-12-03 20:34:30.657000','2023-12-03 20:34:30.657000',NULL,NULL),(58,'api::marca.marca.findOne','2023-12-03 20:34:30.657000','2023-12-03 20:34:30.657000',NULL,NULL),(59,'api::marca.marca.create','2023-12-03 20:34:30.657000','2023-12-03 20:34:30.657000',NULL,NULL),(60,'api::marca.marca.update','2023-12-03 20:34:30.657000','2023-12-03 20:34:30.657000',NULL,NULL),(61,'api::marca.marca.delete','2023-12-03 20:34:30.657000','2023-12-03 20:34:30.657000',NULL,NULL),(62,'api::orden.orden.find','2023-12-03 20:34:30.657000','2023-12-03 20:34:30.657000',NULL,NULL),(63,'api::orden.orden.findOne','2023-12-03 20:34:30.657000','2023-12-03 20:34:30.657000',NULL,NULL),(64,'api::orden.orden.create','2023-12-03 20:34:30.657000','2023-12-03 20:34:30.657000',NULL,NULL),(65,'api::orden.orden.update','2023-12-03 20:34:30.657000','2023-12-03 20:34:30.657000',NULL,NULL),(66,'api::orden.orden.delete','2023-12-03 20:34:30.657000','2023-12-03 20:34:30.657000',NULL,NULL),(67,'api::producto.producto.find','2023-12-03 20:34:30.657000','2023-12-03 20:34:30.657000',NULL,NULL),(68,'api::producto.producto.findOne','2023-12-03 20:34:30.657000','2023-12-03 20:34:30.657000',NULL,NULL),(69,'api::producto.producto.create','2023-12-03 20:34:30.657000','2023-12-03 20:34:30.657000',NULL,NULL),(70,'api::producto.producto.update','2023-12-03 20:34:30.657000','2023-12-03 20:34:30.657000',NULL,NULL),(71,'api::producto.producto.delete','2023-12-03 20:34:30.657000','2023-12-03 20:34:30.657000',NULL,NULL),(72,'api::promocion.promocion.find','2023-12-03 20:34:30.657000','2023-12-03 20:34:30.657000',NULL,NULL),(73,'api::promocion.promocion.findOne','2023-12-03 20:34:30.657000','2023-12-03 20:34:30.657000',NULL,NULL),(74,'api::promocion.promocion.create','2023-12-03 20:34:30.657000','2023-12-03 20:34:30.657000',NULL,NULL),(75,'api::promocion.promocion.update','2023-12-03 20:34:30.657000','2023-12-03 20:34:30.657000',NULL,NULL),(76,'api::promocion.promocion.delete','2023-12-03 20:34:30.657000','2023-12-03 20:34:30.657000',NULL,NULL),(77,'api::proveedor.proveedor.find','2023-12-03 20:34:30.657000','2023-12-03 20:34:30.657000',NULL,NULL),(78,'api::proveedor.proveedor.findOne','2023-12-03 20:34:30.657000','2023-12-03 20:34:30.657000',NULL,NULL),(79,'api::proveedor.proveedor.create','2023-12-03 20:34:30.657000','2023-12-03 20:34:30.657000',NULL,NULL),(80,'api::proveedor.proveedor.update','2023-12-03 20:34:30.657000','2023-12-03 20:34:30.657000',NULL,NULL),(81,'api::proveedor.proveedor.delete','2023-12-03 20:34:30.657000','2023-12-03 20:34:30.657000',NULL,NULL),(82,'api::subcategoria.subcategoria.find','2023-12-03 20:34:30.657000','2023-12-03 20:34:30.657000',NULL,NULL),(83,'api::subcategoria.subcategoria.findOne','2023-12-03 20:34:30.657000','2023-12-03 20:34:30.657000',NULL,NULL),(84,'api::subcategoria.subcategoria.create','2023-12-03 20:34:30.657000','2023-12-03 20:34:30.657000',NULL,NULL),(85,'api::subcategoria.subcategoria.update','2023-12-03 20:34:30.657000','2023-12-03 20:34:30.657000',NULL,NULL),(86,'api::subcategoria.subcategoria.delete','2023-12-03 20:34:30.657000','2023-12-03 20:34:30.657000',NULL,NULL),(87,'api::sucursal.sucursal.find','2023-12-03 20:34:30.657000','2023-12-03 20:34:30.657000',NULL,NULL),(88,'api::sucursal.sucursal.findOne','2023-12-03 20:34:30.657000','2023-12-03 20:34:30.657000',NULL,NULL),(89,'api::sucursal.sucursal.create','2023-12-03 20:34:30.657000','2023-12-03 20:34:30.657000',NULL,NULL),(90,'api::sucursal.sucursal.update','2023-12-03 20:34:30.657000','2023-12-03 20:34:30.657000',NULL,NULL),(91,'api::sucursal.sucursal.delete','2023-12-03 20:34:30.657000','2023-12-03 20:34:30.657000',NULL,NULL),(92,'api::venta.venta.report','2023-12-03 20:34:30.657000','2023-12-03 20:34:30.657000',NULL,NULL),(93,'api::venta.venta.find','2023-12-03 20:34:30.657000','2023-12-03 20:34:30.657000',NULL,NULL),(94,'api::venta.venta.findOne','2023-12-03 20:34:30.657000','2023-12-03 20:34:30.657000',NULL,NULL),(95,'api::venta.venta.create','2023-12-03 20:34:30.657000','2023-12-03 20:34:30.657000',NULL,NULL),(96,'api::venta.venta.update','2023-12-03 20:34:30.657000','2023-12-03 20:34:30.657000',NULL,NULL),(97,'api::venta.venta.delete','2023-12-03 20:34:30.657000','2023-12-03 20:34:30.657000',NULL,NULL),(98,'plugin::users-permissions.user.find','2023-12-03 20:34:30.657000','2023-12-03 20:34:30.657000',NULL,NULL),(99,'plugin::users-permissions.role.find','2023-12-03 20:34:30.657000','2023-12-03 20:34:30.657000',NULL,NULL);
/*!40000 ALTER TABLE `strapi_api_token_permissions` ENABLE KEYS */;
UNLOCK TABLES;

--
-- Table structure for table `strapi_api_token_permissions_token_links`
--

DROP TABLE IF EXISTS `strapi_api_token_permissions_token_links`;
/*!40101 SET @saved_cs_client     = @@character_set_client */;
/*!50503 SET character_set_client = utf8mb4 */;
CREATE TABLE `strapi_api_token_permissions_token_links` (
  `id` int unsigned NOT NULL AUTO_INCREMENT,
  `api_token_permission_id` int unsigned DEFAULT NULL,
  `api_token_id` int unsigned DEFAULT NULL,
  `api_token_permission_order` double unsigned DEFAULT NULL,
  PRIMARY KEY (`id`),
  UNIQUE KEY `strapi_api_token_permissions_token_links_unique` (`api_token_permission_id`,`api_token_id`),
  KEY `strapi_api_token_permissions_token_links_fk` (`api_token_permission_id`),
  KEY `strapi_api_token_permissions_token_links_inv_fk` (`api_token_id`),
  KEY `strapi_api_token_permissions_token_links_order_inv_fk` (`api_token_permission_order`),
  CONSTRAINT `strapi_api_token_permissions_token_links_fk` FOREIGN KEY (`api_token_permission_id`) REFERENCES `strapi_api_token_permissions` (`id`) ON DELETE CASCADE,
  CONSTRAINT `strapi_api_token_permissions_token_links_inv_fk` FOREIGN KEY (`api_token_id`) REFERENCES `strapi_api_tokens` (`id`) ON DELETE CASCADE
) ENGINE=InnoDB AUTO_INCREMENT=110 DEFAULT CHARSET=utf8mb4 COLLATE=utf8mb4_0900_ai_ci;
/*!40101 SET character_set_client = @saved_cs_client */;

--
-- Dumping data for table `strapi_api_token_permissions_token_links`
--

LOCK TABLES `strapi_api_token_permissions_token_links` WRITE;
/*!40000 ALTER TABLE `strapi_api_token_permissions_token_links` DISABLE KEYS */;
INSERT INTO `strapi_api_token_permissions_token_links` VALUES (9,9,3,1),(10,10,4,1),(11,11,4,1),(12,13,4,1),(13,16,4,1),(14,12,4,1),(15,14,4,1),(16,15,4,1),(17,17,4,1),(18,20,4,1),(19,21,4,2),(20,18,4,2),(21,19,4,2),(22,26,4,2),(23,22,4,2),(24,23,4,3),(25,25,4,3),(26,24,4,3),(27,27,4,3),(28,29,4,3),(29,28,4,3),(30,35,4,3),(31,30,4,3),(32,34,4,3),(33,33,4,3),(34,32,4,4),(35,31,4,4),(36,36,4,4),(37,37,4,4),(38,38,4,5),(39,39,4,5),(40,40,4,5),(41,41,4,5),(42,44,4,5),(43,45,4,5),(44,42,4,5),(45,43,4,5),(46,46,4,6),(47,48,4,6),(48,49,4,6),(49,47,4,6),(50,51,4,6),(51,50,4,6),(52,55,4,6),(53,52,4,6),(54,53,4,6),(55,54,4,6),(56,58,4,7),(57,56,4,7),(58,59,4,7),(59,57,4,7),(60,60,4,7),(61,63,4,7),(62,62,4,7),(63,61,4,7),(64,67,4,7),(65,64,4,8),(66,65,4,8),(67,68,4,8),(68,69,4,8),(69,66,4,8),(70,72,4,8),(71,70,4,8),(72,73,4,8),(73,71,4,8),(74,74,4,8),(75,76,4,9),(76,78,4,9),(77,77,4,9),(78,75,4,9),(79,79,4,9),(80,80,4,9),(81,81,4,9),(82,82,4,9),(83,83,4,9),(84,84,4,9),(85,88,4,10),(86,87,4,10),(87,89,4,10),(88,85,4,10),(89,86,4,10),(90,93,4,10),(91,90,4,10),(92,91,4,10),(93,92,4,10),(94,94,4,10),(95,99,4,11),(96,95,4,11),(97,98,4,11),(98,97,4,11),(99,96,4,11);
/*!40000 ALTER TABLE `strapi_api_token_permissions_token_links` ENABLE KEYS */;
UNLOCK TABLES;

--
-- Table structure for table `strapi_api_tokens`
--

DROP TABLE IF EXISTS `strapi_api_tokens`;
/*!40101 SET @saved_cs_client     = @@character_set_client */;
/*!50503 SET character_set_client = utf8mb4 */;
CREATE TABLE `strapi_api_tokens` (
  `id` int unsigned NOT NULL AUTO_INCREMENT,
  `name` varchar(255) DEFAULT NULL,
  `description` varchar(255) DEFAULT NULL,
  `type` varchar(255) DEFAULT NULL,
  `access_key` varchar(255) DEFAULT NULL,
  `last_used_at` datetime(6) DEFAULT NULL,
  `expires_at` datetime(6) DEFAULT NULL,
  `lifespan` bigint DEFAULT NULL,
  `created_at` datetime(6) DEFAULT NULL,
  `updated_at` datetime(6) DEFAULT NULL,
  `created_by_id` int unsigned DEFAULT NULL,
  `updated_by_id` int unsigned DEFAULT NULL,
  PRIMARY KEY (`id`),
  KEY `strapi_api_tokens_created_by_id_fk` (`created_by_id`),
  KEY `strapi_api_tokens_updated_by_id_fk` (`updated_by_id`),
  CONSTRAINT `strapi_api_tokens_created_by_id_fk` FOREIGN KEY (`created_by_id`) REFERENCES `admin_users` (`id`) ON DELETE SET NULL,
  CONSTRAINT `strapi_api_tokens_updated_by_id_fk` FOREIGN KEY (`updated_by_id`) REFERENCES `admin_users` (`id`) ON DELETE SET NULL
) ENGINE=InnoDB AUTO_INCREMENT=5 DEFAULT CHARSET=utf8mb4 COLLATE=utf8mb4_0900_ai_ci;
/*!40101 SET character_set_client = @saved_cs_client */;

--
-- Dumping data for table `strapi_api_tokens`
--

LOCK TABLES `strapi_api_tokens` WRITE;
/*!40000 ALTER TABLE `strapi_api_tokens` DISABLE KEYS */;
INSERT INTO `strapi_api_tokens` VALUES (3,'shoppingGET','A token for get shoppings','custom','8937b869192d9c0fa7bac65621e20588b5008b6db44c0d9717716a22ad5c3dc17cb0ef19f9499be4a37655c1f2b25c61788aa660449a2d3b72f544677eaa64b9',NULL,NULL,NULL,'2023-10-31 16:43:32.102000','2023-10-31 16:43:39.347000',NULL,NULL),(4,'fullPermission','','custom','e234a611dcab8a8a2f7230ad9923799632a9481c6871a50d41fa7fd41298813f6be5aefdc4850f4cc9bec90167edccb1d6f2c218206d2f2368e9d82222a9f4ae',NULL,NULL,NULL,'2023-11-28 20:02:21.021000','2024-01-15 15:30:10.613000',NULL,NULL);
/*!40000 ALTER TABLE `strapi_api_tokens` ENABLE KEYS */;
UNLOCK TABLES;

--
-- Table structure for table `strapi_core_store_settings`
--

DROP TABLE IF EXISTS `strapi_core_store_settings`;
/*!40101 SET @saved_cs_client     = @@character_set_client */;
/*!50503 SET character_set_client = utf8mb4 */;
CREATE TABLE `strapi_core_store_settings` (
  `id` int unsigned NOT NULL AUTO_INCREMENT,
  `key` varchar(255) DEFAULT NULL,
  `value` longtext,
  `type` varchar(255) DEFAULT NULL,
  `environment` varchar(255) DEFAULT NULL,
  `tag` varchar(255) DEFAULT NULL,
  PRIMARY KEY (`id`)
) ENGINE=InnoDB AUTO_INCREMENT=66 DEFAULT CHARSET=utf8mb4 COLLATE=utf8mb4_0900_ai_ci;
/*!40101 SET character_set_client = @saved_cs_client */;

--
-- Dumping data for table `strapi_core_store_settings`
--

LOCK TABLES `strapi_core_store_settings` WRITE;
/*!40000 ALTER TABLE `strapi_core_store_settings` DISABLE KEYS */;
INSERT INTO `strapi_core_store_settings` VALUES (1,'strapi_content_types_schema','{\"admin::permission\":{\"collectionName\":\"admin_permissions\",\"info\":{\"name\":\"Permission\",\"description\":\"\",\"singularName\":\"permission\",\"pluralName\":\"permissions\",\"displayName\":\"Permission\"},\"options\":{},\"pluginOptions\":{\"content-manager\":{\"visible\":false},\"content-type-builder\":{\"visible\":false}},\"attributes\":{\"action\":{\"type\":\"string\",\"minLength\":1,\"configurable\":false,\"required\":true},\"actionParameters\":{\"type\":\"json\",\"configurable\":false,\"required\":false,\"default\":{}},\"subject\":{\"type\":\"string\",\"minLength\":1,\"configurable\":false,\"required\":false},\"properties\":{\"type\":\"json\",\"configurable\":false,\"required\":false,\"default\":{}},\"conditions\":{\"type\":\"json\",\"configurable\":false,\"required\":false,\"default\":[]},\"role\":{\"configurable\":false,\"type\":\"relation\",\"relation\":\"manyToOne\",\"inversedBy\":\"permissions\",\"target\":\"admin::role\"},\"createdAt\":{\"type\":\"datetime\"},\"updatedAt\":{\"type\":\"datetime\"},\"createdBy\":{\"type\":\"relation\",\"relation\":\"oneToOne\",\"target\":\"admin::user\",\"configurable\":false,\"writable\":false,\"visible\":false,\"useJoinTable\":false,\"private\":true},\"updatedBy\":{\"type\":\"relation\",\"relation\":\"oneToOne\",\"target\":\"admin::user\",\"configurable\":false,\"writable\":false,\"visible\":false,\"useJoinTable\":false,\"private\":true}},\"kind\":\"collectionType\",\"__schema__\":{\"collectionName\":\"admin_permissions\",\"info\":{\"name\":\"Permission\",\"description\":\"\",\"singularName\":\"permission\",\"pluralName\":\"permissions\",\"displayName\":\"Permission\"},\"options\":{},\"pluginOptions\":{\"content-manager\":{\"visible\":false},\"content-type-builder\":{\"visible\":false}},\"attributes\":{\"action\":{\"type\":\"string\",\"minLength\":1,\"configurable\":false,\"required\":true},\"actionParameters\":{\"type\":\"json\",\"configurable\":false,\"required\":false,\"default\":{}},\"subject\":{\"type\":\"string\",\"minLength\":1,\"configurable\":false,\"required\":false},\"properties\":{\"type\":\"json\",\"configurable\":false,\"required\":false,\"default\":{}},\"conditions\":{\"type\":\"json\",\"configurable\":false,\"required\":false,\"default\":[]},\"role\":{\"configurable\":false,\"type\":\"relation\",\"relation\":\"manyToOne\",\"inversedBy\":\"permissions\",\"target\":\"admin::role\"}},\"kind\":\"collectionType\"},\"modelType\":\"contentType\",\"modelName\":\"permission\",\"connection\":\"default\",\"uid\":\"admin::permission\",\"plugin\":\"admin\",\"globalId\":\"AdminPermission\"},\"admin::user\":{\"collectionName\":\"admin_users\",\"info\":{\"name\":\"User\",\"description\":\"\",\"singularName\":\"user\",\"pluralName\":\"users\",\"displayName\":\"User\"},\"pluginOptions\":{\"content-manager\":{\"visible\":false},\"content-type-builder\":{\"visible\":false}},\"attributes\":{\"firstname\":{\"type\":\"string\",\"unique\":false,\"minLength\":1,\"configurable\":false,\"required\":false},\"lastname\":{\"type\":\"string\",\"unique\":false,\"minLength\":1,\"configurable\":false,\"required\":false},\"username\":{\"type\":\"string\",\"unique\":false,\"configurable\":false,\"required\":false},\"email\":{\"type\":\"email\",\"minLength\":6,\"configurable\":false,\"required\":true,\"unique\":true,\"private\":true},\"password\":{\"type\":\"password\",\"minLength\":6,\"configurable\":false,\"required\":false,\"private\":true,\"searchable\":false},\"resetPasswordToken\":{\"type\":\"string\",\"configurable\":false,\"private\":true,\"searchable\":false},\"registrationToken\":{\"type\":\"string\",\"configurable\":false,\"private\":true,\"searchable\":false},\"isActive\":{\"type\":\"boolean\",\"default\":false,\"configurable\":false,\"private\":true},\"roles\":{\"configurable\":false,\"private\":true,\"type\":\"relation\",\"relation\":\"manyToMany\",\"inversedBy\":\"users\",\"target\":\"admin::role\",\"collectionName\":\"strapi_users_roles\"},\"blocked\":{\"type\":\"boolean\",\"default\":false,\"configurable\":false,\"private\":true},\"preferedLanguage\":{\"type\":\"string\",\"configurable\":false,\"required\":false,\"searchable\":false},\"createdAt\":{\"type\":\"datetime\"},\"updatedAt\":{\"type\":\"datetime\"},\"createdBy\":{\"type\":\"relation\",\"relation\":\"oneToOne\",\"target\":\"admin::user\",\"configurable\":false,\"writable\":false,\"visible\":false,\"useJoinTable\":false,\"private\":true},\"updatedBy\":{\"type\":\"relation\",\"relation\":\"oneToOne\",\"target\":\"admin::user\",\"configurable\":false,\"writable\":false,\"visible\":false,\"useJoinTable\":false,\"private\":true}},\"config\":{\"attributes\":{\"resetPasswordToken\":{\"hidden\":true},\"registrationToken\":{\"hidden\":true}}},\"kind\":\"collectionType\",\"__schema__\":{\"collectionName\":\"admin_users\",\"info\":{\"name\":\"User\",\"description\":\"\",\"singularName\":\"user\",\"pluralName\":\"users\",\"displayName\":\"User\"},\"pluginOptions\":{\"content-manager\":{\"visible\":false},\"content-type-builder\":{\"visible\":false}},\"attributes\":{\"firstname\":{\"type\":\"string\",\"unique\":false,\"minLength\":1,\"configurable\":false,\"required\":false},\"lastname\":{\"type\":\"string\",\"unique\":false,\"minLength\":1,\"configurable\":false,\"required\":false},\"username\":{\"type\":\"string\",\"unique\":false,\"configurable\":false,\"required\":false},\"email\":{\"type\":\"email\",\"minLength\":6,\"configurable\":false,\"required\":true,\"unique\":true,\"private\":true},\"password\":{\"type\":\"password\",\"minLength\":6,\"configurable\":false,\"required\":false,\"private\":true,\"searchable\":false},\"resetPasswordToken\":{\"type\":\"string\",\"configurable\":false,\"private\":true,\"searchable\":false},\"registrationToken\":{\"type\":\"string\",\"configurable\":false,\"private\":true,\"searchable\":false},\"isActive\":{\"type\":\"boolean\",\"default\":false,\"configurable\":false,\"private\":true},\"roles\":{\"configurable\":false,\"private\":true,\"type\":\"relation\",\"relation\":\"manyToMany\",\"inversedBy\":\"users\",\"target\":\"admin::role\",\"collectionName\":\"strapi_users_roles\"},\"blocked\":{\"type\":\"boolean\",\"default\":false,\"configurable\":false,\"private\":true},\"preferedLanguage\":{\"type\":\"string\",\"configurable\":false,\"required\":false,\"searchable\":false}},\"kind\":\"collectionType\"},\"modelType\":\"contentType\",\"modelName\":\"user\",\"connection\":\"default\",\"uid\":\"admin::user\",\"plugin\":\"admin\",\"globalId\":\"AdminUser\"},\"admin::role\":{\"collectionName\":\"admin_roles\",\"info\":{\"name\":\"Role\",\"description\":\"\",\"singularName\":\"role\",\"pluralName\":\"roles\",\"displayName\":\"Role\"},\"options\":{},\"pluginOptions\":{\"content-manager\":{\"visible\":false},\"content-type-builder\":{\"visible\":false}},\"attributes\":{\"name\":{\"type\":\"string\",\"minLength\":1,\"unique\":true,\"configurable\":false,\"required\":true},\"code\":{\"type\":\"string\",\"minLength\":1,\"unique\":true,\"configurable\":false,\"required\":true},\"description\":{\"type\":\"string\",\"configurable\":false},\"users\":{\"configurable\":false,\"type\":\"relation\",\"relation\":\"manyToMany\",\"mappedBy\":\"roles\",\"target\":\"admin::user\"},\"permissions\":{\"configurable\":false,\"type\":\"relation\",\"relation\":\"oneToMany\",\"mappedBy\":\"role\",\"target\":\"admin::permission\"},\"createdAt\":{\"type\":\"datetime\"},\"updatedAt\":{\"type\":\"datetime\"},\"createdBy\":{\"type\":\"relation\",\"relation\":\"oneToOne\",\"target\":\"admin::user\",\"configurable\":false,\"writable\":false,\"visible\":false,\"useJoinTable\":false,\"private\":true},\"updatedBy\":{\"type\":\"relation\",\"relation\":\"oneToOne\",\"target\":\"admin::user\",\"configurable\":false,\"writable\":false,\"visible\":false,\"useJoinTable\":false,\"private\":true}},\"kind\":\"collectionType\",\"__schema__\":{\"collectionName\":\"admin_roles\",\"info\":{\"name\":\"Role\",\"description\":\"\",\"singularName\":\"role\",\"pluralName\":\"roles\",\"displayName\":\"Role\"},\"options\":{},\"pluginOptions\":{\"content-manager\":{\"visible\":false},\"content-type-builder\":{\"visible\":false}},\"attributes\":{\"name\":{\"type\":\"string\",\"minLength\":1,\"unique\":true,\"configurable\":false,\"required\":true},\"code\":{\"type\":\"string\",\"minLength\":1,\"unique\":true,\"configurable\":false,\"required\":true},\"description\":{\"type\":\"string\",\"configurable\":false},\"users\":{\"configurable\":false,\"type\":\"relation\",\"relation\":\"manyToMany\",\"mappedBy\":\"roles\",\"target\":\"admin::user\"},\"permissions\":{\"configurable\":false,\"type\":\"relation\",\"relation\":\"oneToMany\",\"mappedBy\":\"role\",\"target\":\"admin::permission\"}},\"kind\":\"collectionType\"},\"modelType\":\"contentType\",\"modelName\":\"role\",\"connection\":\"default\",\"uid\":\"admin::role\",\"plugin\":\"admin\",\"globalId\":\"AdminRole\"},\"admin::api-token\":{\"collectionName\":\"strapi_api_tokens\",\"info\":{\"name\":\"Api Token\",\"singularName\":\"api-token\",\"pluralName\":\"api-tokens\",\"displayName\":\"Api Token\",\"description\":\"\"},\"options\":{},\"pluginOptions\":{\"content-manager\":{\"visible\":false},\"content-type-builder\":{\"visible\":false}},\"attributes\":{\"name\":{\"type\":\"string\",\"minLength\":1,\"configurable\":false,\"required\":true,\"unique\":true},\"description\":{\"type\":\"string\",\"minLength\":1,\"configurable\":false,\"required\":false,\"default\":\"\"},\"type\":{\"type\":\"enumeration\",\"enum\":[\"read-only\",\"full-access\",\"custom\"],\"configurable\":false,\"required\":true,\"default\":\"read-only\"},\"accessKey\":{\"type\":\"string\",\"minLength\":1,\"configurable\":false,\"required\":true,\"searchable\":false},\"lastUsedAt\":{\"type\":\"datetime\",\"configurable\":false,\"required\":false},\"permissions\":{\"type\":\"relation\",\"target\":\"admin::api-token-permission\",\"relation\":\"oneToMany\",\"mappedBy\":\"token\",\"configurable\":false,\"required\":false},\"expiresAt\":{\"type\":\"datetime\",\"configurable\":false,\"required\":false},\"lifespan\":{\"type\":\"biginteger\",\"configurable\":false,\"required\":false},\"createdAt\":{\"type\":\"datetime\"},\"updatedAt\":{\"type\":\"datetime\"},\"createdBy\":{\"type\":\"relation\",\"relation\":\"oneToOne\",\"target\":\"admin::user\",\"configurable\":false,\"writable\":false,\"visible\":false,\"useJoinTable\":false,\"private\":true},\"updatedBy\":{\"type\":\"relation\",\"relation\":\"oneToOne\",\"target\":\"admin::user\",\"configurable\":false,\"writable\":false,\"visible\":false,\"useJoinTable\":false,\"private\":true}},\"kind\":\"collectionType\",\"__schema__\":{\"collectionName\":\"strapi_api_tokens\",\"info\":{\"name\":\"Api Token\",\"singularName\":\"api-token\",\"pluralName\":\"api-tokens\",\"displayName\":\"Api Token\",\"description\":\"\"},\"options\":{},\"pluginOptions\":{\"content-manager\":{\"visible\":false},\"content-type-builder\":{\"visible\":false}},\"attributes\":{\"name\":{\"type\":\"string\",\"minLength\":1,\"configurable\":false,\"required\":true,\"unique\":true},\"description\":{\"type\":\"string\",\"minLength\":1,\"configurable\":false,\"required\":false,\"default\":\"\"},\"type\":{\"type\":\"enumeration\",\"enum\":[\"read-only\",\"full-access\",\"custom\"],\"configurable\":false,\"required\":true,\"default\":\"read-only\"},\"accessKey\":{\"type\":\"string\",\"minLength\":1,\"configurable\":false,\"required\":true,\"searchable\":false},\"lastUsedAt\":{\"type\":\"datetime\",\"configurable\":false,\"required\":false},\"permissions\":{\"type\":\"relation\",\"target\":\"admin::api-token-permission\",\"relation\":\"oneToMany\",\"mappedBy\":\"token\",\"configurable\":false,\"required\":false},\"expiresAt\":{\"type\":\"datetime\",\"configurable\":false,\"required\":false},\"lifespan\":{\"type\":\"biginteger\",\"configurable\":false,\"required\":false}},\"kind\":\"collectionType\"},\"modelType\":\"contentType\",\"modelName\":\"api-token\",\"connection\":\"default\",\"uid\":\"admin::api-token\",\"plugin\":\"admin\",\"globalId\":\"AdminApiToken\"},\"admin::api-token-permission\":{\"collectionName\":\"strapi_api_token_permissions\",\"info\":{\"name\":\"API Token Permission\",\"description\":\"\",\"singularName\":\"api-token-permission\",\"pluralName\":\"api-token-permissions\",\"displayName\":\"API Token Permission\"},\"options\":{},\"pluginOptions\":{\"content-manager\":{\"visible\":false},\"content-type-builder\":{\"visible\":false}},\"attributes\":{\"action\":{\"type\":\"string\",\"minLength\":1,\"configurable\":false,\"required\":true},\"token\":{\"configurable\":false,\"type\":\"relation\",\"relation\":\"manyToOne\",\"inversedBy\":\"permissions\",\"target\":\"admin::api-token\"},\"createdAt\":{\"type\":\"datetime\"},\"updatedAt\":{\"type\":\"datetime\"},\"createdBy\":{\"type\":\"relation\",\"relation\":\"oneToOne\",\"target\":\"admin::user\",\"configurable\":false,\"writable\":false,\"visible\":false,\"useJoinTable\":false,\"private\":true},\"updatedBy\":{\"type\":\"relation\",\"relation\":\"oneToOne\",\"target\":\"admin::user\",\"configurable\":false,\"writable\":false,\"visible\":false,\"useJoinTable\":false,\"private\":true}},\"kind\":\"collectionType\",\"__schema__\":{\"collectionName\":\"strapi_api_token_permissions\",\"info\":{\"name\":\"API Token Permission\",\"description\":\"\",\"singularName\":\"api-token-permission\",\"pluralName\":\"api-token-permissions\",\"displayName\":\"API Token Permission\"},\"options\":{},\"pluginOptions\":{\"content-manager\":{\"visible\":false},\"content-type-builder\":{\"visible\":false}},\"attributes\":{\"action\":{\"type\":\"string\",\"minLength\":1,\"configurable\":false,\"required\":true},\"token\":{\"configurable\":false,\"type\":\"relation\",\"relation\":\"manyToOne\",\"inversedBy\":\"permissions\",\"target\":\"admin::api-token\"}},\"kind\":\"collectionType\"},\"modelType\":\"contentType\",\"modelName\":\"api-token-permission\",\"connection\":\"default\",\"uid\":\"admin::api-token-permission\",\"plugin\":\"admin\",\"globalId\":\"AdminApiTokenPermission\"},\"admin::transfer-token\":{\"collectionName\":\"strapi_transfer_tokens\",\"info\":{\"name\":\"Transfer Token\",\"singularName\":\"transfer-token\",\"pluralName\":\"transfer-tokens\",\"displayName\":\"Transfer Token\",\"description\":\"\"},\"options\":{},\"pluginOptions\":{\"content-manager\":{\"visible\":false},\"content-type-builder\":{\"visible\":false}},\"attributes\":{\"name\":{\"type\":\"string\",\"minLength\":1,\"configurable\":false,\"required\":true,\"unique\":true},\"description\":{\"type\":\"string\",\"minLength\":1,\"configurable\":false,\"required\":false,\"default\":\"\"},\"accessKey\":{\"type\":\"string\",\"minLength\":1,\"configurable\":false,\"required\":true},\"lastUsedAt\":{\"type\":\"datetime\",\"configurable\":false,\"required\":false},\"permissions\":{\"type\":\"relation\",\"target\":\"admin::transfer-token-permission\",\"relation\":\"oneToMany\",\"mappedBy\":\"token\",\"configurable\":false,\"required\":false},\"expiresAt\":{\"type\":\"datetime\",\"configurable\":false,\"required\":false},\"lifespan\":{\"type\":\"biginteger\",\"configurable\":false,\"required\":false},\"createdAt\":{\"type\":\"datetime\"},\"updatedAt\":{\"type\":\"datetime\"},\"createdBy\":{\"type\":\"relation\",\"relation\":\"oneToOne\",\"target\":\"admin::user\",\"configurable\":false,\"writable\":false,\"visible\":false,\"useJoinTable\":false,\"private\":true},\"updatedBy\":{\"type\":\"relation\",\"relation\":\"oneToOne\",\"target\":\"admin::user\",\"configurable\":false,\"writable\":false,\"visible\":false,\"useJoinTable\":false,\"private\":true}},\"kind\":\"collectionType\",\"__schema__\":{\"collectionName\":\"strapi_transfer_tokens\",\"info\":{\"name\":\"Transfer Token\",\"singularName\":\"transfer-token\",\"pluralName\":\"transfer-tokens\",\"displayName\":\"Transfer Token\",\"description\":\"\"},\"options\":{},\"pluginOptions\":{\"content-manager\":{\"visible\":false},\"content-type-builder\":{\"visible\":false}},\"attributes\":{\"name\":{\"type\":\"string\",\"minLength\":1,\"configurable\":false,\"required\":true,\"unique\":true},\"description\":{\"type\":\"string\",\"minLength\":1,\"configurable\":false,\"required\":false,\"default\":\"\"},\"accessKey\":{\"type\":\"string\",\"minLength\":1,\"configurable\":false,\"required\":true},\"lastUsedAt\":{\"type\":\"datetime\",\"configurable\":false,\"required\":false},\"permissions\":{\"type\":\"relation\",\"target\":\"admin::transfer-token-permission\",\"relation\":\"oneToMany\",\"mappedBy\":\"token\",\"configurable\":false,\"required\":false},\"expiresAt\":{\"type\":\"datetime\",\"configurable\":false,\"required\":false},\"lifespan\":{\"type\":\"biginteger\",\"configurable\":false,\"required\":false}},\"kind\":\"collectionType\"},\"modelType\":\"contentType\",\"modelName\":\"transfer-token\",\"connection\":\"default\",\"uid\":\"admin::transfer-token\",\"plugin\":\"admin\",\"globalId\":\"AdminTransferToken\"},\"admin::transfer-token-permission\":{\"collectionName\":\"strapi_transfer_token_permissions\",\"info\":{\"name\":\"Transfer Token Permission\",\"description\":\"\",\"singularName\":\"transfer-token-permission\",\"pluralName\":\"transfer-token-permissions\",\"displayName\":\"Transfer Token Permission\"},\"options\":{},\"pluginOptions\":{\"content-manager\":{\"visible\":false},\"content-type-builder\":{\"visible\":false}},\"attributes\":{\"action\":{\"type\":\"string\",\"minLength\":1,\"configurable\":false,\"required\":true},\"token\":{\"configurable\":false,\"type\":\"relation\",\"relation\":\"manyToOne\",\"inversedBy\":\"permissions\",\"target\":\"admin::transfer-token\"},\"createdAt\":{\"type\":\"datetime\"},\"updatedAt\":{\"type\":\"datetime\"},\"createdBy\":{\"type\":\"relation\",\"relation\":\"oneToOne\",\"target\":\"admin::user\",\"configurable\":false,\"writable\":false,\"visible\":false,\"useJoinTable\":false,\"private\":true},\"updatedBy\":{\"type\":\"relation\",\"relation\":\"oneToOne\",\"target\":\"admin::user\",\"configurable\":false,\"writable\":false,\"visible\":false,\"useJoinTable\":false,\"private\":true}},\"kind\":\"collectionType\",\"__schema__\":{\"collectionName\":\"strapi_transfer_token_permissions\",\"info\":{\"name\":\"Transfer Token Permission\",\"description\":\"\",\"singularName\":\"transfer-token-permission\",\"pluralName\":\"transfer-token-permissions\",\"displayName\":\"Transfer Token Permission\"},\"options\":{},\"pluginOptions\":{\"content-manager\":{\"visible\":false},\"content-type-builder\":{\"visible\":false}},\"attributes\":{\"action\":{\"type\":\"string\",\"minLength\":1,\"configurable\":false,\"required\":true},\"token\":{\"configurable\":false,\"type\":\"relation\",\"relation\":\"manyToOne\",\"inversedBy\":\"permissions\",\"target\":\"admin::transfer-token\"}},\"kind\":\"collectionType\"},\"modelType\":\"contentType\",\"modelName\":\"transfer-token-permission\",\"connection\":\"default\",\"uid\":\"admin::transfer-token-permission\",\"plugin\":\"admin\",\"globalId\":\"AdminTransferTokenPermission\"},\"plugin::upload.file\":{\"collectionName\":\"files\",\"info\":{\"singularName\":\"file\",\"pluralName\":\"files\",\"displayName\":\"File\",\"description\":\"\"},\"options\":{},\"pluginOptions\":{\"content-manager\":{\"visible\":false},\"content-type-builder\":{\"visible\":false}},\"attributes\":{\"name\":{\"type\":\"string\",\"configurable\":false,\"required\":true},\"alternativeText\":{\"type\":\"string\",\"configurable\":false},\"caption\":{\"type\":\"string\",\"configurable\":false},\"width\":{\"type\":\"integer\",\"configurable\":false},\"height\":{\"type\":\"integer\",\"configurable\":false},\"formats\":{\"type\":\"json\",\"configurable\":false},\"hash\":{\"type\":\"string\",\"configurable\":false,\"required\":true},\"ext\":{\"type\":\"string\",\"configurable\":false},\"mime\":{\"type\":\"string\",\"configurable\":false,\"required\":true},\"size\":{\"type\":\"decimal\",\"configurable\":false,\"required\":true},\"url\":{\"type\":\"string\",\"configurable\":false,\"required\":true},\"previewUrl\":{\"type\":\"string\",\"configurable\":false},\"provider\":{\"type\":\"string\",\"configurable\":false,\"required\":true},\"provider_metadata\":{\"type\":\"json\",\"configurable\":false},\"related\":{\"type\":\"relation\",\"relation\":\"morphToMany\",\"configurable\":false},\"folder\":{\"type\":\"relation\",\"relation\":\"manyToOne\",\"target\":\"plugin::upload.folder\",\"inversedBy\":\"files\",\"private\":true},\"folderPath\":{\"type\":\"string\",\"min\":1,\"required\":true,\"private\":true,\"searchable\":false},\"createdAt\":{\"type\":\"datetime\"},\"updatedAt\":{\"type\":\"datetime\"},\"createdBy\":{\"type\":\"relation\",\"relation\":\"oneToOne\",\"target\":\"admin::user\",\"configurable\":false,\"writable\":false,\"visible\":false,\"useJoinTable\":false,\"private\":true},\"updatedBy\":{\"type\":\"relation\",\"relation\":\"oneToOne\",\"target\":\"admin::user\",\"configurable\":false,\"writable\":false,\"visible\":false,\"useJoinTable\":false,\"private\":true}},\"indexes\":[{\"name\":\"upload_files_folder_path_index\",\"columns\":[\"folder_path\"],\"type\":null},{\"name\":\"upload_files_created_at_index\",\"columns\":[\"created_at\"],\"type\":null},{\"name\":\"upload_files_updated_at_index\",\"columns\":[\"updated_at\"],\"type\":null},{\"name\":\"upload_files_name_index\",\"columns\":[\"name\"],\"type\":null},{\"name\":\"upload_files_size_index\",\"columns\":[\"size\"],\"type\":null},{\"name\":\"upload_files_ext_index\",\"columns\":[\"ext\"],\"type\":null}],\"kind\":\"collectionType\",\"__schema__\":{\"collectionName\":\"files\",\"info\":{\"singularName\":\"file\",\"pluralName\":\"files\",\"displayName\":\"File\",\"description\":\"\"},\"options\":{},\"pluginOptions\":{\"content-manager\":{\"visible\":false},\"content-type-builder\":{\"visible\":false}},\"attributes\":{\"name\":{\"type\":\"string\",\"configurable\":false,\"required\":true},\"alternativeText\":{\"type\":\"string\",\"configurable\":false},\"caption\":{\"type\":\"string\",\"configurable\":false},\"width\":{\"type\":\"integer\",\"configurable\":false},\"height\":{\"type\":\"integer\",\"configurable\":false},\"formats\":{\"type\":\"json\",\"configurable\":false},\"hash\":{\"type\":\"string\",\"configurable\":false,\"required\":true},\"ext\":{\"type\":\"string\",\"configurable\":false},\"mime\":{\"type\":\"string\",\"configurable\":false,\"required\":true},\"size\":{\"type\":\"decimal\",\"configurable\":false,\"required\":true},\"url\":{\"type\":\"string\",\"configurable\":false,\"required\":true},\"previewUrl\":{\"type\":\"string\",\"configurable\":false},\"provider\":{\"type\":\"string\",\"configurable\":false,\"required\":true},\"provider_metadata\":{\"type\":\"json\",\"configurable\":false},\"related\":{\"type\":\"relation\",\"relation\":\"morphToMany\",\"configurable\":false},\"folder\":{\"type\":\"relation\",\"relation\":\"manyToOne\",\"target\":\"plugin::upload.folder\",\"inversedBy\":\"files\",\"private\":true},\"folderPath\":{\"type\":\"string\",\"min\":1,\"required\":true,\"private\":true,\"searchable\":false}},\"kind\":\"collectionType\"},\"modelType\":\"contentType\",\"modelName\":\"file\",\"connection\":\"default\",\"uid\":\"plugin::upload.file\",\"plugin\":\"upload\",\"globalId\":\"UploadFile\"},\"plugin::upload.folder\":{\"collectionName\":\"upload_folders\",\"info\":{\"singularName\":\"folder\",\"pluralName\":\"folders\",\"displayName\":\"Folder\"},\"options\":{},\"pluginOptions\":{\"content-manager\":{\"visible\":false},\"content-type-builder\":{\"visible\":false}},\"attributes\":{\"name\":{\"type\":\"string\",\"min\":1,\"required\":true},\"pathId\":{\"type\":\"integer\",\"unique\":true,\"required\":true},\"parent\":{\"type\":\"relation\",\"relation\":\"manyToOne\",\"target\":\"plugin::upload.folder\",\"inversedBy\":\"children\"},\"children\":{\"type\":\"relation\",\"relation\":\"oneToMany\",\"target\":\"plugin::upload.folder\",\"mappedBy\":\"parent\"},\"files\":{\"type\":\"relation\",\"relation\":\"oneToMany\",\"target\":\"plugin::upload.file\",\"mappedBy\":\"folder\"},\"path\":{\"type\":\"string\",\"min\":1,\"required\":true},\"createdAt\":{\"type\":\"datetime\"},\"updatedAt\":{\"type\":\"datetime\"},\"createdBy\":{\"type\":\"relation\",\"relation\":\"oneToOne\",\"target\":\"admin::user\",\"configurable\":false,\"writable\":false,\"visible\":false,\"useJoinTable\":false,\"private\":true},\"updatedBy\":{\"type\":\"relation\",\"relation\":\"oneToOne\",\"target\":\"admin::user\",\"configurable\":false,\"writable\":false,\"visible\":false,\"useJoinTable\":false,\"private\":true}},\"indexes\":[{\"name\":\"upload_folders_path_id_index\",\"columns\":[\"path_id\"],\"type\":\"unique\"},{\"name\":\"upload_folders_path_index\",\"columns\":[\"path\"],\"type\":\"unique\"}],\"kind\":\"collectionType\",\"__schema__\":{\"collectionName\":\"upload_folders\",\"info\":{\"singularName\":\"folder\",\"pluralName\":\"folders\",\"displayName\":\"Folder\"},\"options\":{},\"pluginOptions\":{\"content-manager\":{\"visible\":false},\"content-type-builder\":{\"visible\":false}},\"attributes\":{\"name\":{\"type\":\"string\",\"min\":1,\"required\":true},\"pathId\":{\"type\":\"integer\",\"unique\":true,\"required\":true},\"parent\":{\"type\":\"relation\",\"relation\":\"manyToOne\",\"target\":\"plugin::upload.folder\",\"inversedBy\":\"children\"},\"children\":{\"type\":\"relation\",\"relation\":\"oneToMany\",\"target\":\"plugin::upload.folder\",\"mappedBy\":\"parent\"},\"files\":{\"type\":\"relation\",\"relation\":\"oneToMany\",\"target\":\"plugin::upload.file\",\"mappedBy\":\"folder\"},\"path\":{\"type\":\"string\",\"min\":1,\"required\":true}},\"kind\":\"collectionType\"},\"modelType\":\"contentType\",\"modelName\":\"folder\",\"connection\":\"default\",\"uid\":\"plugin::upload.folder\",\"plugin\":\"upload\",\"globalId\":\"UploadFolder\"},\"plugin::content-releases.release\":{\"collectionName\":\"strapi_releases\",\"info\":{\"singularName\":\"release\",\"pluralName\":\"releases\",\"displayName\":\"Release\"},\"options\":{\"draftAndPublish\":false},\"pluginOptions\":{\"content-manager\":{\"visible\":false},\"content-type-builder\":{\"visible\":false}},\"attributes\":{\"name\":{\"type\":\"string\",\"required\":true},\"releasedAt\":{\"type\":\"datetime\"},\"scheduledAt\":{\"type\":\"datetime\"},\"timezone\":{\"type\":\"string\"},\"status\":{\"type\":\"enumeration\",\"enum\":[\"ready\",\"blocked\",\"failed\",\"done\",\"empty\"],\"required\":true},\"actions\":{\"type\":\"relation\",\"relation\":\"oneToMany\",\"target\":\"plugin::content-releases.release-action\",\"mappedBy\":\"release\"},\"createdAt\":{\"type\":\"datetime\"},\"updatedAt\":{\"type\":\"datetime\"},\"createdBy\":{\"type\":\"relation\",\"relation\":\"oneToOne\",\"target\":\"admin::user\",\"configurable\":false,\"writable\":false,\"visible\":false,\"useJoinTable\":false,\"private\":true},\"updatedBy\":{\"type\":\"relation\",\"relation\":\"oneToOne\",\"target\":\"admin::user\",\"configurable\":false,\"writable\":false,\"visible\":false,\"useJoinTable\":false,\"private\":true}},\"kind\":\"collectionType\",\"__schema__\":{\"collectionName\":\"strapi_releases\",\"info\":{\"singularName\":\"release\",\"pluralName\":\"releases\",\"displayName\":\"Release\"},\"options\":{\"draftAndPublish\":false},\"pluginOptions\":{\"content-manager\":{\"visible\":false},\"content-type-builder\":{\"visible\":false}},\"attributes\":{\"name\":{\"type\":\"string\",\"required\":true},\"releasedAt\":{\"type\":\"datetime\"},\"scheduledAt\":{\"type\":\"datetime\"},\"timezone\":{\"type\":\"string\"},\"status\":{\"type\":\"enumeration\",\"enum\":[\"ready\",\"blocked\",\"failed\",\"done\",\"empty\"],\"required\":true},\"actions\":{\"type\":\"relation\",\"relation\":\"oneToMany\",\"target\":\"plugin::content-releases.release-action\",\"mappedBy\":\"release\"}},\"kind\":\"collectionType\"},\"modelType\":\"contentType\",\"modelName\":\"release\",\"connection\":\"default\",\"uid\":\"plugin::content-releases.release\",\"plugin\":\"content-releases\",\"globalId\":\"ContentReleasesRelease\"},\"plugin::content-releases.release-action\":{\"collectionName\":\"strapi_release_actions\",\"info\":{\"singularName\":\"release-action\",\"pluralName\":\"release-actions\",\"displayName\":\"Release Action\"},\"options\":{\"draftAndPublish\":false},\"pluginOptions\":{\"content-manager\":{\"visible\":false},\"content-type-builder\":{\"visible\":false}},\"attributes\":{\"type\":{\"type\":\"enumeration\",\"enum\":[\"publish\",\"unpublish\"],\"required\":true},\"entry\":{\"type\":\"relation\",\"relation\":\"morphToOne\",\"configurable\":false},\"contentType\":{\"type\":\"string\",\"required\":true},\"locale\":{\"type\":\"string\"},\"release\":{\"type\":\"relation\",\"relation\":\"manyToOne\",\"target\":\"plugin::content-releases.release\",\"inversedBy\":\"actions\"},\"isEntryValid\":{\"type\":\"boolean\"},\"createdAt\":{\"type\":\"datetime\"},\"updatedAt\":{\"type\":\"datetime\"},\"createdBy\":{\"type\":\"relation\",\"relation\":\"oneToOne\",\"target\":\"admin::user\",\"configurable\":false,\"writable\":false,\"visible\":false,\"useJoinTable\":false,\"private\":true},\"updatedBy\":{\"type\":\"relation\",\"relation\":\"oneToOne\",\"target\":\"admin::user\",\"configurable\":false,\"writable\":false,\"visible\":false,\"useJoinTable\":false,\"private\":true}},\"kind\":\"collectionType\",\"__schema__\":{\"collectionName\":\"strapi_release_actions\",\"info\":{\"singularName\":\"release-action\",\"pluralName\":\"release-actions\",\"displayName\":\"Release Action\"},\"options\":{\"draftAndPublish\":false},\"pluginOptions\":{\"content-manager\":{\"visible\":false},\"content-type-builder\":{\"visible\":false}},\"attributes\":{\"type\":{\"type\":\"enumeration\",\"enum\":[\"publish\",\"unpublish\"],\"required\":true},\"entry\":{\"type\":\"relation\",\"relation\":\"morphToOne\",\"configurable\":false},\"contentType\":{\"type\":\"string\",\"required\":true},\"locale\":{\"type\":\"string\"},\"release\":{\"type\":\"relation\",\"relation\":\"manyToOne\",\"target\":\"plugin::content-releases.release\",\"inversedBy\":\"actions\"},\"isEntryValid\":{\"type\":\"boolean\"}},\"kind\":\"collectionType\"},\"modelType\":\"contentType\",\"modelName\":\"release-action\",\"connection\":\"default\",\"uid\":\"plugin::content-releases.release-action\",\"plugin\":\"content-releases\",\"globalId\":\"ContentReleasesReleaseAction\"},\"plugin::i18n.locale\":{\"info\":{\"singularName\":\"locale\",\"pluralName\":\"locales\",\"collectionName\":\"locales\",\"displayName\":\"Locale\",\"description\":\"\"},\"options\":{\"draftAndPublish\":false},\"pluginOptions\":{\"content-manager\":{\"visible\":false},\"content-type-builder\":{\"visible\":false}},\"attributes\":{\"name\":{\"type\":\"string\",\"min\":1,\"max\":50,\"configurable\":false},\"code\":{\"type\":\"string\",\"unique\":true,\"configurable\":false},\"createdAt\":{\"type\":\"datetime\"},\"updatedAt\":{\"type\":\"datetime\"},\"createdBy\":{\"type\":\"relation\",\"relation\":\"oneToOne\",\"target\":\"admin::user\",\"configurable\":false,\"writable\":false,\"visible\":false,\"useJoinTable\":false,\"private\":true},\"updatedBy\":{\"type\":\"relation\",\"relation\":\"oneToOne\",\"target\":\"admin::user\",\"configurable\":false,\"writable\":false,\"visible\":false,\"useJoinTable\":false,\"private\":true}},\"kind\":\"collectionType\",\"__schema__\":{\"info\":{\"singularName\":\"locale\",\"pluralName\":\"locales\",\"collectionName\":\"locales\",\"displayName\":\"Locale\",\"description\":\"\"},\"options\":{\"draftAndPublish\":false},\"pluginOptions\":{\"content-manager\":{\"visible\":false},\"content-type-builder\":{\"visible\":false}},\"attributes\":{\"name\":{\"type\":\"string\",\"min\":1,\"max\":50,\"configurable\":false},\"code\":{\"type\":\"string\",\"unique\":true,\"configurable\":false}},\"kind\":\"collectionType\"},\"modelType\":\"contentType\",\"modelName\":\"locale\",\"connection\":\"default\",\"uid\":\"plugin::i18n.locale\",\"plugin\":\"i18n\",\"collectionName\":\"i18n_locale\",\"globalId\":\"I18NLocale\"},\"plugin::users-permissions.permission\":{\"collectionName\":\"up_permissions\",\"info\":{\"name\":\"permission\",\"description\":\"\",\"singularName\":\"permission\",\"pluralName\":\"permissions\",\"displayName\":\"Permission\"},\"pluginOptions\":{\"content-manager\":{\"visible\":false},\"content-type-builder\":{\"visible\":false}},\"attributes\":{\"action\":{\"type\":\"string\",\"required\":true,\"configurable\":false},\"role\":{\"type\":\"relation\",\"relation\":\"manyToOne\",\"target\":\"plugin::users-permissions.role\",\"inversedBy\":\"permissions\",\"configurable\":false},\"createdAt\":{\"type\":\"datetime\"},\"updatedAt\":{\"type\":\"datetime\"},\"createdBy\":{\"type\":\"relation\",\"relation\":\"oneToOne\",\"target\":\"admin::user\",\"configurable\":false,\"writable\":false,\"visible\":false,\"useJoinTable\":false,\"private\":true},\"updatedBy\":{\"type\":\"relation\",\"relation\":\"oneToOne\",\"target\":\"admin::user\",\"configurable\":false,\"writable\":false,\"visible\":false,\"useJoinTable\":false,\"private\":true}},\"kind\":\"collectionType\",\"__schema__\":{\"collectionName\":\"up_permissions\",\"info\":{\"name\":\"permission\",\"description\":\"\",\"singularName\":\"permission\",\"pluralName\":\"permissions\",\"displayName\":\"Permission\"},\"pluginOptions\":{\"content-manager\":{\"visible\":false},\"content-type-builder\":{\"visible\":false}},\"attributes\":{\"action\":{\"type\":\"string\",\"required\":true,\"configurable\":false},\"role\":{\"type\":\"relation\",\"relation\":\"manyToOne\",\"target\":\"plugin::users-permissions.role\",\"inversedBy\":\"permissions\",\"configurable\":false}},\"kind\":\"collectionType\"},\"modelType\":\"contentType\",\"modelName\":\"permission\",\"connection\":\"default\",\"uid\":\"plugin::users-permissions.permission\",\"plugin\":\"users-permissions\",\"globalId\":\"UsersPermissionsPermission\"},\"plugin::users-permissions.role\":{\"collectionName\":\"up_roles\",\"info\":{\"name\":\"role\",\"description\":\"\",\"singularName\":\"role\",\"pluralName\":\"roles\",\"displayName\":\"Role\"},\"pluginOptions\":{\"content-manager\":{\"visible\":false},\"content-type-builder\":{\"visible\":false}},\"attributes\":{\"name\":{\"type\":\"string\",\"minLength\":3,\"required\":true,\"configurable\":false},\"description\":{\"type\":\"string\",\"configurable\":false},\"type\":{\"type\":\"string\",\"unique\":true,\"configurable\":false},\"permissions\":{\"type\":\"relation\",\"relation\":\"oneToMany\",\"target\":\"plugin::users-permissions.permission\",\"mappedBy\":\"role\",\"configurable\":false},\"users\":{\"type\":\"relation\",\"relation\":\"oneToMany\",\"target\":\"plugin::users-permissions.user\",\"mappedBy\":\"role\",\"configurable\":false},\"createdAt\":{\"type\":\"datetime\"},\"updatedAt\":{\"type\":\"datetime\"},\"createdBy\":{\"type\":\"relation\",\"relation\":\"oneToOne\",\"target\":\"admin::user\",\"configurable\":false,\"writable\":false,\"visible\":false,\"useJoinTable\":false,\"private\":true},\"updatedBy\":{\"type\":\"relation\",\"relation\":\"oneToOne\",\"target\":\"admin::user\",\"configurable\":false,\"writable\":false,\"visible\":false,\"useJoinTable\":false,\"private\":true}},\"kind\":\"collectionType\",\"__schema__\":{\"collectionName\":\"up_roles\",\"info\":{\"name\":\"role\",\"description\":\"\",\"singularName\":\"role\",\"pluralName\":\"roles\",\"displayName\":\"Role\"},\"pluginOptions\":{\"content-manager\":{\"visible\":false},\"content-type-builder\":{\"visible\":false}},\"attributes\":{\"name\":{\"type\":\"string\",\"minLength\":3,\"required\":true,\"configurable\":false},\"description\":{\"type\":\"string\",\"configurable\":false},\"type\":{\"type\":\"string\",\"unique\":true,\"configurable\":false},\"permissions\":{\"type\":\"relation\",\"relation\":\"oneToMany\",\"target\":\"plugin::users-permissions.permission\",\"mappedBy\":\"role\",\"configurable\":false},\"users\":{\"type\":\"relation\",\"relation\":\"oneToMany\",\"target\":\"plugin::users-permissions.user\",\"mappedBy\":\"role\",\"configurable\":false}},\"kind\":\"collectionType\"},\"modelType\":\"contentType\",\"modelName\":\"role\",\"connection\":\"default\",\"uid\":\"plugin::users-permissions.role\",\"plugin\":\"users-permissions\",\"globalId\":\"UsersPermissionsRole\"},\"plugin::users-permissions.user\":{\"collectionName\":\"up_users\",\"info\":{\"name\":\"user\",\"description\":\"\",\"singularName\":\"user\",\"pluralName\":\"users\",\"displayName\":\"User\"},\"options\":{\"draftAndPublish\":false},\"attributes\":{\"username\":{\"type\":\"string\",\"minLength\":3,\"unique\":true,\"configurable\":false,\"required\":true},\"email\":{\"type\":\"email\",\"minLength\":6,\"configurable\":false,\"required\":true},\"provider\":{\"type\":\"string\",\"configurable\":false},\"resetPasswordToken\":{\"type\":\"string\",\"configurable\":false,\"private\":true,\"searchable\":false},\"confirmationToken\":{\"type\":\"string\",\"configurable\":false,\"private\":true,\"searchable\":false},\"confirmed\":{\"type\":\"boolean\",\"default\":false,\"configurable\":false},\"blocked\":{\"type\":\"boolean\",\"default\":false,\"configurable\":false},\"role\":{\"type\":\"relation\",\"relation\":\"manyToOne\",\"target\":\"plugin::users-permissions.role\",\"inversedBy\":\"users\",\"configurable\":false,\"required\":true},\"password\":{\"type\":\"password\",\"minLength\":8,\"private\":true,\"searchable\":false,\"configurable\":false,\"required\":true,\"regex\":\"^(?=.*[a-z])(?=.*[A-Z])(?=.*[0-9])(?=.*[!@#$%^&*+=])[a-zA-Z0-9!@#$%^&*+=]{8,}$\"},\"nombre\":{\"type\":\"string\",\"required\":true,\"maxLength\":20,\"regex\":\"^[A-Za-z ]+$\"},\"apellido\":{\"type\":\"string\",\"required\":true,\"maxLength\":20,\"regex\":\"^[A-Za-z ]+$\"},\"FechaNacimiento\":{\"type\":\"date\",\"required\":true},\"telefono\":{\"type\":\"string\",\"regex\":\"^[0-9]+$\",\"unique\":true,\"maxLength\":8,\"minLength\":8},\"RTN\":{\"type\":\"string\",\"maxLength\":14,\"minLength\":14,\"unique\":true,\"regex\":\"^[0-9]+$\"},\"jurado\":{\"type\":\"boolean\",\"default\":false},\"createdAt\":{\"type\":\"datetime\"},\"updatedAt\":{\"type\":\"datetime\"},\"createdBy\":{\"type\":\"relation\",\"relation\":\"oneToOne\",\"target\":\"admin::user\",\"configurable\":false,\"writable\":false,\"visible\":false,\"useJoinTable\":false,\"private\":true},\"updatedBy\":{\"type\":\"relation\",\"relation\":\"oneToOne\",\"target\":\"admin::user\",\"configurable\":false,\"writable\":false,\"visible\":false,\"useJoinTable\":false,\"private\":true}},\"config\":{\"attributes\":{\"resetPasswordToken\":{\"hidden\":true},\"confirmationToken\":{\"hidden\":true},\"provider\":{\"hidden\":true}}},\"kind\":\"collectionType\",\"__filename__\":\"schema.json\",\"__schema__\":{\"collectionName\":\"up_users\",\"info\":{\"name\":\"user\",\"description\":\"\",\"singularName\":\"user\",\"pluralName\":\"users\",\"displayName\":\"User\"},\"options\":{\"draftAndPublish\":false},\"attributes\":{\"username\":{\"type\":\"string\",\"minLength\":3,\"unique\":true,\"configurable\":false,\"required\":true},\"email\":{\"type\":\"email\",\"minLength\":6,\"configurable\":false,\"required\":true},\"provider\":{\"type\":\"string\",\"configurable\":false},\"resetPasswordToken\":{\"type\":\"string\",\"configurable\":false,\"private\":true,\"searchable\":false},\"confirmationToken\":{\"type\":\"string\",\"configurable\":false,\"private\":true,\"searchable\":false},\"confirmed\":{\"type\":\"boolean\",\"default\":false,\"configurable\":false},\"blocked\":{\"type\":\"boolean\",\"default\":false,\"configurable\":false},\"role\":{\"type\":\"relation\",\"relation\":\"manyToOne\",\"target\":\"plugin::users-permissions.role\",\"inversedBy\":\"users\",\"configurable\":false,\"required\":true},\"password\":{\"type\":\"password\",\"minLength\":8,\"private\":true,\"searchable\":false,\"configurable\":false,\"required\":true,\"regex\":\"^(?=.*[a-z])(?=.*[A-Z])(?=.*[0-9])(?=.*[!@#$%^&*+=])[a-zA-Z0-9!@#$%^&*+=]{8,}$\"},\"nombre\":{\"type\":\"string\",\"required\":true,\"maxLength\":20,\"regex\":\"^[A-Za-z ]+$\"},\"apellido\":{\"type\":\"string\",\"required\":true,\"maxLength\":20,\"regex\":\"^[A-Za-z ]+$\"},\"FechaNacimiento\":{\"type\":\"date\",\"required\":true},\"telefono\":{\"type\":\"string\",\"regex\":\"^[0-9]+$\",\"unique\":true,\"maxLength\":8,\"minLength\":8},\"RTN\":{\"type\":\"string\",\"maxLength\":14,\"minLength\":14,\"unique\":true,\"regex\":\"^[0-9]+$\"},\"jurado\":{\"type\":\"boolean\",\"default\":false}},\"kind\":\"collectionType\"},\"modelType\":\"contentType\",\"modelName\":\"user\",\"connection\":\"default\",\"uid\":\"plugin::users-permissions.user\",\"plugin\":\"users-permissions\",\"globalId\":\"UsersPermissionsUser\"},\"api::categoria.categoria\":{\"kind\":\"collectionType\",\"collectionName\":\"categorias\",\"info\":{\"singularName\":\"categoria\",\"pluralName\":\"categorias\",\"displayName\":\"Categoria\",\"description\":\"\"},\"options\":{\"draftAndPublish\":false},\"pluginOptions\":{},\"attributes\":{\"nombre\":{\"pluginOptions\":{},\"type\":\"string\",\"required\":true,\"unique\":true,\"maxLength\":70,\"minLength\":5},\"descripcion\":{\"type\":\"string\",\"maxLength\":100,\"required\":true},\"img\":{\"type\":\"media\",\"multiple\":false,\"required\":true,\"allowedTypes\":[\"images\"]},\"producto\":{\"type\":\"relation\",\"relation\":\"oneToOne\",\"target\":\"api::producto.producto\"},\"createdAt\":{\"type\":\"datetime\"},\"updatedAt\":{\"type\":\"datetime\"},\"createdBy\":{\"type\":\"relation\",\"relation\":\"oneToOne\",\"target\":\"admin::user\",\"configurable\":false,\"writable\":false,\"visible\":false,\"useJoinTable\":false,\"private\":true},\"updatedBy\":{\"type\":\"relation\",\"relation\":\"oneToOne\",\"target\":\"admin::user\",\"configurable\":false,\"writable\":false,\"visible\":false,\"useJoinTable\":false,\"private\":true}},\"__schema__\":{\"collectionName\":\"categorias\",\"info\":{\"singularName\":\"categoria\",\"pluralName\":\"categorias\",\"displayName\":\"Categoria\",\"description\":\"\"},\"options\":{\"draftAndPublish\":false},\"pluginOptions\":{},\"attributes\":{\"nombre\":{\"pluginOptions\":{},\"type\":\"string\",\"required\":true,\"unique\":true,\"maxLength\":70,\"minLength\":5},\"descripcion\":{\"type\":\"string\",\"maxLength\":100,\"required\":true},\"img\":{\"type\":\"media\",\"multiple\":false,\"required\":true,\"allowedTypes\":[\"images\"]},\"producto\":{\"type\":\"relation\",\"relation\":\"oneToOne\",\"target\":\"api::producto.producto\"}},\"kind\":\"collectionType\"},\"modelType\":\"contentType\",\"modelName\":\"categoria\",\"connection\":\"default\",\"uid\":\"api::categoria.categoria\",\"apiName\":\"categoria\",\"globalId\":\"Categoria\",\"actions\":{},\"lifecycles\":{}},\"api::compra.compra\":{\"kind\":\"collectionType\",\"collectionName\":\"compras\",\"info\":{\"singularName\":\"compra\",\"pluralName\":\"compras\",\"displayName\":\"Compra\",\"description\":\"\"},\"options\":{\"draftAndPublish\":false},\"pluginOptions\":{},\"attributes\":{\"proveedor\":{\"type\":\"relation\",\"relation\":\"oneToOne\",\"target\":\"api::proveedor.proveedor\"},\"noFactura\":{\"type\":\"integer\",\"required\":true,\"unique\":true},\"metodoPago\":{\"type\":\"enumeration\",\"enum\":[\"Efectivo\",\"Tarjeta de Crdito\",\"Transferencia Bancaria\",\"Cheque\"],\"default\":\"Transferencia Bancaria\",\"required\":true},\"detalleCompras\":{\"type\":\"component\",\"repeatable\":true,\"component\":\"detalles.detalles\",\"required\":true},\"createdAt\":{\"type\":\"datetime\"},\"updatedAt\":{\"type\":\"datetime\"},\"createdBy\":{\"type\":\"relation\",\"relation\":\"oneToOne\",\"target\":\"admin::user\",\"configurable\":false,\"writable\":false,\"visible\":false,\"useJoinTable\":false,\"private\":true},\"updatedBy\":{\"type\":\"relation\",\"relation\":\"oneToOne\",\"target\":\"admin::user\",\"configurable\":false,\"writable\":false,\"visible\":false,\"useJoinTable\":false,\"private\":true}},\"__schema__\":{\"collectionName\":\"compras\",\"info\":{\"singularName\":\"compra\",\"pluralName\":\"compras\",\"displayName\":\"Compra\",\"description\":\"\"},\"options\":{\"draftAndPublish\":false},\"pluginOptions\":{},\"attributes\":{\"proveedor\":{\"type\":\"relation\",\"relation\":\"oneToOne\",\"target\":\"api::proveedor.proveedor\"},\"noFactura\":{\"type\":\"integer\",\"required\":true,\"unique\":true},\"metodoPago\":{\"type\":\"enumeration\",\"enum\":[\"Efectivo\",\"Tarjeta de Crdito\",\"Transferencia Bancaria\",\"Cheque\"],\"default\":\"Transferencia Bancaria\",\"required\":true},\"detalleCompras\":{\"type\":\"component\",\"repeatable\":true,\"component\":\"detalles.detalles\",\"required\":true}},\"kind\":\"collectionType\"},\"modelType\":\"contentType\",\"modelName\":\"compra\",\"connection\":\"default\",\"uid\":\"api::compra.compra\",\"apiName\":\"compra\",\"globalId\":\"Compra\",\"actions\":{},\"lifecycles\":{}},\"api::correlativo.correlativo\":{\"kind\":\"singleType\",\"collectionName\":\"correlativos\",\"info\":{\"singularName\":\"correlativo\",\"pluralName\":\"correlativos\",\"displayName\":\"Correlativo\",\"description\":\"\"},\"options\":{\"draftAndPublish\":false},\"pluginOptions\":{},\"attributes\":{\"NoFactura\":{\"type\":\"integer\",\"required\":true,\"min\":1,\"default\":0},\"createdAt\":{\"type\":\"datetime\"},\"updatedAt\":{\"type\":\"datetime\"},\"createdBy\":{\"type\":\"relation\",\"relation\":\"oneToOne\",\"target\":\"admin::user\",\"configurable\":false,\"writable\":false,\"visible\":false,\"useJoinTable\":false,\"private\":true},\"updatedBy\":{\"type\":\"relation\",\"relation\":\"oneToOne\",\"target\":\"admin::user\",\"configurable\":false,\"writable\":false,\"visible\":false,\"useJoinTable\":false,\"private\":true}},\"__schema__\":{\"collectionName\":\"correlativos\",\"info\":{\"singularName\":\"correlativo\",\"pluralName\":\"correlativos\",\"displayName\":\"Correlativo\",\"description\":\"\"},\"options\":{\"draftAndPublish\":false},\"pluginOptions\":{},\"attributes\":{\"NoFactura\":{\"type\":\"integer\",\"required\":true,\"min\":1,\"default\":0}},\"kind\":\"singleType\"},\"modelType\":\"contentType\",\"modelName\":\"correlativo\",\"connection\":\"default\",\"uid\":\"api::correlativo.correlativo\",\"apiName\":\"correlativo\",\"globalId\":\"Correlativo\",\"actions\":{},\"lifecycles\":{}},\"api::cupon.cupon\":{\"kind\":\"collectionType\",\"collectionName\":\"cupons\",\"info\":{\"singularName\":\"cupon\",\"pluralName\":\"cupons\",\"displayName\":\"Cupon\",\"description\":\"\"},\"options\":{\"draftAndPublish\":true},\"pluginOptions\":{},\"attributes\":{\"producto\":{\"type\":\"relation\",\"relation\":\"oneToOne\",\"target\":\"api::producto.producto\"},\"descripcion\":{\"type\":\"string\",\"required\":true,\"maxLength\":50},\"descuento\":{\"type\":\"integer\",\"required\":true,\"default\":100,\"min\":10},\"codigo\":{\"type\":\"uid\",\"required\":true,\"maxLength\":12,\"minLength\":3},\"fechaLimite\":{\"type\":\"date\",\"required\":true},\"createdAt\":{\"type\":\"datetime\"},\"updatedAt\":{\"type\":\"datetime\"},\"publishedAt\":{\"type\":\"datetime\",\"configurable\":false,\"writable\":true,\"visible\":false},\"createdBy\":{\"type\":\"relation\",\"relation\":\"oneToOne\",\"target\":\"admin::user\",\"configurable\":false,\"writable\":false,\"visible\":false,\"useJoinTable\":false,\"private\":true},\"updatedBy\":{\"type\":\"relation\",\"relation\":\"oneToOne\",\"target\":\"admin::user\",\"configurable\":false,\"writable\":false,\"visible\":false,\"useJoinTable\":false,\"private\":true}},\"__schema__\":{\"collectionName\":\"cupons\",\"info\":{\"singularName\":\"cupon\",\"pluralName\":\"cupons\",\"displayName\":\"Cupon\",\"description\":\"\"},\"options\":{\"draftAndPublish\":true},\"pluginOptions\":{},\"attributes\":{\"producto\":{\"type\":\"relation\",\"relation\":\"oneToOne\",\"target\":\"api::producto.producto\"},\"descripcion\":{\"type\":\"string\",\"required\":true,\"maxLength\":50},\"descuento\":{\"type\":\"integer\",\"required\":true,\"default\":100,\"min\":10},\"codigo\":{\"type\":\"uid\",\"required\":true,\"maxLength\":12,\"minLength\":3},\"fechaLimite\":{\"type\":\"date\",\"required\":true}},\"kind\":\"collectionType\"},\"modelType\":\"contentType\",\"modelName\":\"cupon\",\"connection\":\"default\",\"uid\":\"api::cupon.cupon\",\"apiName\":\"cupon\",\"globalId\":\"Cupon\",\"actions\":{},\"lifecycles\":{}},\"api::danado.danado\":{\"kind\":\"collectionType\",\"collectionName\":\"danados\",\"info\":{\"singularName\":\"danado\",\"pluralName\":\"danados\",\"displayName\":\"Daado\",\"description\":\"\"},\"options\":{\"draftAndPublish\":false},\"pluginOptions\":{},\"attributes\":{\"producto\":{\"type\":\"relation\",\"relation\":\"oneToOne\",\"target\":\"api::producto.producto\"},\"Estado\":{\"type\":\"enumeration\",\"enum\":[\"Daado\",\"No Recibido\",\"Robado\"],\"default\":\"Daado\",\"required\":true},\"Motivo\":{\"type\":\"string\",\"required\":true,\"maxLength\":255},\"Cantidad\":{\"type\":\"integer\",\"required\":true,\"min\":1},\"createdAt\":{\"type\":\"datetime\"},\"updatedAt\":{\"type\":\"datetime\"},\"createdBy\":{\"type\":\"relation\",\"relation\":\"oneToOne\",\"target\":\"admin::user\",\"configurable\":false,\"writable\":false,\"visible\":false,\"useJoinTable\":false,\"private\":true},\"updatedBy\":{\"type\":\"relation\",\"relation\":\"oneToOne\",\"target\":\"admin::user\",\"configurable\":false,\"writable\":false,\"visible\":false,\"useJoinTable\":false,\"private\":true}},\"__schema__\":{\"collectionName\":\"danados\",\"info\":{\"singularName\":\"danado\",\"pluralName\":\"danados\",\"displayName\":\"Daado\",\"description\":\"\"},\"options\":{\"draftAndPublish\":false},\"pluginOptions\":{},\"attributes\":{\"producto\":{\"type\":\"relation\",\"relation\":\"oneToOne\",\"target\":\"api::producto.producto\"},\"Estado\":{\"type\":\"enumeration\",\"enum\":[\"Daado\",\"No Recibido\",\"Robado\"],\"default\":\"Daado\",\"required\":true},\"Motivo\":{\"type\":\"string\",\"required\":true,\"maxLength\":255},\"Cantidad\":{\"type\":\"integer\",\"required\":true,\"min\":1}},\"kind\":\"collectionType\"},\"modelType\":\"contentType\",\"modelName\":\"danado\",\"connection\":\"default\",\"uid\":\"api::danado.danado\",\"apiName\":\"danado\",\"globalId\":\"Danado\",\"actions\":{},\"lifecycles\":{}},\"api::devolucion.devolucion\":{\"kind\":\"collectionType\",\"collectionName\":\"devolucions\",\"info\":{\"singularName\":\"devolucion\",\"pluralName\":\"devolucions\",\"displayName\":\"Devolucion\",\"description\":\"\"},\"options\":{\"draftAndPublish\":false},\"pluginOptions\":{},\"attributes\":{\"vendedor\":{\"type\":\"relation\",\"relation\":\"oneToOne\",\"target\":\"plugin::users-permissions.user\",\"required\":true},\"estado\":{\"type\":\"enumeration\",\"enum\":[\"Entregada\",\"En proceso\",\"Cancelada\"],\"default\":\"En proceso\",\"required\":true},\"noFactura\":{\"type\":\"relation\",\"relation\":\"oneToOne\",\"target\":\"api::venta.venta\",\"required\":true},\"detalleDevoluciones\":{\"type\":\"component\",\"repeatable\":true,\"component\":\"detalles.devoluciones\",\"required\":true},\"createdAt\":{\"type\":\"datetime\"},\"updatedAt\":{\"type\":\"datetime\"},\"createdBy\":{\"type\":\"relation\",\"relation\":\"oneToOne\",\"target\":\"admin::user\",\"configurable\":false,\"writable\":false,\"visible\":false,\"useJoinTable\":false,\"private\":true},\"updatedBy\":{\"type\":\"relation\",\"relation\":\"oneToOne\",\"target\":\"admin::user\",\"configurable\":false,\"writable\":false,\"visible\":false,\"useJoinTable\":false,\"private\":true}},\"__schema__\":{\"collectionName\":\"devolucions\",\"info\":{\"singularName\":\"devolucion\",\"pluralName\":\"devolucions\",\"displayName\":\"Devolucion\",\"description\":\"\"},\"options\":{\"draftAndPublish\":false},\"pluginOptions\":{},\"attributes\":{\"vendedor\":{\"type\":\"relation\",\"relation\":\"oneToOne\",\"target\":\"plugin::users-permissions.user\",\"required\":true},\"estado\":{\"type\":\"enumeration\",\"enum\":[\"Entregada\",\"En proceso\",\"Cancelada\"],\"default\":\"En proceso\",\"required\":true},\"noFactura\":{\"type\":\"relation\",\"relation\":\"oneToOne\",\"target\":\"api::venta.venta\",\"required\":true},\"detalleDevoluciones\":{\"type\":\"component\",\"repeatable\":true,\"component\":\"detalles.devoluciones\",\"required\":true}},\"kind\":\"collectionType\"},\"modelType\":\"contentType\",\"modelName\":\"devolucion\",\"connection\":\"default\",\"uid\":\"api::devolucion.devolucion\",\"apiName\":\"devolucion\",\"globalId\":\"Devolucion\",\"actions\":{},\"lifecycles\":{}},\"api::empresa.empresa\":{\"kind\":\"singleType\",\"collectionName\":\"empresas\",\"info\":{\"singularName\":\"empresa\",\"pluralName\":\"empresas\",\"displayName\":\"Empresa\",\"description\":\"\"},\"options\":{\"draftAndPublish\":false},\"pluginOptions\":{},\"attributes\":{\"nombre\":{\"type\":\"string\",\"required\":true,\"regex\":\"^[A-Za-z ]+$\",\"maxLength\":20},\"direccion\":{\"type\":\"string\",\"required\":true,\"maxLength\":100},\"correo\":{\"type\":\"email\",\"required\":true},\"telefono\":{\"type\":\"string\",\"required\":true,\"maxLength\":8,\"regex\":\"^[0-9]+$\",\"minLength\":8},\"lema\":{\"type\":\"string\",\"default\":\"- Eslogan de la compaa -\",\"required\":false},\"website\":{\"type\":\"string\",\"regex\":\"^(https?|ftp)?(:\\\\/\\\\/)?[a-zA-Z0-9.-]+\\\\.[a-zA-Z]{2,}$\"},\"CAI\":{\"type\":\"string\",\"required\":true},\"RangoInicial\":{\"type\":\"integer\",\"required\":true},\"RangoFinal\":{\"type\":\"integer\",\"required\":true},\"fechaVencimiento\":{\"type\":\"date\"},\"createdAt\":{\"type\":\"datetime\"},\"updatedAt\":{\"type\":\"datetime\"},\"createdBy\":{\"type\":\"relation\",\"relation\":\"oneToOne\",\"target\":\"admin::user\",\"configurable\":false,\"writable\":false,\"visible\":false,\"useJoinTable\":false,\"private\":true},\"updatedBy\":{\"type\":\"relation\",\"relation\":\"oneToOne\",\"target\":\"admin::user\",\"configurable\":false,\"writable\":false,\"visible\":false,\"useJoinTable\":false,\"private\":true}},\"__schema__\":{\"collectionName\":\"empresas\",\"info\":{\"singularName\":\"empresa\",\"pluralName\":\"empresas\",\"displayName\":\"Empresa\",\"description\":\"\"},\"options\":{\"draftAndPublish\":false},\"pluginOptions\":{},\"attributes\":{\"nombre\":{\"type\":\"string\",\"required\":true,\"regex\":\"^[A-Za-z ]+$\",\"maxLength\":20},\"direccion\":{\"type\":\"string\",\"required\":true,\"maxLength\":100},\"correo\":{\"type\":\"email\",\"required\":true},\"telefono\":{\"type\":\"string\",\"required\":true,\"maxLength\":8,\"regex\":\"^[0-9]+$\",\"minLength\":8},\"lema\":{\"type\":\"string\",\"default\":\"- Eslogan de la compaa -\",\"required\":false},\"website\":{\"type\":\"string\",\"regex\":\"^(https?|ftp)?(:\\\\/\\\\/)?[a-zA-Z0-9.-]+\\\\.[a-zA-Z]{2,}$\"},\"CAI\":{\"type\":\"string\",\"required\":true},\"RangoInicial\":{\"type\":\"integer\",\"required\":true},\"RangoFinal\":{\"type\":\"integer\",\"required\":true},\"fechaVencimiento\":{\"type\":\"date\"}},\"kind\":\"singleType\"},\"modelType\":\"contentType\",\"modelName\":\"empresa\",\"connection\":\"default\",\"uid\":\"api::empresa.empresa\",\"apiName\":\"empresa\",\"globalId\":\"Empresa\",\"actions\":{},\"lifecycles\":{}},\"api::garantia.garantia\":{\"kind\":\"collectionType\",\"collectionName\":\"garantias\",\"info\":{\"singularName\":\"garantia\",\"pluralName\":\"garantias\",\"displayName\":\"Garantia\",\"description\":\"\"},\"options\":{\"draftAndPublish\":false},\"pluginOptions\":{},\"attributes\":{\"categoria\":{\"type\":\"relation\",\"relation\":\"oneToOne\",\"target\":\"api::categoria.categoria\"},\"fechaCompra\":{\"type\":\"datetime\",\"required\":true},\"fechaVencimiento\":{\"type\":\"datetime\",\"required\":true},\"Estado\":{\"type\":\"enumeration\",\"enum\":[\"Activa\",\"Vencida\",\"Reclamada\"],\"required\":true,\"default\":\"Activa\"},\"createdAt\":{\"type\":\"datetime\"},\"updatedAt\":{\"type\":\"datetime\"},\"createdBy\":{\"type\":\"relation\",\"relation\":\"oneToOne\",\"target\":\"admin::user\",\"configurable\":false,\"writable\":false,\"visible\":false,\"useJoinTable\":false,\"private\":true},\"updatedBy\":{\"type\":\"relation\",\"relation\":\"oneToOne\",\"target\":\"admin::user\",\"configurable\":false,\"writable\":false,\"visible\":false,\"useJoinTable\":false,\"private\":true}},\"__schema__\":{\"collectionName\":\"garantias\",\"info\":{\"singularName\":\"garantia\",\"pluralName\":\"garantias\",\"displayName\":\"Garantia\",\"description\":\"\"},\"options\":{\"draftAndPublish\":false},\"pluginOptions\":{},\"attributes\":{\"categoria\":{\"type\":\"relation\",\"relation\":\"oneToOne\",\"target\":\"api::categoria.categoria\"},\"fechaCompra\":{\"type\":\"datetime\",\"required\":true},\"fechaVencimiento\":{\"type\":\"datetime\",\"required\":true},\"Estado\":{\"type\":\"enumeration\",\"enum\":[\"Activa\",\"Vencida\",\"Reclamada\"],\"required\":true,\"default\":\"Activa\"}},\"kind\":\"collectionType\"},\"modelType\":\"contentType\",\"modelName\":\"garantia\",\"connection\":\"default\",\"uid\":\"api::garantia.garantia\",\"apiName\":\"garantia\",\"globalId\":\"Garantia\",\"actions\":{},\"lifecycles\":{}},\"api::interaccion.interaccion\":{\"kind\":\"collectionType\",\"collectionName\":\"interaccions\",\"info\":{\"singularName\":\"interaccion\",\"pluralName\":\"interaccions\",\"displayName\":\"Interaccion\",\"description\":\"\"},\"options\":{\"draftAndPublish\":false},\"pluginOptions\":{},\"attributes\":{\"users_permissions_user\":{\"type\":\"relation\",\"relation\":\"oneToOne\",\"target\":\"plugin::users-permissions.user\"},\"producto\":{\"type\":\"relation\",\"relation\":\"oneToOne\",\"target\":\"api::producto.producto\"},\"fecha\":{\"type\":\"datetime\",\"required\":true},\"createdAt\":{\"type\":\"datetime\"},\"updatedAt\":{\"type\":\"datetime\"},\"createdBy\":{\"type\":\"relation\",\"relation\":\"oneToOne\",\"target\":\"admin::user\",\"configurable\":false,\"writable\":false,\"visible\":false,\"useJoinTable\":false,\"private\":true},\"updatedBy\":{\"type\":\"relation\",\"relation\":\"oneToOne\",\"target\":\"admin::user\",\"configurable\":false,\"writable\":false,\"visible\":false,\"useJoinTable\":false,\"private\":true}},\"__schema__\":{\"collectionName\":\"interaccions\",\"info\":{\"singularName\":\"interaccion\",\"pluralName\":\"interaccions\",\"displayName\":\"Interaccion\",\"description\":\"\"},\"options\":{\"draftAndPublish\":false},\"pluginOptions\":{},\"attributes\":{\"users_permissions_user\":{\"type\":\"relation\",\"relation\":\"oneToOne\",\"target\":\"plugin::users-permissions.user\"},\"producto\":{\"type\":\"relation\",\"relation\":\"oneToOne\",\"target\":\"api::producto.producto\"},\"fecha\":{\"type\":\"datetime\",\"required\":true}},\"kind\":\"collectionType\"},\"modelType\":\"contentType\",\"modelName\":\"interaccion\",\"connection\":\"default\",\"uid\":\"api::interaccion.interaccion\",\"apiName\":\"interaccion\",\"globalId\":\"Interaccion\",\"actions\":{},\"lifecycles\":{}},\"api::log.log\":{\"kind\":\"collectionType\",\"collectionName\":\"logs\",\"info\":{\"singularName\":\"log\",\"pluralName\":\"logs\",\"displayName\":\"Log\",\"description\":\"\"},\"options\":{\"draftAndPublish\":false},\"pluginOptions\":{},\"attributes\":{\"DateTime\":{\"type\":\"datetime\"},\"ACTION\":{\"type\":\"enumeration\",\"enum\":[\"POST\",\"PUT\",\"DELETE\",\"GET\"],\"required\":true},\"Table\":{\"type\":\"string\",\"required\":true},\"Description\":{\"type\":\"text\",\"required\":true},\"admin_user\":{\"type\":\"relation\",\"relation\":\"oneToOne\",\"target\":\"admin::user\"},\"rowID\":{\"type\":\"integer\",\"required\":true},\"information\":{\"type\":\"json\",\"required\":true},\"createdAt\":{\"type\":\"datetime\"},\"updatedAt\":{\"type\":\"datetime\"},\"createdBy\":{\"type\":\"relation\",\"relation\":\"oneToOne\",\"target\":\"admin::user\",\"configurable\":false,\"writable\":false,\"visible\":false,\"useJoinTable\":false,\"private\":true},\"updatedBy\":{\"type\":\"relation\",\"relation\":\"oneToOne\",\"target\":\"admin::user\",\"configurable\":false,\"writable\":false,\"visible\":false,\"useJoinTable\":false,\"private\":true}},\"__schema__\":{\"collectionName\":\"logs\",\"info\":{\"singularName\":\"log\",\"pluralName\":\"logs\",\"displayName\":\"Log\",\"description\":\"\"},\"options\":{\"draftAndPublish\":false},\"pluginOptions\":{},\"attributes\":{\"DateTime\":{\"type\":\"datetime\"},\"ACTION\":{\"type\":\"enumeration\",\"enum\":[\"POST\",\"PUT\",\"DELETE\",\"GET\"],\"required\":true},\"Table\":{\"type\":\"string\",\"required\":true},\"Description\":{\"type\":\"text\",\"required\":true},\"admin_user\":{\"type\":\"relation\",\"relation\":\"oneToOne\",\"target\":\"admin::user\"},\"rowID\":{\"type\":\"integer\",\"required\":true},\"information\":{\"type\":\"json\",\"required\":true}},\"kind\":\"collectionType\"},\"modelType\":\"contentType\",\"modelName\":\"log\",\"connection\":\"default\",\"uid\":\"api::log.log\",\"apiName\":\"log\",\"globalId\":\"Log\",\"actions\":{},\"lifecycles\":{}},\"api::marca.marca\":{\"kind\":\"collectionType\",\"collectionName\":\"marcas\",\"info\":{\"singularName\":\"marca\",\"pluralName\":\"marcas\",\"displayName\":\"Marca\",\"description\":\"\"},\"options\":{\"draftAndPublish\":false},\"pluginOptions\":{},\"attributes\":{\"nombre\":{\"type\":\"string\",\"regex\":\"^[a-zA-Z ]*$\",\"required\":true,\"unique\":true,\"maxLength\":30,\"minLength\":2},\"img\":{\"type\":\"media\",\"multiple\":false,\"required\":true,\"allowedTypes\":[\"images\"]},\"createdAt\":{\"type\":\"datetime\"},\"updatedAt\":{\"type\":\"datetime\"},\"createdBy\":{\"type\":\"relation\",\"relation\":\"oneToOne\",\"target\":\"admin::user\",\"configurable\":false,\"writable\":false,\"visible\":false,\"useJoinTable\":false,\"private\":true},\"updatedBy\":{\"type\":\"relation\",\"relation\":\"oneToOne\",\"target\":\"admin::user\",\"configurable\":false,\"writable\":false,\"visible\":false,\"useJoinTable\":false,\"private\":true}},\"__schema__\":{\"collectionName\":\"marcas\",\"info\":{\"singularName\":\"marca\",\"pluralName\":\"marcas\",\"displayName\":\"Marca\",\"description\":\"\"},\"options\":{\"draftAndPublish\":false},\"pluginOptions\":{},\"attributes\":{\"nombre\":{\"type\":\"string\",\"regex\":\"^[a-zA-Z ]*$\",\"required\":true,\"unique\":true,\"maxLength\":30,\"minLength\":2},\"img\":{\"type\":\"media\",\"multiple\":false,\"required\":true,\"allowedTypes\":[\"images\"]}},\"kind\":\"collectionType\"},\"modelType\":\"contentType\",\"modelName\":\"marca\",\"connection\":\"default\",\"uid\":\"api::marca.marca\",\"apiName\":\"marca\",\"globalId\":\"Marca\",\"actions\":{},\"lifecycles\":{}},\"api::orden.orden\":{\"kind\":\"collectionType\",\"collectionName\":\"ordens\",\"info\":{\"singularName\":\"orden\",\"pluralName\":\"ordens\",\"displayName\":\"Orden\",\"description\":\"\"},\"options\":{\"draftAndPublish\":false},\"pluginOptions\":{},\"attributes\":{\"Ordenes\":{\"displayName\":\"Ordenes\",\"type\":\"component\",\"repeatable\":true,\"component\":\"detalles.ordenes\",\"required\":true},\"encargado\":{\"type\":\"relation\",\"relation\":\"oneToOne\",\"target\":\"plugin::users-permissions.user\",\"required\":true},\"proveedor\":{\"type\":\"relation\",\"relation\":\"oneToOne\",\"target\":\"api::proveedor.proveedor\",\"required\":true},\"resumen\":{\"type\":\"text\"},\"estado\":{\"type\":\"enumeration\",\"enum\":[\"Recibida\",\"Cancelada\",\"EN PROCESO\"],\"default\":\"EN PROCESO\",\"required\":true},\"createdAt\":{\"type\":\"datetime\"},\"updatedAt\":{\"type\":\"datetime\"},\"createdBy\":{\"type\":\"relation\",\"relation\":\"oneToOne\",\"target\":\"admin::user\",\"configurable\":false,\"writable\":false,\"visible\":false,\"useJoinTable\":false,\"private\":true},\"updatedBy\":{\"type\":\"relation\",\"relation\":\"oneToOne\",\"target\":\"admin::user\",\"configurable\":false,\"writable\":false,\"visible\":false,\"useJoinTable\":false,\"private\":true}},\"__schema__\":{\"collectionName\":\"ordens\",\"info\":{\"singularName\":\"orden\",\"pluralName\":\"ordens\",\"displayName\":\"Orden\",\"description\":\"\"},\"options\":{\"draftAndPublish\":false},\"pluginOptions\":{},\"attributes\":{\"Ordenes\":{\"displayName\":\"Ordenes\",\"type\":\"component\",\"repeatable\":true,\"component\":\"detalles.ordenes\",\"required\":true},\"encargado\":{\"type\":\"relation\",\"relation\":\"oneToOne\",\"target\":\"plugin::users-permissions.user\",\"required\":true},\"proveedor\":{\"type\":\"relation\",\"relation\":\"oneToOne\",\"target\":\"api::proveedor.proveedor\",\"required\":true},\"resumen\":{\"type\":\"text\"},\"estado\":{\"type\":\"enumeration\",\"enum\":[\"Recibida\",\"Cancelada\",\"EN PROCESO\"],\"default\":\"EN PROCESO\",\"required\":true}},\"kind\":\"collectionType\"},\"modelType\":\"contentType\",\"modelName\":\"orden\",\"connection\":\"default\",\"uid\":\"api::orden.orden\",\"apiName\":\"orden\",\"globalId\":\"Orden\",\"actions\":{},\"lifecycles\":{}},\"api::producto.producto\":{\"kind\":\"collectionType\",\"collectionName\":\"productos\",\"info\":{\"singularName\":\"producto\",\"pluralName\":\"productos\",\"displayName\":\"Producto\",\"description\":\"\"},\"options\":{\"draftAndPublish\":false},\"pluginOptions\":{},\"attributes\":{\"nombre\":{\"pluginOptions\":{},\"type\":\"string\",\"required\":true,\"unique\":true,\"maxLength\":95,\"minLength\":5},\"codigo\":{\"pluginOptions\":{},\"type\":\"string\",\"required\":true,\"unique\":true,\"maxLength\":13,\"minLength\":13},\"descripcion\":{\"pluginOptions\":{},\"type\":\"text\",\"required\":false},\"marca\":{\"type\":\"relation\",\"relation\":\"oneToOne\",\"target\":\"api::marca.marca\"},\"isv\":{\"pluginOptions\":{},\"type\":\"decimal\",\"required\":true,\"max\":0.15,\"min\":0,\"default\":0.15},\"precio_venta\":{\"pluginOptions\":{},\"type\":\"float\",\"required\":true,\"min\":0},\"precio_compra\":{\"pluginOptions\":{},\"type\":\"float\",\"required\":true,\"min\":0},\"existencia\":{\"pluginOptions\":{},\"type\":\"integer\",\"default\":1,\"required\":true,\"min\":0},\"descuento\":{\"pluginOptions\":{},\"type\":\"decimal\",\"required\":true,\"min\":0,\"max\":1},\"img\":{\"type\":\"media\",\"multiple\":false,\"required\":true,\"allowedTypes\":[\"images\"],\"pluginOptions\":{}},\"modelo\":{\"pluginOptions\":{},\"type\":\"string\",\"required\":true,\"maxLength\":30,\"unique\":true},\"subcategorias\":{\"type\":\"relation\",\"relation\":\"oneToMany\",\"target\":\"api::subcategoria.subcategoria\"},\"activo\":{\"type\":\"boolean\",\"default\":true,\"required\":true},\"createdAt\":{\"type\":\"datetime\"},\"updatedAt\":{\"type\":\"datetime\"},\"createdBy\":{\"type\":\"relation\",\"relation\":\"oneToOne\",\"target\":\"admin::user\",\"configurable\":false,\"writable\":false,\"visible\":false,\"useJoinTable\":false,\"private\":true},\"updatedBy\":{\"type\":\"relation\",\"relation\":\"oneToOne\",\"target\":\"admin::user\",\"configurable\":false,\"writable\":false,\"visible\":false,\"useJoinTable\":false,\"private\":true}},\"__schema__\":{\"collectionName\":\"productos\",\"info\":{\"singularName\":\"producto\",\"pluralName\":\"productos\",\"displayName\":\"Producto\",\"description\":\"\"},\"options\":{\"draftAndPublish\":false},\"pluginOptions\":{},\"attributes\":{\"nombre\":{\"pluginOptions\":{},\"type\":\"string\",\"required\":true,\"unique\":true,\"maxLength\":95,\"minLength\":5},\"codigo\":{\"pluginOptions\":{},\"type\":\"string\",\"required\":true,\"unique\":true,\"maxLength\":13,\"minLength\":13},\"descripcion\":{\"pluginOptions\":{},\"type\":\"text\",\"required\":false},\"marca\":{\"type\":\"relation\",\"relation\":\"oneToOne\",\"target\":\"api::marca.marca\"},\"isv\":{\"pluginOptions\":{},\"type\":\"decimal\",\"required\":true,\"max\":0.15,\"min\":0,\"default\":0.15},\"precio_venta\":{\"pluginOptions\":{},\"type\":\"float\",\"required\":true,\"min\":0},\"precio_compra\":{\"pluginOptions\":{},\"type\":\"float\",\"required\":true,\"min\":0},\"existencia\":{\"pluginOptions\":{},\"type\":\"integer\",\"default\":1,\"required\":true,\"min\":0},\"descuento\":{\"pluginOptions\":{},\"type\":\"decimal\",\"required\":true,\"min\":0,\"max\":1},\"img\":{\"type\":\"media\",\"multiple\":false,\"required\":true,\"allowedTypes\":[\"images\"],\"pluginOptions\":{}},\"modelo\":{\"pluginOptions\":{},\"type\":\"string\",\"required\":true,\"maxLength\":30,\"unique\":true},\"subcategorias\":{\"type\":\"relation\",\"relation\":\"oneToMany\",\"target\":\"api::subcategoria.subcategoria\"},\"activo\":{\"type\":\"boolean\",\"default\":true,\"required\":true}},\"kind\":\"collectionType\"},\"modelType\":\"contentType\",\"modelName\":\"producto\",\"connection\":\"default\",\"uid\":\"api::producto.producto\",\"apiName\":\"producto\",\"globalId\":\"Producto\",\"actions\":{},\"lifecycles\":{}},\"api::promocion.promocion\":{\"kind\":\"collectionType\",\"collectionName\":\"promocions\",\"info\":{\"singularName\":\"promocion\",\"pluralName\":\"promocions\",\"displayName\":\"Promocion\",\"description\":\"\"},\"options\":{\"draftAndPublish\":false},\"pluginOptions\":{},\"attributes\":{\"nombre_promocion\":{\"type\":\"string\",\"required\":true,\"maxLength\":13},\"fechaInicio\":{\"type\":\"date\",\"required\":true},\"fechaFin\":{\"type\":\"date\",\"required\":true},\"createdAt\":{\"type\":\"datetime\"},\"updatedAt\":{\"type\":\"datetime\"},\"createdBy\":{\"type\":\"relation\",\"relation\":\"oneToOne\",\"target\":\"admin::user\",\"configurable\":false,\"writable\":false,\"visible\":false,\"useJoinTable\":false,\"private\":true},\"updatedBy\":{\"type\":\"relation\",\"relation\":\"oneToOne\",\"target\":\"admin::user\",\"configurable\":false,\"writable\":false,\"visible\":false,\"useJoinTable\":false,\"private\":true}},\"__schema__\":{\"collectionName\":\"promocions\",\"info\":{\"singularName\":\"promocion\",\"pluralName\":\"promocions\",\"displayName\":\"Promocion\",\"description\":\"\"},\"options\":{\"draftAndPublish\":false},\"pluginOptions\":{},\"attributes\":{\"nombre_promocion\":{\"type\":\"string\",\"required\":true,\"maxLength\":13},\"fechaInicio\":{\"type\":\"date\",\"required\":true},\"fechaFin\":{\"type\":\"date\",\"required\":true}},\"kind\":\"collectionType\"},\"modelType\":\"contentType\",\"modelName\":\"promocion\",\"connection\":\"default\",\"uid\":\"api::promocion.promocion\",\"apiName\":\"promocion\",\"globalId\":\"Promocion\",\"actions\":{},\"lifecycles\":{}},\"api::proveedor.proveedor\":{\"kind\":\"collectionType\",\"collectionName\":\"proveedors\",\"info\":{\"singularName\":\"proveedor\",\"pluralName\":\"proveedors\",\"displayName\":\"Proveedor\",\"description\":\"\"},\"options\":{\"draftAndPublish\":false},\"pluginOptions\":{},\"attributes\":{\"RTN\":{\"type\":\"string\",\"required\":true,\"maxLength\":14,\"minLength\":14,\"unique\":true,\"regex\":\"^[0-9]+$\"},\"nombre\":{\"type\":\"string\",\"required\":true,\"unique\":true,\"maxLength\":30,\"regex\":\"^[A-Za-z ]+$\",\"minLength\":3},\"telefono\":{\"type\":\"string\",\"required\":true,\"unique\":true,\"maxLength\":8,\"minLength\":8,\"regex\":\"^[0-9]+$\"},\"direccion\":{\"type\":\"string\",\"required\":true,\"maxLength\":70},\"correo\":{\"type\":\"email\",\"required\":true,\"unique\":true},\"website\":{\"type\":\"string\",\"required\":true,\"unique\":true,\"maxLength\":30,\"regex\":\"^(https?|ftp)?(:\\\\/\\\\/)?[a-zA-Z0-9.-]+\\\\.[a-zA-Z]{2,}$\"},\"vendedor\":{\"type\":\"string\",\"required\":true,\"maxLength\":40,\"regex\":\"^[A-Za-z ]+$\",\"minLength\":3},\"contactoVendedor\":{\"type\":\"string\",\"required\":true,\"unique\":true,\"maxLength\":8,\"minLength\":8,\"regex\":\"^[0-9]+$\"},\"createdAt\":{\"type\":\"datetime\"},\"updatedAt\":{\"type\":\"datetime\"},\"createdBy\":{\"type\":\"relation\",\"relation\":\"oneToOne\",\"target\":\"admin::user\",\"configurable\":false,\"writable\":false,\"visible\":false,\"useJoinTable\":false,\"private\":true},\"updatedBy\":{\"type\":\"relation\",\"relation\":\"oneToOne\",\"target\":\"admin::user\",\"configurable\":false,\"writable\":false,\"visible\":false,\"useJoinTable\":false,\"private\":true}},\"__schema__\":{\"collectionName\":\"proveedors\",\"info\":{\"singularName\":\"proveedor\",\"pluralName\":\"proveedors\",\"displayName\":\"Proveedor\",\"description\":\"\"},\"options\":{\"draftAndPublish\":false},\"pluginOptions\":{},\"attributes\":{\"RTN\":{\"type\":\"string\",\"required\":true,\"maxLength\":14,\"minLength\":14,\"unique\":true,\"regex\":\"^[0-9]+$\"},\"nombre\":{\"type\":\"string\",\"required\":true,\"unique\":true,\"maxLength\":30,\"regex\":\"^[A-Za-z ]+$\",\"minLength\":3},\"telefono\":{\"type\":\"string\",\"required\":true,\"unique\":true,\"maxLength\":8,\"minLength\":8,\"regex\":\"^[0-9]+$\"},\"direccion\":{\"type\":\"string\",\"required\":true,\"maxLength\":70},\"correo\":{\"type\":\"email\",\"required\":true,\"unique\":true},\"website\":{\"type\":\"string\",\"required\":true,\"unique\":true,\"maxLength\":30,\"regex\":\"^(https?|ftp)?(:\\\\/\\\\/)?[a-zA-Z0-9.-]+\\\\.[a-zA-Z]{2,}$\"},\"vendedor\":{\"type\":\"string\",\"required\":true,\"maxLength\":40,\"regex\":\"^[A-Za-z ]+$\",\"minLength\":3},\"contactoVendedor\":{\"type\":\"string\",\"required\":true,\"unique\":true,\"maxLength\":8,\"minLength\":8,\"regex\":\"^[0-9]+$\"}},\"kind\":\"collectionType\"},\"modelType\":\"contentType\",\"modelName\":\"proveedor\",\"connection\":\"default\",\"uid\":\"api::proveedor.proveedor\",\"apiName\":\"proveedor\",\"globalId\":\"Proveedor\",\"actions\":{},\"lifecycles\":{}},\"api::subcategoria.subcategoria\":{\"kind\":\"collectionType\",\"collectionName\":\"subcategorias\",\"info\":{\"singularName\":\"subcategoria\",\"pluralName\":\"subcategorias\",\"displayName\":\"Subcategoria\",\"description\":\"\"},\"options\":{\"draftAndPublish\":false},\"pluginOptions\":{},\"attributes\":{\"nombre\":{\"type\":\"string\",\"unique\":true,\"required\":true,\"maxLength\":40,\"minLength\":3,\"regex\":\"^[A-Za-z ]*$\"},\"descripcion\":{\"type\":\"text\",\"required\":false,\"maxLength\":100},\"categoria\":{\"type\":\"relation\",\"relation\":\"oneToOne\",\"target\":\"api::categoria.categoria\",\"required\":true},\"createdAt\":{\"type\":\"datetime\"},\"updatedAt\":{\"type\":\"datetime\"},\"createdBy\":{\"type\":\"relation\",\"relation\":\"oneToOne\",\"target\":\"admin::user\",\"configurable\":false,\"writable\":false,\"visible\":false,\"useJoinTable\":false,\"private\":true},\"updatedBy\":{\"type\":\"relation\",\"relation\":\"oneToOne\",\"target\":\"admin::user\",\"configurable\":false,\"writable\":false,\"visible\":false,\"useJoinTable\":false,\"private\":true}},\"__schema__\":{\"collectionName\":\"subcategorias\",\"info\":{\"singularName\":\"subcategoria\",\"pluralName\":\"subcategorias\",\"displayName\":\"Subcategoria\",\"description\":\"\"},\"options\":{\"draftAndPublish\":false},\"pluginOptions\":{},\"attributes\":{\"nombre\":{\"type\":\"string\",\"unique\":true,\"required\":true,\"maxLength\":40,\"minLength\":3,\"regex\":\"^[A-Za-z ]*$\"},\"descripcion\":{\"type\":\"text\",\"required\":false,\"maxLength\":100},\"categoria\":{\"type\":\"relation\",\"relation\":\"oneToOne\",\"target\":\"api::categoria.categoria\",\"required\":true}},\"kind\":\"collectionType\"},\"modelType\":\"contentType\",\"modelName\":\"subcategoria\",\"connection\":\"default\",\"uid\":\"api::subcategoria.subcategoria\",\"apiName\":\"subcategoria\",\"globalId\":\"Subcategoria\",\"actions\":{},\"lifecycles\":{}},\"api::sucursal.sucursal\":{\"kind\":\"collectionType\",\"collectionName\":\"sucursals\",\"info\":{\"singularName\":\"sucursal\",\"pluralName\":\"sucursals\",\"displayName\":\"Sucursal\",\"description\":\"\"},\"options\":{\"draftAndPublish\":false},\"pluginOptions\":{},\"attributes\":{\"nombre\":{\"type\":\"string\",\"required\":true,\"unique\":true,\"minLength\":5},\"direccion\":{\"type\":\"string\",\"required\":true,\"maxLength\":100},\"telefono\":{\"type\":\"string\",\"maxLength\":8,\"minLength\":8,\"required\":true,\"unique\":true,\"regex\":\"^[0-9]+$\"},\"correoSucursal\":{\"type\":\"email\",\"unique\":true},\"fechaApertura\":{\"type\":\"date\",\"required\":true},\"activa\":{\"type\":\"boolean\",\"default\":true,\"required\":true},\"createdAt\":{\"type\":\"datetime\"},\"updatedAt\":{\"type\":\"datetime\"},\"createdBy\":{\"type\":\"relation\",\"relation\":\"oneToOne\",\"target\":\"admin::user\",\"configurable\":false,\"writable\":false,\"visible\":false,\"useJoinTable\":false,\"private\":true},\"updatedBy\":{\"type\":\"relation\",\"relation\":\"oneToOne\",\"target\":\"admin::user\",\"configurable\":false,\"writable\":false,\"visible\":false,\"useJoinTable\":false,\"private\":true}},\"__schema__\":{\"collectionName\":\"sucursals\",\"info\":{\"singularName\":\"sucursal\",\"pluralName\":\"sucursals\",\"displayName\":\"Sucursal\",\"description\":\"\"},\"options\":{\"draftAndPublish\":false},\"pluginOptions\":{},\"attributes\":{\"nombre\":{\"type\":\"string\",\"required\":true,\"unique\":true,\"minLength\":5},\"direccion\":{\"type\":\"string\",\"required\":true,\"maxLength\":100},\"telefono\":{\"type\":\"string\",\"maxLength\":8,\"minLength\":8,\"required\":true,\"unique\":true,\"regex\":\"^[0-9]+$\"},\"correoSucursal\":{\"type\":\"email\",\"unique\":true},\"fechaApertura\":{\"type\":\"date\",\"required\":true},\"activa\":{\"type\":\"boolean\",\"default\":true,\"required\":true}},\"kind\":\"collectionType\"},\"modelType\":\"contentType\",\"modelName\":\"sucursal\",\"connection\":\"default\",\"uid\":\"api::sucursal.sucursal\",\"apiName\":\"sucursal\",\"globalId\":\"Sucursal\",\"actions\":{},\"lifecycles\":{}},\"api::venta.venta\":{\"kind\":\"collectionType\",\"collectionName\":\"ventas\",\"info\":{\"singularName\":\"venta\",\"pluralName\":\"ventas\",\"displayName\":\"Venta\",\"description\":\"\"},\"options\":{\"draftAndPublish\":false},\"pluginOptions\":{},\"attributes\":{\"noFactura\":{\"type\":\"integer\",\"min\":0,\"required\":true,\"unique\":true},\"metodoPago\":{\"type\":\"enumeration\",\"enum\":[\"Efectivo\",\"Tarjeta de Crdito\",\"Transferencia Bancaria\",\"Cheque\"],\"default\":\"Efectivo\",\"required\":true},\"cliente\":{\"type\":\"relation\",\"relation\":\"oneToOne\",\"target\":\"plugin::users-permissions.user\"},\"detalleVentas\":{\"type\":\"component\",\"repeatable\":true,\"component\":\"detalles.detalles\",\"required\":true},\"estado\":{\"type\":\"enumeration\",\"enum\":[\"Pagada\",\"Anulada\",\"No Pagada\",\"Parcialmente Pagada\"],\"default\":\"No Pagada\",\"required\":true},\"vendedor\":{\"type\":\"relation\",\"relation\":\"oneToOne\",\"target\":\"plugin::users-permissions.user\"},\"createdAt\":{\"type\":\"datetime\"},\"updatedAt\":{\"type\":\"datetime\"},\"createdBy\":{\"type\":\"relation\",\"relation\":\"oneToOne\",\"target\":\"admin::user\",\"configurable\":false,\"writable\":false,\"visible\":false,\"useJoinTable\":false,\"private\":true},\"updatedBy\":{\"type\":\"relation\",\"relation\":\"oneToOne\",\"target\":\"admin::user\",\"configurable\":false,\"writable\":false,\"visible\":false,\"useJoinTable\":false,\"private\":true}},\"__schema__\":{\"collectionName\":\"ventas\",\"info\":{\"singularName\":\"venta\",\"pluralName\":\"ventas\",\"displayName\":\"Venta\",\"description\":\"\"},\"options\":{\"draftAndPublish\":false},\"pluginOptions\":{},\"attributes\":{\"noFactura\":{\"type\":\"integer\",\"min\":0,\"required\":true,\"unique\":true},\"metodoPago\":{\"type\":\"enumeration\",\"enum\":[\"Efectivo\",\"Tarjeta de Crdito\",\"Transferencia Bancaria\",\"Cheque\"],\"default\":\"Efectivo\",\"required\":true},\"cliente\":{\"type\":\"relation\",\"relation\":\"oneToOne\",\"target\":\"plugin::users-permissions.user\"},\"detalleVentas\":{\"type\":\"component\",\"repeatable\":true,\"component\":\"detalles.detalles\",\"required\":true},\"estado\":{\"type\":\"enumeration\",\"enum\":[\"Pagada\",\"Anulada\",\"No Pagada\",\"Parcialmente Pagada\"],\"default\":\"No Pagada\",\"required\":true},\"vendedor\":{\"type\":\"relation\",\"relation\":\"oneToOne\",\"target\":\"plugin::users-permissions.user\"}},\"kind\":\"collectionType\"},\"modelType\":\"contentType\",\"modelName\":\"venta\",\"connection\":\"default\",\"uid\":\"api::venta.venta\",\"apiName\":\"venta\",\"globalId\":\"Venta\",\"actions\":{},\"lifecycles\":{}}}','object',NULL,NULL),(2,'plugin_content_manager_configuration_content_types::admin::permission','{\"uid\":\"admin::permission\",\"settings\":{\"bulkable\":true,\"filterable\":true,\"searchable\":true,\"pageSize\":10,\"mainField\":\"action\",\"defaultSortBy\":\"action\",\"defaultSortOrder\":\"ASC\"},\"metadatas\":{\"id\":{\"edit\":{},\"list\":{\"label\":\"id\",\"searchable\":true,\"sortable\":true}},\"action\":{\"edit\":{\"label\":\"action\",\"description\":\"\",\"placeholder\":\"\",\"visible\":true,\"editable\":true},\"list\":{\"label\":\"action\",\"searchable\":true,\"sortable\":true}},\"actionParameters\":{\"edit\":{\"label\":\"actionParameters\",\"description\":\"\",\"placeholder\":\"\",\"visible\":true,\"editable\":true},\"list\":{\"label\":\"actionParameters\",\"searchable\":false,\"sortable\":false}},\"subject\":{\"edit\":{\"label\":\"subject\",\"description\":\"\",\"placeholder\":\"\",\"visible\":true,\"editable\":true},\"list\":{\"label\":\"subject\",\"searchable\":true,\"sortable\":true}},\"properties\":{\"edit\":{\"label\":\"properties\",\"description\":\"\",\"placeholder\":\"\",\"visible\":true,\"editable\":true},\"list\":{\"label\":\"properties\",\"searchable\":false,\"sortable\":false}},\"conditions\":{\"edit\":{\"label\":\"conditions\",\"description\":\"\",\"placeholder\":\"\",\"visible\":true,\"editable\":true},\"list\":{\"label\":\"conditions\",\"searchable\":false,\"sortable\":false}},\"role\":{\"edit\":{\"label\":\"role\",\"description\":\"\",\"placeholder\":\"\",\"visible\":true,\"editable\":true,\"mainField\":\"name\"},\"list\":{\"label\":\"role\",\"searchable\":true,\"sortable\":true}},\"createdAt\":{\"edit\":{\"label\":\"createdAt\",\"description\":\"\",\"placeholder\":\"\",\"visible\":false,\"editable\":true},\"list\":{\"label\":\"createdAt\",\"searchable\":true,\"sortable\":true}},\"updatedAt\":{\"edit\":{\"label\":\"updatedAt\",\"description\":\"\",\"placeholder\":\"\",\"visible\":false,\"editable\":true},\"list\":{\"label\":\"updatedAt\",\"searchable\":true,\"sortable\":true}},\"createdBy\":{\"edit\":{\"label\":\"createdBy\",\"description\":\"\",\"placeholder\":\"\",\"visible\":false,\"editable\":true,\"mainField\":\"firstname\"},\"list\":{\"label\":\"createdBy\",\"searchable\":true,\"sortable\":true}},\"updatedBy\":{\"edit\":{\"label\":\"updatedBy\",\"description\":\"\",\"placeholder\":\"\",\"visible\":false,\"editable\":true,\"mainField\":\"firstname\"},\"list\":{\"label\":\"updatedBy\",\"searchable\":true,\"sortable\":true}}},\"layouts\":{\"list\":[\"id\",\"action\",\"subject\",\"role\"],\"edit\":[[{\"name\":\"action\",\"size\":6},{\"name\":\"subject\",\"size\":6}],[{\"name\":\"properties\",\"size\":12}],[{\"name\":\"conditions\",\"size\":12}],[{\"name\":\"role\",\"size\":6}],[{\"name\":\"actionParameters\",\"size\":12}]]}}','object',NULL,NULL),(3,'plugin_content_manager_configuration_content_types::admin::user','{\"uid\":\"admin::user\",\"settings\":{\"bulkable\":true,\"filterable\":true,\"searchable\":true,\"pageSize\":10,\"mainField\":\"firstname\",\"defaultSortBy\":\"firstname\",\"defaultSortOrder\":\"ASC\"},\"metadatas\":{\"id\":{\"edit\":{},\"list\":{\"label\":\"id\",\"searchable\":true,\"sortable\":true}},\"firstname\":{\"edit\":{\"label\":\"firstname\",\"description\":\"\",\"placeholder\":\"\",\"visible\":true,\"editable\":true},\"list\":{\"label\":\"firstname\",\"searchable\":true,\"sortable\":true}},\"lastname\":{\"edit\":{\"label\":\"lastname\",\"description\":\"\",\"placeholder\":\"\",\"visible\":true,\"editable\":true},\"list\":{\"label\":\"lastname\",\"searchable\":true,\"sortable\":true}},\"username\":{\"edit\":{\"label\":\"username\",\"description\":\"\",\"placeholder\":\"\",\"visible\":true,\"editable\":true},\"list\":{\"label\":\"username\",\"searchable\":true,\"sortable\":true}},\"email\":{\"edit\":{\"label\":\"email\",\"description\":\"\",\"placeholder\":\"\",\"visible\":true,\"editable\":true},\"list\":{\"label\":\"email\",\"searchable\":true,\"sortable\":true}},\"password\":{\"edit\":{\"label\":\"password\",\"description\":\"\",\"placeholder\":\"\",\"visible\":true,\"editable\":true},\"list\":{\"label\":\"password\",\"searchable\":true,\"sortable\":true}},\"resetPasswordToken\":{\"edit\":{\"label\":\"resetPasswordToken\",\"description\":\"\",\"placeholder\":\"\",\"visible\":true,\"editable\":true},\"list\":{\"label\":\"resetPasswordToken\",\"searchable\":true,\"sortable\":true}},\"registrationToken\":{\"edit\":{\"label\":\"registrationToken\",\"description\":\"\",\"placeholder\":\"\",\"visible\":true,\"editable\":true},\"list\":{\"label\":\"registrationToken\",\"searchable\":true,\"sortable\":true}},\"isActive\":{\"edit\":{\"label\":\"isActive\",\"description\":\"\",\"placeholder\":\"\",\"visible\":true,\"editable\":true},\"list\":{\"label\":\"isActive\",\"searchable\":true,\"sortable\":true}},\"roles\":{\"edit\":{\"label\":\"roles\",\"description\":\"\",\"placeholder\":\"\",\"visible\":true,\"editable\":true,\"mainField\":\"name\"},\"list\":{\"label\":\"roles\",\"searchable\":false,\"sortable\":false}},\"blocked\":{\"edit\":{\"label\":\"blocked\",\"description\":\"\",\"placeholder\":\"\",\"visible\":true,\"editable\":true},\"list\":{\"label\":\"blocked\",\"searchable\":true,\"sortable\":true}},\"preferedLanguage\":{\"edit\":{\"label\":\"preferedLanguage\",\"description\":\"\",\"placeholder\":\"\",\"visible\":true,\"editable\":true},\"list\":{\"label\":\"preferedLanguage\",\"searchable\":true,\"sortable\":true}},\"createdAt\":{\"edit\":{\"label\":\"createdAt\",\"description\":\"\",\"placeholder\":\"\",\"visible\":false,\"editable\":true},\"list\":{\"label\":\"createdAt\",\"searchable\":true,\"sortable\":true}},\"updatedAt\":{\"edit\":{\"label\":\"updatedAt\",\"description\":\"\",\"placeholder\":\"\",\"visible\":false,\"editable\":true},\"list\":{\"label\":\"updatedAt\",\"searchable\":true,\"sortable\":true}},\"createdBy\":{\"edit\":{\"label\":\"createdBy\",\"description\":\"\",\"placeholder\":\"\",\"visible\":false,\"editable\":true,\"mainField\":\"firstname\"},\"list\":{\"label\":\"createdBy\",\"searchable\":true,\"sortable\":true}},\"updatedBy\":{\"edit\":{\"label\":\"updatedBy\",\"description\":\"\",\"placeholder\":\"\",\"visible\":false,\"editable\":true,\"mainField\":\"firstname\"},\"list\":{\"label\":\"updatedBy\",\"searchable\":true,\"sortable\":true}}},\"layouts\":{\"list\":[\"id\",\"firstname\",\"lastname\",\"username\"],\"edit\":[[{\"name\":\"firstname\",\"size\":6},{\"name\":\"lastname\",\"size\":6}],[{\"name\":\"username\",\"size\":6},{\"name\":\"email\",\"size\":6}],[{\"name\":\"password\",\"size\":6}],[{\"name\":\"isActive\",\"size\":4}],[{\"name\":\"roles\",\"size\":6},{\"name\":\"blocked\",\"size\":4}],[{\"name\":\"preferedLanguage\",\"size\":6}]]}}','object',NULL,NULL),(4,'plugin_content_manager_configuration_content_types::admin::api-token','{\"uid\":\"admin::api-token\",\"settings\":{\"bulkable\":true,\"filterable\":true,\"searchable\":true,\"pageSize\":10,\"mainField\":\"name\",\"defaultSortBy\":\"name\",\"defaultSortOrder\":\"ASC\"},\"metadatas\":{\"id\":{\"edit\":{},\"list\":{\"label\":\"id\",\"searchable\":true,\"sortable\":true}},\"name\":{\"edit\":{\"label\":\"name\",\"description\":\"\",\"placeholder\":\"\",\"visible\":true,\"editable\":true},\"list\":{\"label\":\"name\",\"searchable\":true,\"sortable\":true}},\"description\":{\"edit\":{\"label\":\"description\",\"description\":\"\",\"placeholder\":\"\",\"visible\":true,\"editable\":true},\"list\":{\"label\":\"description\",\"searchable\":true,\"sortable\":true}},\"type\":{\"edit\":{\"label\":\"type\",\"description\":\"\",\"placeholder\":\"\",\"visible\":true,\"editable\":true},\"list\":{\"label\":\"type\",\"searchable\":true,\"sortable\":true}},\"accessKey\":{\"edit\":{\"label\":\"accessKey\",\"description\":\"\",\"placeholder\":\"\",\"visible\":true,\"editable\":true},\"list\":{\"label\":\"accessKey\",\"searchable\":true,\"sortable\":true}},\"lastUsedAt\":{\"edit\":{\"label\":\"lastUsedAt\",\"description\":\"\",\"placeholder\":\"\",\"visible\":true,\"editable\":true},\"list\":{\"label\":\"lastUsedAt\",\"searchable\":true,\"sortable\":true}},\"permissions\":{\"edit\":{\"label\":\"permissions\",\"description\":\"\",\"placeholder\":\"\",\"visible\":true,\"editable\":true,\"mainField\":\"action\"},\"list\":{\"label\":\"permissions\",\"searchable\":false,\"sortable\":false}},\"expiresAt\":{\"edit\":{\"label\":\"expiresAt\",\"description\":\"\",\"placeholder\":\"\",\"visible\":true,\"editable\":true},\"list\":{\"label\":\"expiresAt\",\"searchable\":true,\"sortable\":true}},\"lifespan\":{\"edit\":{\"label\":\"lifespan\",\"description\":\"\",\"placeholder\":\"\",\"visible\":true,\"editable\":true},\"list\":{\"label\":\"lifespan\",\"searchable\":true,\"sortable\":true}},\"createdAt\":{\"edit\":{\"label\":\"createdAt\",\"description\":\"\",\"placeholder\":\"\",\"visible\":false,\"editable\":true},\"list\":{\"label\":\"createdAt\",\"searchable\":true,\"sortable\":true}},\"updatedAt\":{\"edit\":{\"label\":\"updatedAt\",\"description\":\"\",\"placeholder\":\"\",\"visible\":false,\"editable\":true},\"list\":{\"label\":\"updatedAt\",\"searchable\":true,\"sortable\":true}},\"createdBy\":{\"edit\":{\"label\":\"createdBy\",\"description\":\"\",\"placeholder\":\"\",\"visible\":false,\"editable\":true,\"mainField\":\"firstname\"},\"list\":{\"label\":\"createdBy\",\"searchable\":true,\"sortable\":true}},\"updatedBy\":{\"edit\":{\"label\":\"updatedBy\",\"description\":\"\",\"placeholder\":\"\",\"visible\":false,\"editable\":true,\"mainField\":\"firstname\"},\"list\":{\"label\":\"updatedBy\",\"searchable\":true,\"sortable\":true}}},\"layouts\":{\"list\":[\"id\",\"name\",\"description\",\"type\"],\"edit\":[[{\"name\":\"name\",\"size\":6},{\"name\":\"description\",\"size\":6}],[{\"name\":\"type\",\"size\":6},{\"name\":\"accessKey\",\"size\":6}],[{\"name\":\"lastUsedAt\",\"size\":6},{\"name\":\"permissions\",\"size\":6}],[{\"name\":\"expiresAt\",\"size\":6},{\"name\":\"lifespan\",\"size\":4}]]}}','object',NULL,NULL),(5,'plugin_content_manager_configuration_content_types::admin::api-token-permission','{\"uid\":\"admin::api-token-permission\",\"settings\":{\"bulkable\":true,\"filterable\":true,\"searchable\":true,\"pageSize\":10,\"mainField\":\"action\",\"defaultSortBy\":\"action\",\"defaultSortOrder\":\"ASC\"},\"metadatas\":{\"id\":{\"edit\":{},\"list\":{\"label\":\"id\",\"searchable\":true,\"sortable\":true}},\"action\":{\"edit\":{\"label\":\"action\",\"description\":\"\",\"placeholder\":\"\",\"visible\":true,\"editable\":true},\"list\":{\"label\":\"action\",\"searchable\":true,\"sortable\":true}},\"token\":{\"edit\":{\"label\":\"token\",\"description\":\"\",\"placeholder\":\"\",\"visible\":true,\"editable\":true,\"mainField\":\"name\"},\"list\":{\"label\":\"token\",\"searchable\":true,\"sortable\":true}},\"createdAt\":{\"edit\":{\"label\":\"createdAt\",\"description\":\"\",\"placeholder\":\"\",\"visible\":false,\"editable\":true},\"list\":{\"label\":\"createdAt\",\"searchable\":true,\"sortable\":true}},\"updatedAt\":{\"edit\":{\"label\":\"updatedAt\",\"description\":\"\",\"placeholder\":\"\",\"visible\":false,\"editable\":true},\"list\":{\"label\":\"updatedAt\",\"searchable\":true,\"sortable\":true}},\"createdBy\":{\"edit\":{\"label\":\"createdBy\",\"description\":\"\",\"placeholder\":\"\",\"visible\":false,\"editable\":true,\"mainField\":\"firstname\"},\"list\":{\"label\":\"createdBy\",\"searchable\":true,\"sortable\":true}},\"updatedBy\":{\"edit\":{\"label\":\"updatedBy\",\"description\":\"\",\"placeholder\":\"\",\"visible\":false,\"editable\":true,\"mainField\":\"firstname\"},\"list\":{\"label\":\"updatedBy\",\"searchable\":true,\"sortable\":true}}},\"layouts\":{\"list\":[\"id\",\"action\",\"token\",\"createdAt\"],\"edit\":[[{\"name\":\"action\",\"size\":6},{\"name\":\"token\",\"size\":6}]]}}','object',NULL,NULL),(6,'plugin_content_manager_configuration_content_types::admin::transfer-token','{\"uid\":\"admin::transfer-token\",\"settings\":{\"bulkable\":true,\"filterable\":true,\"searchable\":true,\"pageSize\":10,\"mainField\":\"name\",\"defaultSortBy\":\"name\",\"defaultSortOrder\":\"ASC\"},\"metadatas\":{\"id\":{\"edit\":{},\"list\":{\"label\":\"id\",\"searchable\":true,\"sortable\":true}},\"name\":{\"edit\":{\"label\":\"name\",\"description\":\"\",\"placeholder\":\"\",\"visible\":true,\"editable\":true},\"list\":{\"label\":\"name\",\"searchable\":true,\"sortable\":true}},\"description\":{\"edit\":{\"label\":\"description\",\"description\":\"\",\"placeholder\":\"\",\"visible\":true,\"editable\":true},\"list\":{\"label\":\"description\",\"searchable\":true,\"sortable\":true}},\"accessKey\":{\"edit\":{\"label\":\"accessKey\",\"description\":\"\",\"placeholder\":\"\",\"visible\":true,\"editable\":true},\"list\":{\"label\":\"accessKey\",\"searchable\":true,\"sortable\":true}},\"lastUsedAt\":{\"edit\":{\"label\":\"lastUsedAt\",\"description\":\"\",\"placeholder\":\"\",\"visible\":true,\"editable\":true},\"list\":{\"label\":\"lastUsedAt\",\"searchable\":true,\"sortable\":true}},\"permissions\":{\"edit\":{\"label\":\"permissions\",\"description\":\"\",\"placeholder\":\"\",\"visible\":true,\"editable\":true,\"mainField\":\"action\"},\"list\":{\"label\":\"permissions\",\"searchable\":false,\"sortable\":false}},\"expiresAt\":{\"edit\":{\"label\":\"expiresAt\",\"description\":\"\",\"placeholder\":\"\",\"visible\":true,\"editable\":true},\"list\":{\"label\":\"expiresAt\",\"searchable\":true,\"sortable\":true}},\"lifespan\":{\"edit\":{\"label\":\"lifespan\",\"description\":\"\",\"placeholder\":\"\",\"visible\":true,\"editable\":true},\"list\":{\"label\":\"lifespan\",\"searchable\":true,\"sortable\":true}},\"createdAt\":{\"edit\":{\"label\":\"createdAt\",\"description\":\"\",\"placeholder\":\"\",\"visible\":false,\"editable\":true},\"list\":{\"label\":\"createdAt\",\"searchable\":true,\"sortable\":true}},\"updatedAt\":{\"edit\":{\"label\":\"updatedAt\",\"description\":\"\",\"placeholder\":\"\",\"visible\":false,\"editable\":true},\"list\":{\"label\":\"updatedAt\",\"searchable\":true,\"sortable\":true}},\"createdBy\":{\"edit\":{\"label\":\"createdBy\",\"description\":\"\",\"placeholder\":\"\",\"visible\":false,\"editable\":true,\"mainField\":\"firstname\"},\"list\":{\"label\":\"createdBy\",\"searchable\":true,\"sortable\":true}},\"updatedBy\":{\"edit\":{\"label\":\"updatedBy\",\"description\":\"\",\"placeholder\":\"\",\"visible\":false,\"editable\":true,\"mainField\":\"firstname\"},\"list\":{\"label\":\"updatedBy\",\"searchable\":true,\"sortable\":true}}},\"layouts\":{\"list\":[\"id\",\"name\",\"description\",\"accessKey\"],\"edit\":[[{\"name\":\"name\",\"size\":6},{\"name\":\"description\",\"size\":6}],[{\"name\":\"accessKey\",\"size\":6},{\"name\":\"lastUsedAt\",\"size\":6}],[{\"name\":\"permissions\",\"size\":6},{\"name\":\"expiresAt\",\"size\":6}],[{\"name\":\"lifespan\",\"size\":4}]]}}','object',NULL,NULL),(7,'plugin_content_manager_configuration_content_types::admin::transfer-token-permission','{\"uid\":\"admin::transfer-token-permission\",\"settings\":{\"bulkable\":true,\"filterable\":true,\"searchable\":true,\"pageSize\":10,\"mainField\":\"action\",\"defaultSortBy\":\"action\",\"defaultSortOrder\":\"ASC\"},\"metadatas\":{\"id\":{\"edit\":{},\"list\":{\"label\":\"id\",\"searchable\":true,\"sortable\":true}},\"action\":{\"edit\":{\"label\":\"action\",\"description\":\"\",\"placeholder\":\"\",\"visible\":true,\"editable\":true},\"list\":{\"label\":\"action\",\"searchable\":true,\"sortable\":true}},\"token\":{\"edit\":{\"label\":\"token\",\"description\":\"\",\"placeholder\":\"\",\"visible\":true,\"editable\":true,\"mainField\":\"name\"},\"list\":{\"label\":\"token\",\"searchable\":true,\"sortable\":true}},\"createdAt\":{\"edit\":{\"label\":\"createdAt\",\"description\":\"\",\"placeholder\":\"\",\"visible\":false,\"editable\":true},\"list\":{\"label\":\"createdAt\",\"searchable\":true,\"sortable\":true}},\"updatedAt\":{\"edit\":{\"label\":\"updatedAt\",\"description\":\"\",\"placeholder\":\"\",\"visible\":false,\"editable\":true},\"list\":{\"label\":\"updatedAt\",\"searchable\":true,\"sortable\":true}},\"createdBy\":{\"edit\":{\"label\":\"createdBy\",\"description\":\"\",\"placeholder\":\"\",\"visible\":false,\"editable\":true,\"mainField\":\"firstname\"},\"list\":{\"label\":\"createdBy\",\"searchable\":true,\"sortable\":true}},\"updatedBy\":{\"edit\":{\"label\":\"updatedBy\",\"description\":\"\",\"placeholder\":\"\",\"visible\":false,\"editable\":true,\"mainField\":\"firstname\"},\"list\":{\"label\":\"updatedBy\",\"searchable\":true,\"sortable\":true}}},\"layouts\":{\"list\":[\"id\",\"action\",\"token\",\"createdAt\"],\"edit\":[[{\"name\":\"action\",\"size\":6},{\"name\":\"token\",\"size\":6}]]}}','object',NULL,NULL),(8,'plugin_content_manager_configuration_content_types::plugin::upload.file','{\"uid\":\"plugin::upload.file\",\"settings\":{\"bulkable\":true,\"filterable\":true,\"searchable\":true,\"pageSize\":10,\"mainField\":\"name\",\"defaultSortBy\":\"name\",\"defaultSortOrder\":\"ASC\"},\"metadatas\":{\"id\":{\"edit\":{},\"list\":{\"label\":\"id\",\"searchable\":true,\"sortable\":true}},\"name\":{\"edit\":{\"label\":\"name\",\"description\":\"\",\"placeholder\":\"\",\"visible\":true,\"editable\":true},\"list\":{\"label\":\"name\",\"searchable\":true,\"sortable\":true}},\"alternativeText\":{\"edit\":{\"label\":\"alternativeText\",\"description\":\"\",\"placeholder\":\"\",\"visible\":true,\"editable\":true},\"list\":{\"label\":\"alternativeText\",\"searchable\":true,\"sortable\":true}},\"caption\":{\"edit\":{\"label\":\"caption\",\"description\":\"\",\"placeholder\":\"\",\"visible\":true,\"editable\":true},\"list\":{\"label\":\"caption\",\"searchable\":true,\"sortable\":true}},\"width\":{\"edit\":{\"label\":\"width\",\"description\":\"\",\"placeholder\":\"\",\"visible\":true,\"editable\":true},\"list\":{\"label\":\"width\",\"searchable\":true,\"sortable\":true}},\"height\":{\"edit\":{\"label\":\"height\",\"description\":\"\",\"placeholder\":\"\",\"visible\":true,\"editable\":true},\"list\":{\"label\":\"height\",\"searchable\":true,\"sortable\":true}},\"formats\":{\"edit\":{\"label\":\"formats\",\"description\":\"\",\"placeholder\":\"\",\"visible\":true,\"editable\":true},\"list\":{\"label\":\"formats\",\"searchable\":false,\"sortable\":false}},\"hash\":{\"edit\":{\"label\":\"hash\",\"description\":\"\",\"placeholder\":\"\",\"visible\":true,\"editable\":true},\"list\":{\"label\":\"hash\",\"searchable\":true,\"sortable\":true}},\"ext\":{\"edit\":{\"label\":\"ext\",\"description\":\"\",\"placeholder\":\"\",\"visible\":true,\"editable\":true},\"list\":{\"label\":\"ext\",\"searchable\":true,\"sortable\":true}},\"mime\":{\"edit\":{\"label\":\"mime\",\"description\":\"\",\"placeholder\":\"\",\"visible\":true,\"editable\":true},\"list\":{\"label\":\"mime\",\"searchable\":true,\"sortable\":true}},\"size\":{\"edit\":{\"label\":\"size\",\"description\":\"\",\"placeholder\":\"\",\"visible\":true,\"editable\":true},\"list\":{\"label\":\"size\",\"searchable\":true,\"sortable\":true}},\"url\":{\"edit\":{\"label\":\"url\",\"description\":\"\",\"placeholder\":\"\",\"visible\":true,\"editable\":true},\"list\":{\"label\":\"url\",\"searchable\":true,\"sortable\":true}},\"previewUrl\":{\"edit\":{\"label\":\"previewUrl\",\"description\":\"\",\"placeholder\":\"\",\"visible\":true,\"editable\":true},\"list\":{\"label\":\"previewUrl\",\"searchable\":true,\"sortable\":true}},\"provider\":{\"edit\":{\"label\":\"provider\",\"description\":\"\",\"placeholder\":\"\",\"visible\":true,\"editable\":true},\"list\":{\"label\":\"provider\",\"searchable\":true,\"sortable\":true}},\"provider_metadata\":{\"edit\":{\"label\":\"provider_metadata\",\"description\":\"\",\"placeholder\":\"\",\"visible\":true,\"editable\":true},\"list\":{\"label\":\"provider_metadata\",\"searchable\":false,\"sortable\":false}},\"folder\":{\"edit\":{\"label\":\"folder\",\"description\":\"\",\"placeholder\":\"\",\"visible\":true,\"editable\":true,\"mainField\":\"name\"},\"list\":{\"label\":\"folder\",\"searchable\":true,\"sortable\":true}},\"folderPath\":{\"edit\":{\"label\":\"folderPath\",\"description\":\"\",\"placeholder\":\"\",\"visible\":true,\"editable\":true},\"list\":{\"label\":\"folderPath\",\"searchable\":true,\"sortable\":true}},\"createdAt\":{\"edit\":{\"label\":\"createdAt\",\"description\":\"\",\"placeholder\":\"\",\"visible\":false,\"editable\":true},\"list\":{\"label\":\"createdAt\",\"searchable\":true,\"sortable\":true}},\"updatedAt\":{\"edit\":{\"label\":\"updatedAt\",\"description\":\"\",\"placeholder\":\"\",\"visible\":false,\"editable\":true},\"list\":{\"label\":\"updatedAt\",\"searchable\":true,\"sortable\":true}},\"createdBy\":{\"edit\":{\"label\":\"createdBy\",\"description\":\"\",\"placeholder\":\"\",\"visible\":false,\"editable\":true,\"mainField\":\"firstname\"},\"list\":{\"label\":\"createdBy\",\"searchable\":true,\"sortable\":true}},\"updatedBy\":{\"edit\":{\"label\":\"updatedBy\",\"description\":\"\",\"placeholder\":\"\",\"visible\":false,\"editable\":true,\"mainField\":\"firstname\"},\"list\":{\"label\":\"updatedBy\",\"searchable\":true,\"sortable\":true}}},\"layouts\":{\"list\":[\"id\",\"name\",\"alternativeText\",\"caption\"],\"edit\":[[{\"name\":\"name\",\"size\":6},{\"name\":\"alternativeText\",\"size\":6}],[{\"name\":\"caption\",\"size\":6},{\"name\":\"width\",\"size\":4}],[{\"name\":\"height\",\"size\":4}],[{\"name\":\"formats\",\"size\":12}],[{\"name\":\"hash\",\"size\":6},{\"name\":\"ext\",\"size\":6}],[{\"name\":\"mime\",\"size\":6},{\"name\":\"size\",\"size\":4}],[{\"name\":\"url\",\"size\":6},{\"name\":\"previewUrl\",\"size\":6}],[{\"name\":\"provider\",\"size\":6}],[{\"name\":\"provider_metadata\",\"size\":12}],[{\"name\":\"folder\",\"size\":6},{\"name\":\"folderPath\",\"size\":6}]]}}','object',NULL,NULL),(9,'plugin_content_manager_configuration_content_types::plugin::users-permissions.role','{\"uid\":\"plugin::users-permissions.role\",\"settings\":{\"bulkable\":true,\"filterable\":true,\"searchable\":true,\"pageSize\":10,\"mainField\":\"name\",\"defaultSortBy\":\"name\",\"defaultSortOrder\":\"ASC\"},\"metadatas\":{\"id\":{\"edit\":{},\"list\":{\"label\":\"id\",\"searchable\":true,\"sortable\":true}},\"name\":{\"edit\":{\"label\":\"name\",\"description\":\"\",\"placeholder\":\"\",\"visible\":true,\"editable\":true},\"list\":{\"label\":\"name\",\"searchable\":true,\"sortable\":true}},\"description\":{\"edit\":{\"label\":\"description\",\"description\":\"\",\"placeholder\":\"\",\"visible\":true,\"editable\":true},\"list\":{\"label\":\"description\",\"searchable\":true,\"sortable\":true}},\"type\":{\"edit\":{\"label\":\"type\",\"description\":\"\",\"placeholder\":\"\",\"visible\":true,\"editable\":true},\"list\":{\"label\":\"type\",\"searchable\":true,\"sortable\":true}},\"permissions\":{\"edit\":{\"label\":\"permissions\",\"description\":\"\",\"placeholder\":\"\",\"visible\":true,\"editable\":true,\"mainField\":\"action\"},\"list\":{\"label\":\"permissions\",\"searchable\":false,\"sortable\":false}},\"users\":{\"edit\":{\"label\":\"users\",\"description\":\"\",\"placeholder\":\"\",\"visible\":true,\"editable\":true,\"mainField\":\"username\"},\"list\":{\"label\":\"users\",\"searchable\":false,\"sortable\":false}},\"createdAt\":{\"edit\":{\"label\":\"createdAt\",\"description\":\"\",\"placeholder\":\"\",\"visible\":false,\"editable\":true},\"list\":{\"label\":\"createdAt\",\"searchable\":true,\"sortable\":true}},\"updatedAt\":{\"edit\":{\"label\":\"updatedAt\",\"description\":\"\",\"placeholder\":\"\",\"visible\":false,\"editable\":true},\"list\":{\"label\":\"updatedAt\",\"searchable\":true,\"sortable\":true}},\"createdBy\":{\"edit\":{\"label\":\"createdBy\",\"description\":\"\",\"placeholder\":\"\",\"visible\":false,\"editable\":true,\"mainField\":\"firstname\"},\"list\":{\"label\":\"createdBy\",\"searchable\":true,\"sortable\":true}},\"updatedBy\":{\"edit\":{\"label\":\"updatedBy\",\"description\":\"\",\"placeholder\":\"\",\"visible\":false,\"editable\":true,\"mainField\":\"firstname\"},\"list\":{\"label\":\"updatedBy\",\"searchable\":true,\"sortable\":true}}},\"layouts\":{\"list\":[\"id\",\"name\",\"description\",\"type\"],\"edit\":[[{\"name\":\"name\",\"size\":6},{\"name\":\"description\",\"size\":6}],[{\"name\":\"type\",\"size\":6},{\"name\":\"permissions\",\"size\":6}],[{\"name\":\"users\",\"size\":6}]]}}','object',NULL,NULL),(10,'plugin_content_manager_configuration_content_types::plugin::users-permissions.user','{\"uid\":\"plugin::users-permissions.user\",\"settings\":{\"bulkable\":true,\"filterable\":true,\"searchable\":true,\"pageSize\":10,\"mainField\":\"username\",\"defaultSortBy\":\"username\",\"defaultSortOrder\":\"ASC\"},\"metadatas\":{\"id\":{\"edit\":{},\"list\":{\"label\":\"id\",\"searchable\":true,\"sortable\":true}},\"username\":{\"edit\":{\"label\":\"username\",\"description\":\"\",\"placeholder\":\"\",\"visible\":true,\"editable\":true},\"list\":{\"label\":\"username\",\"searchable\":true,\"sortable\":true}},\"email\":{\"edit\":{\"label\":\"email\",\"description\":\"\",\"placeholder\":\"\",\"visible\":true,\"editable\":true},\"list\":{\"label\":\"email\",\"searchable\":true,\"sortable\":true}},\"provider\":{\"edit\":{\"label\":\"provider\",\"description\":\"\",\"placeholder\":\"\",\"visible\":false,\"editable\":true},\"list\":{\"label\":\"provider\",\"searchable\":true,\"sortable\":true}},\"password\":{\"edit\":{\"label\":\"password\",\"description\":\"\",\"placeholder\":\"\",\"visible\":true,\"editable\":true},\"list\":{\"label\":\"password\",\"searchable\":true,\"sortable\":true}},\"resetPasswordToken\":{\"edit\":{\"label\":\"resetPasswordToken\",\"description\":\"\",\"placeholder\":\"\",\"visible\":false,\"editable\":true},\"list\":{\"label\":\"resetPasswordToken\",\"searchable\":true,\"sortable\":true}},\"confirmationToken\":{\"edit\":{\"label\":\"confirmationToken\",\"description\":\"\",\"placeholder\":\"\",\"visible\":false,\"editable\":true},\"list\":{\"label\":\"confirmationToken\",\"searchable\":true,\"sortable\":true}},\"confirmed\":{\"edit\":{\"label\":\"confirmed\",\"description\":\"\",\"placeholder\":\"\",\"visible\":true,\"editable\":true},\"list\":{\"label\":\"confirmed\",\"searchable\":true,\"sortable\":true}},\"blocked\":{\"edit\":{\"label\":\"blocked\",\"description\":\"\",\"placeholder\":\"\",\"visible\":true,\"editable\":true},\"list\":{\"label\":\"blocked\",\"searchable\":true,\"sortable\":true}},\"role\":{\"edit\":{\"label\":\"role\",\"description\":\"\",\"placeholder\":\"\",\"visible\":true,\"editable\":true,\"mainField\":\"name\"},\"list\":{\"label\":\"role\",\"searchable\":true,\"sortable\":true}},\"nombre\":{\"edit\":{\"label\":\"nombre\",\"description\":\"\",\"placeholder\":\"\",\"visible\":true,\"editable\":true},\"list\":{\"label\":\"nombre\",\"searchable\":true,\"sortable\":true}},\"apellido\":{\"edit\":{\"label\":\"apellido\",\"description\":\"\",\"placeholder\":\"\",\"visible\":true,\"editable\":true},\"list\":{\"label\":\"apellido\",\"searchable\":true,\"sortable\":true}},\"FechaNacimiento\":{\"edit\":{\"label\":\"FechaNacimiento\",\"description\":\"\",\"placeholder\":\"\",\"visible\":true,\"editable\":true},\"list\":{\"label\":\"FechaNacimiento\",\"searchable\":true,\"sortable\":true}},\"telefono\":{\"edit\":{\"label\":\"telefono\",\"description\":\"\",\"placeholder\":\"\",\"visible\":true,\"editable\":true},\"list\":{\"label\":\"telefono\",\"searchable\":true,\"sortable\":true}},\"RTN\":{\"edit\":{\"label\":\"RTN\",\"description\":\"\",\"placeholder\":\"\",\"visible\":true,\"editable\":true},\"list\":{\"label\":\"RTN\",\"searchable\":true,\"sortable\":true}},\"jurado\":{\"edit\":{\"label\":\"jurado\",\"description\":\"\",\"placeholder\":\"\",\"visible\":true,\"editable\":true},\"list\":{\"label\":\"jurado\",\"searchable\":true,\"sortable\":true}},\"createdAt\":{\"edit\":{\"label\":\"createdAt\",\"description\":\"\",\"placeholder\":\"\",\"visible\":false,\"editable\":true},\"list\":{\"label\":\"createdAt\",\"searchable\":true,\"sortable\":true}},\"updatedAt\":{\"edit\":{\"label\":\"updatedAt\",\"description\":\"\",\"placeholder\":\"\",\"visible\":false,\"editable\":true},\"list\":{\"label\":\"updatedAt\",\"searchable\":true,\"sortable\":true}},\"createdBy\":{\"edit\":{\"label\":\"createdBy\",\"description\":\"\",\"placeholder\":\"\",\"visible\":false,\"editable\":true,\"mainField\":\"firstname\"},\"list\":{\"label\":\"createdBy\",\"searchable\":true,\"sortable\":true}},\"updatedBy\":{\"edit\":{\"label\":\"updatedBy\",\"description\":\"\",\"placeholder\":\"\",\"visible\":false,\"editable\":true,\"mainField\":\"firstname\"},\"list\":{\"label\":\"updatedBy\",\"searchable\":true,\"sortable\":true}}},\"layouts\":{\"edit\":[[{\"name\":\"username\",\"size\":6},{\"name\":\"email\",\"size\":6}],[{\"name\":\"password\",\"size\":6},{\"name\":\"confirmed\",\"size\":4}],[{\"name\":\"blocked\",\"size\":4},{\"name\":\"role\",\"size\":6}],[{\"name\":\"nombre\",\"size\":6},{\"name\":\"apellido\",\"size\":6}],[{\"name\":\"FechaNacimiento\",\"size\":4},{\"name\":\"telefono\",\"size\":6}],[{\"name\":\"RTN\",\"size\":6},{\"name\":\"jurado\",\"size\":4}]],\"list\":[\"id\",\"username\",\"email\",\"role\"]}}','object',NULL,NULL),(11,'plugin_content_manager_configuration_content_types::admin::role','{\"uid\":\"admin::role\",\"settings\":{\"bulkable\":true,\"filterable\":true,\"searchable\":true,\"pageSize\":10,\"mainField\":\"name\",\"defaultSortBy\":\"name\",\"defaultSortOrder\":\"ASC\"},\"metadatas\":{\"id\":{\"edit\":{},\"list\":{\"label\":\"id\",\"searchable\":true,\"sortable\":true}},\"name\":{\"edit\":{\"label\":\"name\",\"description\":\"\",\"placeholder\":\"\",\"visible\":true,\"editable\":true},\"list\":{\"label\":\"name\",\"searchable\":true,\"sortable\":true}},\"code\":{\"edit\":{\"label\":\"code\",\"description\":\"\",\"placeholder\":\"\",\"visible\":true,\"editable\":true},\"list\":{\"label\":\"code\",\"searchable\":true,\"sortable\":true}},\"description\":{\"edit\":{\"label\":\"description\",\"description\":\"\",\"placeholder\":\"\",\"visible\":true,\"editable\":true},\"list\":{\"label\":\"description\",\"searchable\":true,\"sortable\":true}},\"users\":{\"edit\":{\"label\":\"users\",\"description\":\"\",\"placeholder\":\"\",\"visible\":true,\"editable\":true,\"mainField\":\"firstname\"},\"list\":{\"label\":\"users\",\"searchable\":false,\"sortable\":false}},\"permissions\":{\"edit\":{\"label\":\"permissions\",\"description\":\"\",\"placeholder\":\"\",\"visible\":true,\"editable\":true,\"mainField\":\"action\"},\"list\":{\"label\":\"permissions\",\"searchable\":false,\"sortable\":false}},\"createdAt\":{\"edit\":{\"label\":\"createdAt\",\"description\":\"\",\"placeholder\":\"\",\"visible\":false,\"editable\":true},\"list\":{\"label\":\"createdAt\",\"searchable\":true,\"sortable\":true}},\"updatedAt\":{\"edit\":{\"label\":\"updatedAt\",\"description\":\"\",\"placeholder\":\"\",\"visible\":false,\"editable\":true},\"list\":{\"label\":\"updatedAt\",\"searchable\":true,\"sortable\":true}},\"createdBy\":{\"edit\":{\"label\":\"createdBy\",\"description\":\"\",\"placeholder\":\"\",\"visible\":false,\"editable\":true,\"mainField\":\"firstname\"},\"list\":{\"label\":\"createdBy\",\"searchable\":true,\"sortable\":true}},\"updatedBy\":{\"edit\":{\"label\":\"updatedBy\",\"description\":\"\",\"placeholder\":\"\",\"visible\":false,\"editable\":true,\"mainField\":\"firstname\"},\"list\":{\"label\":\"updatedBy\",\"searchable\":true,\"sortable\":true}}},\"layouts\":{\"list\":[\"id\",\"name\",\"code\",\"description\"],\"edit\":[[{\"name\":\"name\",\"size\":6},{\"name\":\"code\",\"size\":6}],[{\"name\":\"description\",\"size\":6},{\"name\":\"users\",\"size\":6}],[{\"name\":\"permissions\",\"size\":6}]]}}','object',NULL,NULL),(12,'plugin_content_manager_configuration_content_types::plugin::i18n.locale','{\"uid\":\"plugin::i18n.locale\",\"settings\":{\"bulkable\":true,\"filterable\":true,\"searchable\":true,\"pageSize\":10,\"mainField\":\"name\",\"defaultSortBy\":\"name\",\"defaultSortOrder\":\"ASC\"},\"metadatas\":{\"id\":{\"edit\":{},\"list\":{\"label\":\"id\",\"searchable\":true,\"sortable\":true}},\"name\":{\"edit\":{\"label\":\"name\",\"description\":\"\",\"placeholder\":\"\",\"visible\":true,\"editable\":true},\"list\":{\"label\":\"name\",\"searchable\":true,\"sortable\":true}},\"code\":{\"edit\":{\"label\":\"code\",\"description\":\"\",\"placeholder\":\"\",\"visible\":true,\"editable\":true},\"list\":{\"label\":\"code\",\"searchable\":true,\"sortable\":true}},\"createdAt\":{\"edit\":{\"label\":\"createdAt\",\"description\":\"\",\"placeholder\":\"\",\"visible\":false,\"editable\":true},\"list\":{\"label\":\"createdAt\",\"searchable\":true,\"sortable\":true}},\"updatedAt\":{\"edit\":{\"label\":\"updatedAt\",\"description\":\"\",\"placeholder\":\"\",\"visible\":false,\"editable\":true},\"list\":{\"label\":\"updatedAt\",\"searchable\":true,\"sortable\":true}},\"createdBy\":{\"edit\":{\"label\":\"createdBy\",\"description\":\"\",\"placeholder\":\"\",\"visible\":false,\"editable\":true,\"mainField\":\"firstname\"},\"list\":{\"label\":\"createdBy\",\"searchable\":true,\"sortable\":true}},\"updatedBy\":{\"edit\":{\"label\":\"updatedBy\",\"description\":\"\",\"placeholder\":\"\",\"visible\":false,\"editable\":true,\"mainField\":\"firstname\"},\"list\":{\"label\":\"updatedBy\",\"searchable\":true,\"sortable\":true}}},\"layouts\":{\"list\":[\"id\",\"name\",\"code\",\"createdAt\"],\"edit\":[[{\"name\":\"name\",\"size\":6},{\"name\":\"code\",\"size\":6}]]}}','object',NULL,NULL),(13,'plugin_content_manager_configuration_content_types::plugin::upload.folder','{\"uid\":\"plugin::upload.folder\",\"settings\":{\"bulkable\":true,\"filterable\":true,\"searchable\":true,\"pageSize\":10,\"mainField\":\"name\",\"defaultSortBy\":\"name\",\"defaultSortOrder\":\"ASC\"},\"metadatas\":{\"id\":{\"edit\":{},\"list\":{\"label\":\"id\",\"searchable\":true,\"sortable\":true}},\"name\":{\"edit\":{\"label\":\"name\",\"description\":\"\",\"placeholder\":\"\",\"visible\":true,\"editable\":true},\"list\":{\"label\":\"name\",\"searchable\":true,\"sortable\":true}},\"pathId\":{\"edit\":{\"label\":\"pathId\",\"description\":\"\",\"placeholder\":\"\",\"visible\":true,\"editable\":true},\"list\":{\"label\":\"pathId\",\"searchable\":true,\"sortable\":true}},\"parent\":{\"edit\":{\"label\":\"parent\",\"description\":\"\",\"placeholder\":\"\",\"visible\":true,\"editable\":true,\"mainField\":\"name\"},\"list\":{\"label\":\"parent\",\"searchable\":true,\"sortable\":true}},\"children\":{\"edit\":{\"label\":\"children\",\"description\":\"\",\"placeholder\":\"\",\"visible\":true,\"editable\":true,\"mainField\":\"name\"},\"list\":{\"label\":\"children\",\"searchable\":false,\"sortable\":false}},\"files\":{\"edit\":{\"label\":\"files\",\"description\":\"\",\"placeholder\":\"\",\"visible\":true,\"editable\":true,\"mainField\":\"name\"},\"list\":{\"label\":\"files\",\"searchable\":false,\"sortable\":false}},\"path\":{\"edit\":{\"label\":\"path\",\"description\":\"\",\"placeholder\":\"\",\"visible\":true,\"editable\":true},\"list\":{\"label\":\"path\",\"searchable\":true,\"sortable\":true}},\"createdAt\":{\"edit\":{\"label\":\"createdAt\",\"description\":\"\",\"placeholder\":\"\",\"visible\":false,\"editable\":true},\"list\":{\"label\":\"createdAt\",\"searchable\":true,\"sortable\":true}},\"updatedAt\":{\"edit\":{\"label\":\"updatedAt\",\"description\":\"\",\"placeholder\":\"\",\"visible\":false,\"editable\":true},\"list\":{\"label\":\"updatedAt\",\"searchable\":true,\"sortable\":true}},\"createdBy\":{\"edit\":{\"label\":\"createdBy\",\"description\":\"\",\"placeholder\":\"\",\"visible\":false,\"editable\":true,\"mainField\":\"firstname\"},\"list\":{\"label\":\"createdBy\",\"searchable\":true,\"sortable\":true}},\"updatedBy\":{\"edit\":{\"label\":\"updatedBy\",\"description\":\"\",\"placeholder\":\"\",\"visible\":false,\"editable\":true,\"mainField\":\"firstname\"},\"list\":{\"label\":\"updatedBy\",\"searchable\":true,\"sortable\":true}}},\"layouts\":{\"list\":[\"id\",\"name\",\"pathId\",\"parent\"],\"edit\":[[{\"name\":\"name\",\"size\":6},{\"name\":\"pathId\",\"size\":4}],[{\"name\":\"parent\",\"size\":6},{\"name\":\"children\",\"size\":6}],[{\"name\":\"files\",\"size\":6},{\"name\":\"path\",\"size\":6}]]}}','object',NULL,NULL),(14,'plugin_content_manager_configuration_content_types::plugin::users-permissions.permission','{\"uid\":\"plugin::users-permissions.permission\",\"settings\":{\"bulkable\":true,\"filterable\":true,\"searchable\":true,\"pageSize\":10,\"mainField\":\"action\",\"defaultSortBy\":\"action\",\"defaultSortOrder\":\"ASC\"},\"metadatas\":{\"id\":{\"edit\":{},\"list\":{\"label\":\"id\",\"searchable\":true,\"sortable\":true}},\"action\":{\"edit\":{\"label\":\"action\",\"description\":\"\",\"placeholder\":\"\",\"visible\":true,\"editable\":true},\"list\":{\"label\":\"action\",\"searchable\":true,\"sortable\":true}},\"role\":{\"edit\":{\"label\":\"role\",\"description\":\"\",\"placeholder\":\"\",\"visible\":true,\"editable\":true,\"mainField\":\"name\"},\"list\":{\"label\":\"role\",\"searchable\":true,\"sortable\":true}},\"createdAt\":{\"edit\":{\"label\":\"createdAt\",\"description\":\"\",\"placeholder\":\"\",\"visible\":false,\"editable\":true},\"list\":{\"label\":\"createdAt\",\"searchable\":true,\"sortable\":true}},\"updatedAt\":{\"edit\":{\"label\":\"updatedAt\",\"description\":\"\",\"placeholder\":\"\",\"visible\":false,\"editable\":true},\"list\":{\"label\":\"updatedAt\",\"searchable\":true,\"sortable\":true}},\"createdBy\":{\"edit\":{\"label\":\"createdBy\",\"description\":\"\",\"placeholder\":\"\",\"visible\":false,\"editable\":true,\"mainField\":\"firstname\"},\"list\":{\"label\":\"createdBy\",\"searchable\":true,\"sortable\":true}},\"updatedBy\":{\"edit\":{\"label\":\"updatedBy\",\"description\":\"\",\"placeholder\":\"\",\"visible\":false,\"editable\":true,\"mainField\":\"firstname\"},\"list\":{\"label\":\"updatedBy\",\"searchable\":true,\"sortable\":true}}},\"layouts\":{\"list\":[\"id\",\"action\",\"role\",\"createdAt\"],\"edit\":[[{\"name\":\"action\",\"size\":6},{\"name\":\"role\",\"size\":6}]]}}','object',NULL,NULL),(15,'plugin_upload_settings','{\"sizeOptimization\":true,\"responsiveDimensions\":true,\"autoOrientation\":false}','object',NULL,NULL),(16,'plugin_upload_view_configuration','{\"pageSize\":10,\"sort\":\"createdAt:DESC\"}','object',NULL,NULL),(17,'plugin_upload_metrics','{\"weeklySchedule\":\"12 21 22 * * 4\",\"lastWeeklyUpdate\":1716163730064}','object',NULL,NULL),(18,'plugin_users-permissions_grant','{\"email\":{\"enabled\":true,\"icon\":\"envelope\"},\"discord\":{\"enabled\":false,\"icon\":\"discord\",\"key\":\"\",\"secret\":\"\",\"callback\":\"api/auth/discord/callback\",\"scope\":[\"identify\",\"email\"]},\"facebook\":{\"enabled\":false,\"icon\":\"facebook-square\",\"key\":\"\",\"secret\":\"\",\"callback\":\"api/auth/facebook/callback\",\"scope\":[\"email\"]},\"google\":{\"enabled\":false,\"icon\":\"google\",\"key\":\"\",\"secret\":\"\",\"callback\":\"api/auth/google/callback\",\"scope\":[\"email\"]},\"github\":{\"enabled\":false,\"icon\":\"github\",\"key\":\"\",\"secret\":\"\",\"callback\":\"api/auth/github/callback\",\"scope\":[\"user\",\"user:email\"]},\"microsoft\":{\"enabled\":false,\"icon\":\"windows\",\"key\":\"\",\"secret\":\"\",\"callback\":\"api/auth/microsoft/callback\",\"scope\":[\"user.read\"]},\"twitter\":{\"enabled\":false,\"icon\":\"twitter\",\"key\":\"\",\"secret\":\"\",\"callback\":\"api/auth/twitter/callback\"},\"instagram\":{\"enabled\":false,\"icon\":\"instagram\",\"key\":\"\",\"secret\":\"\",\"callback\":\"api/auth/instagram/callback\",\"scope\":[\"user_profile\"]},\"vk\":{\"enabled\":false,\"icon\":\"vk\",\"key\":\"\",\"secret\":\"\",\"callback\":\"api/auth/vk/callback\",\"scope\":[\"email\"]},\"twitch\":{\"enabled\":false,\"icon\":\"twitch\",\"key\":\"\",\"secret\":\"\",\"callback\":\"api/auth/twitch/callback\",\"scope\":[\"user:read:email\"]},\"linkedin\":{\"enabled\":false,\"icon\":\"linkedin\",\"key\":\"\",\"secret\":\"\",\"callback\":\"api/auth/linkedin/callback\",\"scope\":[\"r_liteprofile\",\"r_emailaddress\"]},\"cognito\":{\"enabled\":false,\"icon\":\"aws\",\"key\":\"\",\"secret\":\"\",\"subdomain\":\"my.subdomain.com\",\"callback\":\"api/auth/cognito/callback\",\"scope\":[\"email\",\"openid\",\"profile\"]},\"reddit\":{\"enabled\":false,\"icon\":\"reddit\",\"key\":\"\",\"secret\":\"\",\"state\":true,\"callback\":\"api/auth/reddit/callback\",\"scope\":[\"identity\"]},\"auth0\":{\"enabled\":false,\"icon\":\"\",\"key\":\"\",\"secret\":\"\",\"subdomain\":\"my-tenant.eu\",\"callback\":\"api/auth/auth0/callback\",\"scope\":[\"openid\",\"email\",\"profile\"]},\"cas\":{\"enabled\":false,\"icon\":\"book\",\"key\":\"\",\"secret\":\"\",\"callback\":\"api/auth/cas/callback\",\"scope\":[\"openid email\"],\"subdomain\":\"my.subdomain.com/cas\"},\"patreon\":{\"enabled\":false,\"icon\":\"\",\"key\":\"\",\"secret\":\"\",\"callback\":\"api/auth/patreon/callback\",\"scope\":[\"identity\",\"identity[email]\"]},\"keycloak\":{\"enabled\":false,\"icon\":\"\",\"key\":\"\",\"secret\":\"\",\"subdomain\":\"myKeycloakProvider.com/realms/myrealm\",\"callback\":\"api/auth/keycloak/callback\",\"scope\":[\"openid\",\"email\",\"profile\"]}}','object',NULL,NULL),(19,'plugin_users-permissions_email','{\"reset_password\":{\"display\":\"Email.template.reset_password\",\"icon\":\"sync\",\"options\":{\"from\":{\"name\":\"Administration Panel\",\"email\":\"no-reply@strapi.io\"},\"response_email\":\"\",\"object\":\"Reset password\",\"message\":\"<p>We heard that you lost your password. Sorry about that!</p>\\n\\n<p>But dont worry! You can use the following link to reset your password:</p>\\n<p><%= URL %>?code=<%= TOKEN %></p>\\n\\n<p>Thanks.</p>\"}},\"email_confirmation\":{\"display\":\"Email.template.email_confirmation\",\"icon\":\"check-square\",\"options\":{\"from\":{\"name\":\"Administration Panel\",\"email\":\"no-reply@strapi.io\"},\"response_email\":\"\",\"object\":\"Account confirmation\",\"message\":\"<p>Thank you for registering!</p>\\n\\n<p>You have to confirm your email address. Please click on the link below.</p>\\n\\n<p><%= URL %>?confirmation=<%= CODE %></p>\\n\\n<p>Thanks.</p>\"}}}','object',NULL,NULL),(20,'plugin_users-permissions_advanced','{\"unique_email\":true,\"allow_register\":true,\"email_confirmation\":false,\"email_reset_password\":null,\"email_confirmation_redirection\":\"\",\"default_role\":\"public\"}','object',NULL,NULL),(21,'plugin_i18n_default_locale','\"en\"','string',NULL,NULL),(22,'core_admin_auth','{\"providers\":{\"autoRegister\":false,\"defaultRole\":null,\"ssoLockedRoles\":null}}','object',NULL,NULL),(24,'core_admin_project-settings','{\"menuLogo\":{},\"authLogo\":{}}','object',NULL,NULL),(34,'plugin_content_manager_configuration_content_types::api::marca.marca','{\"uid\":\"api::marca.marca\",\"settings\":{\"bulkable\":true,\"filterable\":true,\"searchable\":true,\"pageSize\":10,\"mainField\":\"nombre\",\"defaultSortBy\":\"nombre\",\"defaultSortOrder\":\"ASC\"},\"metadatas\":{\"id\":{\"edit\":{},\"list\":{\"label\":\"id\",\"searchable\":true,\"sortable\":true}},\"nombre\":{\"edit\":{\"label\":\"nombre\",\"description\":\"\",\"placeholder\":\"\",\"visible\":true,\"editable\":true},\"list\":{\"label\":\"nombre\",\"searchable\":true,\"sortable\":true}},\"img\":{\"edit\":{\"label\":\"img\",\"description\":\"\",\"placeholder\":\"\",\"visible\":true,\"editable\":true},\"list\":{\"label\":\"img\",\"searchable\":false,\"sortable\":false}},\"createdAt\":{\"edit\":{\"label\":\"createdAt\",\"description\":\"\",\"placeholder\":\"\",\"visible\":false,\"editable\":true},\"list\":{\"label\":\"createdAt\",\"searchable\":true,\"sortable\":true}},\"updatedAt\":{\"edit\":{\"label\":\"updatedAt\",\"description\":\"\",\"placeholder\":\"\",\"visible\":false,\"editable\":true},\"list\":{\"label\":\"updatedAt\",\"searchable\":true,\"sortable\":true}},\"createdBy\":{\"edit\":{\"label\":\"createdBy\",\"description\":\"\",\"placeholder\":\"\",\"visible\":false,\"editable\":true,\"mainField\":\"firstname\"},\"list\":{\"label\":\"createdBy\",\"searchable\":true,\"sortable\":true}},\"updatedBy\":{\"edit\":{\"label\":\"updatedBy\",\"description\":\"\",\"placeholder\":\"\",\"visible\":false,\"editable\":true,\"mainField\":\"firstname\"},\"list\":{\"label\":\"updatedBy\",\"searchable\":true,\"sortable\":true}}},\"layouts\":{\"list\":[\"id\",\"nombre\",\"createdAt\",\"updatedAt\"],\"edit\":[[{\"name\":\"nombre\",\"size\":6},{\"name\":\"img\",\"size\":6}]]}}','object',NULL,NULL),(35,'plugin_content_manager_configuration_content_types::api::producto.producto','{\"uid\":\"api::producto.producto\",\"settings\":{\"bulkable\":true,\"filterable\":true,\"searchable\":true,\"pageSize\":10,\"mainField\":\"id\",\"defaultSortBy\":\"id\",\"defaultSortOrder\":\"ASC\"},\"metadatas\":{\"id\":{\"edit\":{},\"list\":{\"label\":\"id\",\"searchable\":true,\"sortable\":true}},\"nombre\":{\"edit\":{\"label\":\"nombre\",\"description\":\"\",\"placeholder\":\"\",\"visible\":true,\"editable\":true},\"list\":{\"label\":\"nombre\",\"searchable\":true,\"sortable\":true}},\"codigo\":{\"edit\":{\"label\":\"codigo\",\"description\":\"\",\"placeholder\":\"\",\"visible\":true,\"editable\":true},\"list\":{\"label\":\"codigo\",\"searchable\":true,\"sortable\":true}},\"descripcion\":{\"edit\":{\"label\":\"descripcion\",\"description\":\"\",\"placeholder\":\"\",\"visible\":true,\"editable\":true},\"list\":{\"label\":\"descripcion\",\"searchable\":true,\"sortable\":true}},\"marca\":{\"edit\":{\"label\":\"marca\",\"description\":\"\",\"placeholder\":\"\",\"visible\":true,\"editable\":true,\"mainField\":\"nombre\"},\"list\":{\"label\":\"marca\",\"searchable\":true,\"sortable\":true}},\"isv\":{\"edit\":{\"label\":\"isv\",\"description\":\"\",\"placeholder\":\"\",\"visible\":true,\"editable\":true},\"list\":{\"label\":\"isv\",\"searchable\":true,\"sortable\":true}},\"precio_venta\":{\"edit\":{\"label\":\"precio_venta\",\"description\":\"\",\"placeholder\":\"\",\"visible\":true,\"editable\":true},\"list\":{\"label\":\"precio_venta\",\"searchable\":true,\"sortable\":true}},\"precio_compra\":{\"edit\":{\"label\":\"precio_compra\",\"description\":\"\",\"placeholder\":\"\",\"visible\":true,\"editable\":true},\"list\":{\"label\":\"precio_compra\",\"searchable\":true,\"sortable\":true}},\"existencia\":{\"edit\":{\"label\":\"existencia\",\"description\":\"\",\"placeholder\":\"\",\"visible\":true,\"editable\":true},\"list\":{\"label\":\"existencia\",\"searchable\":true,\"sortable\":true}},\"descuento\":{\"edit\":{\"label\":\"descuento\",\"description\":\"\",\"placeholder\":\"\",\"visible\":true,\"editable\":true},\"list\":{\"label\":\"descuento\",\"searchable\":true,\"sortable\":true}},\"img\":{\"edit\":{\"label\":\"img\",\"description\":\"\",\"placeholder\":\"\",\"visible\":true,\"editable\":true},\"list\":{\"label\":\"img\",\"searchable\":false,\"sortable\":false}},\"modelo\":{\"edit\":{\"label\":\"modelo\",\"description\":\"\",\"placeholder\":\"\",\"visible\":true,\"editable\":true},\"list\":{\"label\":\"modelo\",\"searchable\":true,\"sortable\":true}},\"subcategorias\":{\"edit\":{\"label\":\"subcategorias\",\"description\":\"\",\"placeholder\":\"\",\"visible\":true,\"editable\":true,\"mainField\":\"nombre\"},\"list\":{\"label\":\"subcategorias\",\"searchable\":false,\"sortable\":false}},\"activo\":{\"edit\":{\"label\":\"activo\",\"description\":\"\",\"placeholder\":\"\",\"visible\":true,\"editable\":true},\"list\":{\"label\":\"activo\",\"searchable\":true,\"sortable\":true}},\"createdAt\":{\"edit\":{\"label\":\"createdAt\",\"description\":\"\",\"placeholder\":\"\",\"visible\":false,\"editable\":true},\"list\":{\"label\":\"createdAt\",\"searchable\":true,\"sortable\":true}},\"updatedAt\":{\"edit\":{\"label\":\"updatedAt\",\"description\":\"\",\"placeholder\":\"\",\"visible\":false,\"editable\":true},\"list\":{\"label\":\"updatedAt\",\"searchable\":true,\"sortable\":true}},\"createdBy\":{\"edit\":{\"label\":\"createdBy\",\"description\":\"\",\"placeholder\":\"\",\"visible\":false,\"editable\":true,\"mainField\":\"firstname\"},\"list\":{\"label\":\"createdBy\",\"searchable\":true,\"sortable\":true}},\"updatedBy\":{\"edit\":{\"label\":\"updatedBy\",\"description\":\"\",\"placeholder\":\"\",\"visible\":false,\"editable\":true,\"mainField\":\"firstname\"},\"list\":{\"label\":\"updatedBy\",\"searchable\":true,\"sortable\":true}}},\"layouts\":{\"list\":[\"id\",\"nombre\",\"marca\",\"precio_venta\"],\"edit\":[[{\"name\":\"nombre\",\"size\":6},{\"name\":\"codigo\",\"size\":6}],[{\"name\":\"descripcion\",\"size\":6},{\"name\":\"marca\",\"size\":6}],[{\"name\":\"isv\",\"size\":4},{\"name\":\"precio_venta\",\"size\":4},{\"name\":\"precio_compra\",\"size\":4}],[{\"name\":\"existencia\",\"size\":4},{\"name\":\"descuento\",\"size\":4}],[{\"name\":\"img\",\"size\":6},{\"name\":\"modelo\",\"size\":6}],[{\"name\":\"subcategorias\",\"size\":6},{\"name\":\"activo\",\"size\":4}]]}}','object',NULL,NULL),(36,'plugin_content_manager_configuration_content_types::api::subcategoria.subcategoria','{\"uid\":\"api::subcategoria.subcategoria\",\"settings\":{\"bulkable\":true,\"filterable\":true,\"searchable\":true,\"pageSize\":10,\"mainField\":\"nombre\",\"defaultSortBy\":\"nombre\",\"defaultSortOrder\":\"ASC\"},\"metadatas\":{\"id\":{\"edit\":{},\"list\":{\"label\":\"id\",\"searchable\":true,\"sortable\":true}},\"nombre\":{\"edit\":{\"label\":\"nombre\",\"description\":\"\",\"placeholder\":\"\",\"visible\":true,\"editable\":true},\"list\":{\"label\":\"nombre\",\"searchable\":true,\"sortable\":true}},\"descripcion\":{\"edit\":{\"label\":\"descripcion\",\"description\":\"\",\"placeholder\":\"\",\"visible\":true,\"editable\":true},\"list\":{\"label\":\"descripcion\",\"searchable\":true,\"sortable\":true}},\"categoria\":{\"edit\":{\"label\":\"categoria\",\"description\":\"\",\"placeholder\":\"\",\"visible\":true,\"editable\":true,\"mainField\":\"nombre\"},\"list\":{\"label\":\"categoria\",\"searchable\":true,\"sortable\":true}},\"createdAt\":{\"edit\":{\"label\":\"createdAt\",\"description\":\"\",\"placeholder\":\"\",\"visible\":false,\"editable\":true},\"list\":{\"label\":\"createdAt\",\"searchable\":true,\"sortable\":true}},\"updatedAt\":{\"edit\":{\"label\":\"updatedAt\",\"description\":\"\",\"placeholder\":\"\",\"visible\":false,\"editable\":true},\"list\":{\"label\":\"updatedAt\",\"searchable\":true,\"sortable\":true}},\"createdBy\":{\"edit\":{\"label\":\"createdBy\",\"description\":\"\",\"placeholder\":\"\",\"visible\":false,\"editable\":true,\"mainField\":\"firstname\"},\"list\":{\"label\":\"createdBy\",\"searchable\":true,\"sortable\":true}},\"updatedBy\":{\"edit\":{\"label\":\"updatedBy\",\"description\":\"\",\"placeholder\":\"\",\"visible\":false,\"editable\":true,\"mainField\":\"firstname\"},\"list\":{\"label\":\"updatedBy\",\"searchable\":true,\"sortable\":true}}},\"layouts\":{\"list\":[\"id\",\"nombre\",\"descripcion\",\"createdAt\"],\"edit\":[[{\"name\":\"nombre\",\"size\":6},{\"name\":\"descripcion\",\"size\":6}],[{\"name\":\"categoria\",\"size\":6}]]}}','object',NULL,NULL),(37,'plugin_content_manager_configuration_content_types::api::categoria.categoria','{\"uid\":\"api::categoria.categoria\",\"settings\":{\"bulkable\":true,\"filterable\":true,\"searchable\":true,\"pageSize\":10,\"mainField\":\"nombre\",\"defaultSortBy\":\"nombre\",\"defaultSortOrder\":\"ASC\"},\"metadatas\":{\"id\":{\"edit\":{},\"list\":{\"label\":\"id\",\"searchable\":true,\"sortable\":true}},\"nombre\":{\"edit\":{\"label\":\"nombre\",\"description\":\"\",\"placeholder\":\"\",\"visible\":true,\"editable\":true},\"list\":{\"label\":\"nombre\",\"searchable\":true,\"sortable\":true}},\"descripcion\":{\"edit\":{\"label\":\"descripcion\",\"description\":\"\",\"placeholder\":\"\",\"visible\":true,\"editable\":true},\"list\":{\"label\":\"descripcion\",\"searchable\":true,\"sortable\":true}},\"img\":{\"edit\":{\"label\":\"img\",\"description\":\"\",\"placeholder\":\"\",\"visible\":true,\"editable\":true},\"list\":{\"label\":\"img\",\"searchable\":false,\"sortable\":false}},\"producto\":{\"edit\":{\"label\":\"producto\",\"description\":\"\",\"placeholder\":\"\",\"visible\":true,\"editable\":true,\"mainField\":\"nombre\"},\"list\":{\"label\":\"producto\",\"searchable\":true,\"sortable\":true}},\"createdAt\":{\"edit\":{\"label\":\"createdAt\",\"description\":\"\",\"placeholder\":\"\",\"visible\":false,\"editable\":true},\"list\":{\"label\":\"createdAt\",\"searchable\":true,\"sortable\":true}},\"updatedAt\":{\"edit\":{\"label\":\"updatedAt\",\"description\":\"\",\"placeholder\":\"\",\"visible\":false,\"editable\":true},\"list\":{\"label\":\"updatedAt\",\"searchable\":true,\"sortable\":true}},\"createdBy\":{\"edit\":{\"label\":\"createdBy\",\"description\":\"\",\"placeholder\":\"\",\"visible\":false,\"editable\":true,\"mainField\":\"firstname\"},\"list\":{\"label\":\"createdBy\",\"searchable\":true,\"sortable\":true}},\"updatedBy\":{\"edit\":{\"label\":\"updatedBy\",\"description\":\"\",\"placeholder\":\"\",\"visible\":false,\"editable\":true,\"mainField\":\"firstname\"},\"list\":{\"label\":\"updatedBy\",\"searchable\":true,\"sortable\":true}}},\"layouts\":{\"list\":[\"id\",\"nombre\",\"descripcion\",\"img\"],\"edit\":[[{\"name\":\"nombre\",\"size\":6},{\"name\":\"descripcion\",\"size\":6}],[{\"name\":\"img\",\"size\":6},{\"name\":\"producto\",\"size\":6}]]}}','object',NULL,NULL),(38,'plugin_content_manager_configuration_content_types::api::promocion.promocion','{\"uid\":\"api::promocion.promocion\",\"settings\":{\"bulkable\":true,\"filterable\":true,\"searchable\":true,\"pageSize\":10,\"mainField\":\"nombre_promocion\",\"defaultSortBy\":\"nombre_promocion\",\"defaultSortOrder\":\"ASC\"},\"metadatas\":{\"id\":{\"edit\":{},\"list\":{\"label\":\"id\",\"searchable\":true,\"sortable\":true}},\"nombre_promocion\":{\"edit\":{\"label\":\"nombre_promocion\",\"description\":\"\",\"placeholder\":\"\",\"visible\":true,\"editable\":true},\"list\":{\"label\":\"nombre_promocion\",\"searchable\":true,\"sortable\":true}},\"fechaInicio\":{\"edit\":{\"label\":\"fechaInicio\",\"description\":\"\",\"placeholder\":\"\",\"visible\":true,\"editable\":true},\"list\":{\"label\":\"fechaInicio\",\"searchable\":true,\"sortable\":true}},\"fechaFin\":{\"edit\":{\"label\":\"fechaFin\",\"description\":\"\",\"placeholder\":\"\",\"visible\":true,\"editable\":true},\"list\":{\"label\":\"fechaFin\",\"searchable\":true,\"sortable\":true}},\"createdAt\":{\"edit\":{\"label\":\"createdAt\",\"description\":\"\",\"placeholder\":\"\",\"visible\":false,\"editable\":true},\"list\":{\"label\":\"createdAt\",\"searchable\":true,\"sortable\":true}},\"updatedAt\":{\"edit\":{\"label\":\"updatedAt\",\"description\":\"\",\"placeholder\":\"\",\"visible\":false,\"editable\":true},\"list\":{\"label\":\"updatedAt\",\"searchable\":true,\"sortable\":true}},\"createdBy\":{\"edit\":{\"label\":\"createdBy\",\"description\":\"\",\"placeholder\":\"\",\"visible\":false,\"editable\":true,\"mainField\":\"firstname\"},\"list\":{\"label\":\"createdBy\",\"searchable\":true,\"sortable\":true}},\"updatedBy\":{\"edit\":{\"label\":\"updatedBy\",\"description\":\"\",\"placeholder\":\"\",\"visible\":false,\"editable\":true,\"mainField\":\"firstname\"},\"list\":{\"label\":\"updatedBy\",\"searchable\":true,\"sortable\":true}}},\"layouts\":{\"list\":[\"id\",\"nombre_promocion\",\"fechaInicio\",\"fechaFin\"],\"edit\":[[{\"name\":\"nombre_promocion\",\"size\":6},{\"name\":\"fechaInicio\",\"size\":4}],[{\"name\":\"fechaFin\",\"size\":4}]]}}','object',NULL,NULL),(39,'plugin_content_manager_configuration_content_types::api::cupon.cupon','{\"uid\":\"api::cupon.cupon\",\"settings\":{\"bulkable\":true,\"filterable\":true,\"searchable\":true,\"pageSize\":10,\"mainField\":\"codigo\",\"defaultSortBy\":\"descripcion\",\"defaultSortOrder\":\"ASC\"},\"metadatas\":{\"id\":{\"edit\":{},\"list\":{\"label\":\"id\",\"searchable\":true,\"sortable\":true}},\"producto\":{\"edit\":{\"label\":\"producto\",\"description\":\"\",\"placeholder\":\"\",\"visible\":true,\"editable\":true,\"mainField\":\"nombre\"},\"list\":{\"label\":\"producto\",\"searchable\":true,\"sortable\":true}},\"descripcion\":{\"edit\":{\"label\":\"descripcion\",\"description\":\"\",\"placeholder\":\"\",\"visible\":true,\"editable\":true},\"list\":{\"label\":\"descripcion\",\"searchable\":true,\"sortable\":true}},\"descuento\":{\"edit\":{\"label\":\"descuento\",\"description\":\"\",\"placeholder\":\"\",\"visible\":true,\"editable\":true},\"list\":{\"label\":\"descuento\",\"searchable\":true,\"sortable\":true}},\"codigo\":{\"edit\":{\"label\":\"codigo\",\"description\":\"\",\"placeholder\":\"\",\"visible\":true,\"editable\":true},\"list\":{\"label\":\"codigo\",\"searchable\":true,\"sortable\":true}},\"fechaLimite\":{\"edit\":{\"label\":\"fechaLimite\",\"description\":\"\",\"placeholder\":\"\",\"visible\":true,\"editable\":true},\"list\":{\"label\":\"fechaLimite\",\"searchable\":true,\"sortable\":true}},\"createdAt\":{\"edit\":{\"label\":\"createdAt\",\"description\":\"\",\"placeholder\":\"\",\"visible\":false,\"editable\":true},\"list\":{\"label\":\"createdAt\",\"searchable\":true,\"sortable\":true}},\"updatedAt\":{\"edit\":{\"label\":\"updatedAt\",\"description\":\"\",\"placeholder\":\"\",\"visible\":false,\"editable\":true},\"list\":{\"label\":\"updatedAt\",\"searchable\":true,\"sortable\":true}},\"createdBy\":{\"edit\":{\"label\":\"createdBy\",\"description\":\"\",\"placeholder\":\"\",\"visible\":false,\"editable\":true,\"mainField\":\"firstname\"},\"list\":{\"label\":\"createdBy\",\"searchable\":true,\"sortable\":true}},\"updatedBy\":{\"edit\":{\"label\":\"updatedBy\",\"description\":\"\",\"placeholder\":\"\",\"visible\":false,\"editable\":true,\"mainField\":\"firstname\"},\"list\":{\"label\":\"updatedBy\",\"searchable\":true,\"sortable\":true}}},\"layouts\":{\"list\":[\"id\",\"producto\",\"codigo\",\"descripcion\"],\"edit\":[[{\"name\":\"producto\",\"size\":6},{\"name\":\"codigo\",\"size\":4}],[{\"name\":\"descripcion\",\"size\":6},{\"name\":\"descuento\",\"size\":4}],[{\"name\":\"fechaLimite\",\"size\":4}]]}}','object',NULL,NULL),(40,'plugin_content_manager_configuration_content_types::api::garantia.garantia','{\"uid\":\"api::garantia.garantia\",\"settings\":{\"bulkable\":true,\"filterable\":true,\"searchable\":true,\"pageSize\":10,\"mainField\":\"id\",\"defaultSortBy\":\"id\",\"defaultSortOrder\":\"ASC\"},\"metadatas\":{\"id\":{\"edit\":{},\"list\":{\"label\":\"id\",\"searchable\":true,\"sortable\":true}},\"categoria\":{\"edit\":{\"label\":\"categoria\",\"description\":\"\",\"placeholder\":\"\",\"visible\":true,\"editable\":true,\"mainField\":\"nombre\"},\"list\":{\"label\":\"categoria\",\"searchable\":true,\"sortable\":true}},\"fechaCompra\":{\"edit\":{\"label\":\"fechaCompra\",\"description\":\"\",\"placeholder\":\"\",\"visible\":true,\"editable\":true},\"list\":{\"label\":\"fechaCompra\",\"searchable\":true,\"sortable\":true}},\"fechaVencimiento\":{\"edit\":{\"label\":\"fechaVencimiento\",\"description\":\"\",\"placeholder\":\"\",\"visible\":true,\"editable\":true},\"list\":{\"label\":\"fechaVencimiento\",\"searchable\":true,\"sortable\":true}},\"Estado\":{\"edit\":{\"label\":\"Estado\",\"description\":\"\",\"placeholder\":\"\",\"visible\":true,\"editable\":true},\"list\":{\"label\":\"Estado\",\"searchable\":true,\"sortable\":true}},\"createdAt\":{\"edit\":{\"label\":\"createdAt\",\"description\":\"\",\"placeholder\":\"\",\"visible\":false,\"editable\":true},\"list\":{\"label\":\"createdAt\",\"searchable\":true,\"sortable\":true}},\"updatedAt\":{\"edit\":{\"label\":\"updatedAt\",\"description\":\"\",\"placeholder\":\"\",\"visible\":false,\"editable\":true},\"list\":{\"label\":\"updatedAt\",\"searchable\":true,\"sortable\":true}},\"createdBy\":{\"edit\":{\"label\":\"createdBy\",\"description\":\"\",\"placeholder\":\"\",\"visible\":false,\"editable\":true,\"mainField\":\"firstname\"},\"list\":{\"label\":\"createdBy\",\"searchable\":true,\"sortable\":true}},\"updatedBy\":{\"edit\":{\"label\":\"updatedBy\",\"description\":\"\",\"placeholder\":\"\",\"visible\":false,\"editable\":true,\"mainField\":\"firstname\"},\"list\":{\"label\":\"updatedBy\",\"searchable\":true,\"sortable\":true}}},\"layouts\":{\"list\":[\"id\",\"categoria\",\"fechaCompra\",\"fechaVencimiento\"],\"edit\":[[{\"name\":\"categoria\",\"size\":6},{\"name\":\"fechaCompra\",\"size\":6}],[{\"name\":\"fechaVencimiento\",\"size\":6},{\"name\":\"Estado\",\"size\":6}]]}}','object',NULL,NULL),(41,'plugin_content_manager_configuration_content_types::api::interaccion.interaccion','{\"uid\":\"api::interaccion.interaccion\",\"settings\":{\"bulkable\":true,\"filterable\":true,\"searchable\":true,\"pageSize\":10,\"mainField\":\"id\",\"defaultSortBy\":\"id\",\"defaultSortOrder\":\"ASC\"},\"metadatas\":{\"id\":{\"edit\":{},\"list\":{\"label\":\"id\",\"searchable\":true,\"sortable\":true}},\"users_permissions_user\":{\"edit\":{\"label\":\"users_permissions_user\",\"description\":\"\",\"placeholder\":\"\",\"visible\":true,\"editable\":true,\"mainField\":\"username\"},\"list\":{\"label\":\"users_permissions_user\",\"searchable\":true,\"sortable\":true}},\"producto\":{\"edit\":{\"label\":\"producto\",\"description\":\"\",\"placeholder\":\"\",\"visible\":true,\"editable\":true,\"mainField\":\"nombre\"},\"list\":{\"label\":\"producto\",\"searchable\":true,\"sortable\":true}},\"fecha\":{\"edit\":{\"label\":\"fecha\",\"description\":\"\",\"placeholder\":\"\",\"visible\":true,\"editable\":true},\"list\":{\"label\":\"fecha\",\"searchable\":true,\"sortable\":true}},\"createdAt\":{\"edit\":{\"label\":\"createdAt\",\"description\":\"\",\"placeholder\":\"\",\"visible\":false,\"editable\":true},\"list\":{\"label\":\"createdAt\",\"searchable\":true,\"sortable\":true}},\"updatedAt\":{\"edit\":{\"label\":\"updatedAt\",\"description\":\"\",\"placeholder\":\"\",\"visible\":false,\"editable\":true},\"list\":{\"label\":\"updatedAt\",\"searchable\":true,\"sortable\":true}},\"createdBy\":{\"edit\":{\"label\":\"createdBy\",\"description\":\"\",\"placeholder\":\"\",\"visible\":false,\"editable\":true,\"mainField\":\"firstname\"},\"list\":{\"label\":\"createdBy\",\"searchable\":true,\"sortable\":true}},\"updatedBy\":{\"edit\":{\"label\":\"updatedBy\",\"description\":\"\",\"placeholder\":\"\",\"visible\":false,\"editable\":true,\"mainField\":\"firstname\"},\"list\":{\"label\":\"updatedBy\",\"searchable\":true,\"sortable\":true}}},\"layouts\":{\"list\":[\"id\",\"users_permissions_user\",\"producto\",\"fecha\"],\"edit\":[[{\"name\":\"users_permissions_user\",\"size\":6},{\"name\":\"producto\",\"size\":6}],[{\"name\":\"fecha\",\"size\":6}]]}}','object',NULL,NULL),(42,'plugin_content_manager_configuration_content_types::api::devolucion.devolucion','{\"uid\":\"api::devolucion.devolucion\",\"settings\":{\"bulkable\":true,\"filterable\":true,\"searchable\":true,\"pageSize\":10,\"mainField\":\"createdAt\",\"defaultSortBy\":\"id\",\"defaultSortOrder\":\"ASC\"},\"metadatas\":{\"id\":{\"edit\":{},\"list\":{\"label\":\"id\",\"searchable\":true,\"sortable\":true}},\"vendedor\":{\"edit\":{\"label\":\"vendedor\",\"description\":\"\",\"placeholder\":\"\",\"visible\":true,\"editable\":true,\"mainField\":\"nombre\"},\"list\":{\"label\":\"vendedor\",\"searchable\":true,\"sortable\":true}},\"estado\":{\"edit\":{\"label\":\"estado\",\"description\":\"\",\"placeholder\":\"\",\"visible\":true,\"editable\":true},\"list\":{\"label\":\"estado\",\"searchable\":true,\"sortable\":true}},\"noFactura\":{\"edit\":{\"label\":\"noFactura\",\"description\":\"\",\"placeholder\":\"\",\"visible\":true,\"editable\":true,\"mainField\":\"id\"},\"list\":{\"label\":\"noFactura\",\"searchable\":true,\"sortable\":true}},\"detalleDevoluciones\":{\"edit\":{\"label\":\"detalleDevoluciones\",\"description\":\"\",\"placeholder\":\"\",\"visible\":true,\"editable\":true},\"list\":{\"label\":\"detalleDevoluciones\",\"searchable\":false,\"sortable\":false}},\"createdAt\":{\"edit\":{\"label\":\"createdAt\",\"description\":\"\",\"placeholder\":\"\",\"visible\":false,\"editable\":true},\"list\":{\"label\":\"createdAt\",\"searchable\":true,\"sortable\":true}},\"updatedAt\":{\"edit\":{\"label\":\"updatedAt\",\"description\":\"\",\"placeholder\":\"\",\"visible\":false,\"editable\":true},\"list\":{\"label\":\"updatedAt\",\"searchable\":true,\"sortable\":true}},\"createdBy\":{\"edit\":{\"label\":\"createdBy\",\"description\":\"\",\"placeholder\":\"\",\"visible\":false,\"editable\":true,\"mainField\":\"firstname\"},\"list\":{\"label\":\"createdBy\",\"searchable\":true,\"sortable\":true}},\"updatedBy\":{\"edit\":{\"label\":\"updatedBy\",\"description\":\"\",\"placeholder\":\"\",\"visible\":false,\"editable\":true,\"mainField\":\"firstname\"},\"list\":{\"label\":\"updatedBy\",\"searchable\":true,\"sortable\":true}}},\"layouts\":{\"list\":[\"id\",\"vendedor\",\"estado\",\"noFactura\"],\"edit\":[[{\"name\":\"estado\",\"size\":6}],[{\"name\":\"vendedor\",\"size\":6},{\"name\":\"noFactura\",\"size\":6}],[{\"name\":\"detalleDevoluciones\",\"size\":12}]]}}','object',NULL,NULL),(43,'plugin_content_manager_configuration_components::detalles.detalles','{\"uid\":\"detalles.detalles\",\"settings\":{\"bulkable\":true,\"filterable\":true,\"searchable\":true,\"pageSize\":10,\"mainField\":\"id\",\"defaultSortBy\":\"id\",\"defaultSortOrder\":\"ASC\"},\"metadatas\":{\"id\":{\"edit\":{},\"list\":{\"label\":\"id\",\"searchable\":false,\"sortable\":false}},\"cantidad\":{\"edit\":{\"label\":\"cantidad\",\"description\":\"\",\"placeholder\":\"\",\"visible\":true,\"editable\":true},\"list\":{\"label\":\"cantidad\",\"searchable\":true,\"sortable\":true}},\"precio\":{\"edit\":{\"label\":\"precio\",\"description\":\"\",\"placeholder\":\"\",\"visible\":true,\"editable\":true},\"list\":{\"label\":\"precio\",\"searchable\":true,\"sortable\":true}},\"descuento\":{\"edit\":{\"label\":\"descuento\",\"description\":\"\",\"placeholder\":\"\",\"visible\":true,\"editable\":true},\"list\":{\"label\":\"descuento\",\"searchable\":true,\"sortable\":true}},\"isv\":{\"edit\":{\"label\":\"isv\",\"description\":\"\",\"placeholder\":\"\",\"visible\":true,\"editable\":true},\"list\":{\"label\":\"isv\",\"searchable\":true,\"sortable\":true}},\"producto\":{\"edit\":{\"label\":\"producto\",\"description\":\"\",\"placeholder\":\"\",\"visible\":true,\"editable\":true,\"mainField\":\"nombre\"},\"list\":{\"label\":\"producto\",\"searchable\":true,\"sortable\":true}}},\"layouts\":{\"list\":[\"id\",\"cantidad\",\"precio\",\"descuento\"],\"edit\":[[{\"name\":\"cantidad\",\"size\":4},{\"name\":\"precio\",\"size\":4},{\"name\":\"descuento\",\"size\":4}],[{\"name\":\"isv\",\"size\":4},{\"name\":\"producto\",\"size\":6}]]},\"isComponent\":true}','object',NULL,NULL),(44,'plugin_content_manager_configuration_content_types::api::venta.venta','{\"uid\":\"api::venta.venta\",\"settings\":{\"bulkable\":true,\"filterable\":true,\"searchable\":true,\"pageSize\":10,\"mainField\":\"id\",\"defaultSortBy\":\"id\",\"defaultSortOrder\":\"ASC\"},\"metadatas\":{\"id\":{\"edit\":{},\"list\":{\"label\":\"id\",\"searchable\":true,\"sortable\":true}},\"noFactura\":{\"edit\":{\"label\":\"noFactura\",\"description\":\"\",\"placeholder\":\"\",\"visible\":true,\"editable\":true},\"list\":{\"label\":\"noFactura\",\"searchable\":true,\"sortable\":true}},\"metodoPago\":{\"edit\":{\"label\":\"metodoPago\",\"description\":\"\",\"placeholder\":\"\",\"visible\":true,\"editable\":true},\"list\":{\"label\":\"metodoPago\",\"searchable\":true,\"sortable\":true}},\"cliente\":{\"edit\":{\"label\":\"cliente\",\"description\":\"\",\"placeholder\":\"\",\"visible\":true,\"editable\":true,\"mainField\":\"username\"},\"list\":{\"label\":\"cliente\",\"searchable\":true,\"sortable\":true}},\"detalleVentas\":{\"edit\":{\"label\":\"detalleVentas\",\"description\":\"\",\"placeholder\":\"\",\"visible\":true,\"editable\":true},\"list\":{\"label\":\"detalleVentas\",\"searchable\":false,\"sortable\":false}},\"estado\":{\"edit\":{\"label\":\"estado\",\"description\":\"\",\"placeholder\":\"\",\"visible\":true,\"editable\":true},\"list\":{\"label\":\"estado\",\"searchable\":true,\"sortable\":true}},\"vendedor\":{\"edit\":{\"label\":\"vendedor\",\"description\":\"\",\"placeholder\":\"\",\"visible\":true,\"editable\":true,\"mainField\":\"username\"},\"list\":{\"label\":\"vendedor\",\"searchable\":true,\"sortable\":true}},\"createdAt\":{\"edit\":{\"label\":\"createdAt\",\"description\":\"\",\"placeholder\":\"\",\"visible\":false,\"editable\":true},\"list\":{\"label\":\"createdAt\",\"searchable\":true,\"sortable\":true}},\"updatedAt\":{\"edit\":{\"label\":\"updatedAt\",\"description\":\"\",\"placeholder\":\"\",\"visible\":false,\"editable\":true},\"list\":{\"label\":\"updatedAt\",\"searchable\":true,\"sortable\":true}},\"createdBy\":{\"edit\":{\"label\":\"createdBy\",\"description\":\"\",\"placeholder\":\"\",\"visible\":false,\"editable\":true,\"mainField\":\"firstname\"},\"list\":{\"label\":\"createdBy\",\"searchable\":true,\"sortable\":true}},\"updatedBy\":{\"edit\":{\"label\":\"updatedBy\",\"description\":\"\",\"placeholder\":\"\",\"visible\":false,\"editable\":true,\"mainField\":\"firstname\"},\"list\":{\"label\":\"updatedBy\",\"searchable\":true,\"sortable\":true}}},\"layouts\":{\"list\":[\"id\",\"noFactura\",\"createdAt\",\"updatedAt\"],\"edit\":[[{\"name\":\"noFactura\",\"size\":4},{\"name\":\"metodoPago\",\"size\":6}],[{\"name\":\"detalleVentas\",\"size\":12}],[{\"name\":\"cliente\",\"size\":6},{\"name\":\"estado\",\"size\":6}],[{\"name\":\"vendedor\",\"size\":6}]]}}','object',NULL,NULL),(45,'plugin_content_manager_configuration_content_types::api::proveedor.proveedor','{\"uid\":\"api::proveedor.proveedor\",\"settings\":{\"bulkable\":true,\"filterable\":true,\"searchable\":true,\"pageSize\":10,\"mainField\":\"nombre\",\"defaultSortBy\":\"RTN\",\"defaultSortOrder\":\"ASC\"},\"metadatas\":{\"id\":{\"edit\":{},\"list\":{\"label\":\"id\",\"searchable\":true,\"sortable\":true}},\"RTN\":{\"edit\":{\"label\":\"RTN\",\"description\":\"\",\"placeholder\":\"\",\"visible\":true,\"editable\":true},\"list\":{\"label\":\"RTN\",\"searchable\":true,\"sortable\":true}},\"nombre\":{\"edit\":{\"label\":\"nombre\",\"description\":\"\",\"placeholder\":\"\",\"visible\":true,\"editable\":true},\"list\":{\"label\":\"nombre\",\"searchable\":true,\"sortable\":true}},\"telefono\":{\"edit\":{\"label\":\"telefono\",\"description\":\"\",\"placeholder\":\"\",\"visible\":true,\"editable\":true},\"list\":{\"label\":\"telefono\",\"searchable\":true,\"sortable\":true}},\"direccion\":{\"edit\":{\"label\":\"direccion\",\"description\":\"\",\"placeholder\":\"\",\"visible\":true,\"editable\":true},\"list\":{\"label\":\"direccion\",\"searchable\":true,\"sortable\":true}},\"correo\":{\"edit\":{\"label\":\"correo\",\"description\":\"\",\"placeholder\":\"\",\"visible\":true,\"editable\":true},\"list\":{\"label\":\"correo\",\"searchable\":true,\"sortable\":true}},\"website\":{\"edit\":{\"label\":\"website\",\"description\":\"\",\"placeholder\":\"\",\"visible\":true,\"editable\":true},\"list\":{\"label\":\"website\",\"searchable\":true,\"sortable\":true}},\"vendedor\":{\"edit\":{\"label\":\"vendedor\",\"description\":\"\",\"placeholder\":\"\",\"visible\":true,\"editable\":true},\"list\":{\"label\":\"vendedor\",\"searchable\":true,\"sortable\":true}},\"contactoVendedor\":{\"edit\":{\"label\":\"contactoVendedor\",\"description\":\"\",\"placeholder\":\"\",\"visible\":true,\"editable\":true},\"list\":{\"label\":\"contactoVendedor\",\"searchable\":true,\"sortable\":true}},\"createdAt\":{\"edit\":{\"label\":\"createdAt\",\"description\":\"\",\"placeholder\":\"\",\"visible\":false,\"editable\":true},\"list\":{\"label\":\"createdAt\",\"searchable\":true,\"sortable\":true}},\"updatedAt\":{\"edit\":{\"label\":\"updatedAt\",\"description\":\"\",\"placeholder\":\"\",\"visible\":false,\"editable\":true},\"list\":{\"label\":\"updatedAt\",\"searchable\":true,\"sortable\":true}},\"createdBy\":{\"edit\":{\"label\":\"createdBy\",\"description\":\"\",\"placeholder\":\"\",\"visible\":false,\"editable\":true,\"mainField\":\"firstname\"},\"list\":{\"label\":\"createdBy\",\"searchable\":true,\"sortable\":true}},\"updatedBy\":{\"edit\":{\"label\":\"updatedBy\",\"description\":\"\",\"placeholder\":\"\",\"visible\":false,\"editable\":true,\"mainField\":\"firstname\"},\"list\":{\"label\":\"updatedBy\",\"searchable\":true,\"sortable\":true}}},\"layouts\":{\"list\":[\"id\",\"RTN\",\"nombre\",\"telefono\"],\"edit\":[[{\"name\":\"RTN\",\"size\":6},{\"name\":\"nombre\",\"size\":6}],[{\"name\":\"telefono\",\"size\":6},{\"name\":\"direccion\",\"size\":6}],[{\"name\":\"correo\",\"size\":6},{\"name\":\"website\",\"size\":6}],[{\"name\":\"vendedor\",\"size\":6},{\"name\":\"contactoVendedor\",\"size\":6}]]}}','object',NULL,NULL),(46,'plugin_content_manager_configuration_content_types::api::compra.compra','{\"uid\":\"api::compra.compra\",\"settings\":{\"bulkable\":true,\"filterable\":true,\"searchable\":true,\"pageSize\":10,\"mainField\":\"id\",\"defaultSortBy\":\"id\",\"defaultSortOrder\":\"ASC\"},\"metadatas\":{\"id\":{\"edit\":{},\"list\":{\"label\":\"id\",\"searchable\":true,\"sortable\":true}},\"proveedor\":{\"edit\":{\"label\":\"proveedor\",\"description\":\"\",\"placeholder\":\"\",\"visible\":true,\"editable\":true,\"mainField\":\"RTN\"},\"list\":{\"label\":\"proveedor\",\"searchable\":true,\"sortable\":true}},\"noFactura\":{\"edit\":{\"label\":\"noFactura\",\"description\":\"\",\"placeholder\":\"\",\"visible\":true,\"editable\":true},\"list\":{\"label\":\"noFactura\",\"searchable\":true,\"sortable\":true}},\"metodoPago\":{\"edit\":{\"label\":\"metodoPago\",\"description\":\"\",\"placeholder\":\"\",\"visible\":true,\"editable\":true},\"list\":{\"label\":\"metodoPago\",\"searchable\":true,\"sortable\":true}},\"detalleCompras\":{\"edit\":{\"label\":\"detalleCompras\",\"description\":\"\",\"placeholder\":\"\",\"visible\":true,\"editable\":true},\"list\":{\"label\":\"detalleCompras\",\"searchable\":false,\"sortable\":false}},\"createdAt\":{\"edit\":{\"label\":\"createdAt\",\"description\":\"\",\"placeholder\":\"\",\"visible\":false,\"editable\":true},\"list\":{\"label\":\"createdAt\",\"searchable\":true,\"sortable\":true}},\"updatedAt\":{\"edit\":{\"label\":\"updatedAt\",\"description\":\"\",\"placeholder\":\"\",\"visible\":false,\"editable\":true},\"list\":{\"label\":\"updatedAt\",\"searchable\":true,\"sortable\":true}},\"createdBy\":{\"edit\":{\"label\":\"createdBy\",\"description\":\"\",\"placeholder\":\"\",\"visible\":false,\"editable\":true,\"mainField\":\"firstname\"},\"list\":{\"label\":\"createdBy\",\"searchable\":true,\"sortable\":true}},\"updatedBy\":{\"edit\":{\"label\":\"updatedBy\",\"description\":\"\",\"placeholder\":\"\",\"visible\":false,\"editable\":true,\"mainField\":\"firstname\"},\"list\":{\"label\":\"updatedBy\",\"searchable\":true,\"sortable\":true}}},\"layouts\":{\"list\":[\"id\",\"proveedor\",\"noFactura\",\"metodoPago\"],\"edit\":[[{\"name\":\"proveedor\",\"size\":6},{\"name\":\"noFactura\",\"size\":4}],[{\"name\":\"metodoPago\",\"size\":6}],[{\"name\":\"detalleCompras\",\"size\":12}]]}}','object',NULL,NULL),(47,'plugin_content_manager_configuration_content_types::api::empresa.empresa','{\"uid\":\"api::empresa.empresa\",\"settings\":{\"bulkable\":true,\"filterable\":true,\"searchable\":true,\"pageSize\":10,\"mainField\":\"nombre\",\"defaultSortBy\":\"nombre\",\"defaultSortOrder\":\"ASC\"},\"metadatas\":{\"id\":{\"edit\":{},\"list\":{\"label\":\"id\",\"searchable\":true,\"sortable\":true}},\"nombre\":{\"edit\":{\"label\":\"nombre\",\"description\":\"\",\"placeholder\":\"\",\"visible\":true,\"editable\":true},\"list\":{\"label\":\"nombre\",\"searchable\":true,\"sortable\":true}},\"direccion\":{\"edit\":{\"label\":\"direccion\",\"description\":\"\",\"placeholder\":\"\",\"visible\":true,\"editable\":true},\"list\":{\"label\":\"direccion\",\"searchable\":true,\"sortable\":true}},\"correo\":{\"edit\":{\"label\":\"correo\",\"description\":\"\",\"placeholder\":\"\",\"visible\":true,\"editable\":true},\"list\":{\"label\":\"correo\",\"searchable\":true,\"sortable\":true}},\"telefono\":{\"edit\":{\"label\":\"telefono\",\"description\":\"\",\"placeholder\":\"\",\"visible\":true,\"editable\":true},\"list\":{\"label\":\"telefono\",\"searchable\":true,\"sortable\":true}},\"lema\":{\"edit\":{\"label\":\"lema\",\"description\":\"\",\"placeholder\":\"\",\"visible\":true,\"editable\":true},\"list\":{\"label\":\"lema\",\"searchable\":true,\"sortable\":true}},\"website\":{\"edit\":{\"label\":\"website\",\"description\":\"\",\"placeholder\":\"\",\"visible\":true,\"editable\":true},\"list\":{\"label\":\"website\",\"searchable\":true,\"sortable\":true}},\"CAI\":{\"edit\":{\"label\":\"CAI\",\"description\":\"\",\"placeholder\":\"\",\"visible\":true,\"editable\":true},\"list\":{\"label\":\"CAI\",\"searchable\":true,\"sortable\":true}},\"RangoInicial\":{\"edit\":{\"label\":\"RangoInicial\",\"description\":\"\",\"placeholder\":\"\",\"visible\":true,\"editable\":true},\"list\":{\"label\":\"RangoInicial\",\"searchable\":true,\"sortable\":true}},\"RangoFinal\":{\"edit\":{\"label\":\"RangoFinal\",\"description\":\"\",\"placeholder\":\"\",\"visible\":true,\"editable\":true},\"list\":{\"label\":\"RangoFinal\",\"searchable\":true,\"sortable\":true}},\"fechaVencimiento\":{\"edit\":{\"label\":\"fechaVencimiento\",\"description\":\"\",\"placeholder\":\"\",\"visible\":true,\"editable\":true},\"list\":{\"label\":\"fechaVencimiento\",\"searchable\":true,\"sortable\":true}},\"createdAt\":{\"edit\":{\"label\":\"createdAt\",\"description\":\"\",\"placeholder\":\"\",\"visible\":false,\"editable\":true},\"list\":{\"label\":\"createdAt\",\"searchable\":true,\"sortable\":true}},\"updatedAt\":{\"edit\":{\"label\":\"updatedAt\",\"description\":\"\",\"placeholder\":\"\",\"visible\":false,\"editable\":true},\"list\":{\"label\":\"updatedAt\",\"searchable\":true,\"sortable\":true}},\"createdBy\":{\"edit\":{\"label\":\"createdBy\",\"description\":\"\",\"placeholder\":\"\",\"visible\":false,\"editable\":true,\"mainField\":\"firstname\"},\"list\":{\"label\":\"createdBy\",\"searchable\":true,\"sortable\":true}},\"updatedBy\":{\"edit\":{\"label\":\"updatedBy\",\"description\":\"\",\"placeholder\":\"\",\"visible\":false,\"editable\":true,\"mainField\":\"firstname\"},\"list\":{\"label\":\"updatedBy\",\"searchable\":true,\"sortable\":true}}},\"layouts\":{\"list\":[\"id\",\"nombre\",\"direccion\",\"correo\"],\"edit\":[[{\"name\":\"nombre\",\"size\":6},{\"name\":\"direccion\",\"size\":6}],[{\"name\":\"correo\",\"size\":6},{\"name\":\"telefono\",\"size\":6}],[{\"name\":\"website\",\"size\":6},{\"name\":\"lema\",\"size\":6}],[{\"name\":\"CAI\",\"size\":6},{\"name\":\"RangoInicial\",\"size\":4}],[{\"name\":\"RangoFinal\",\"size\":4},{\"name\":\"fechaVencimiento\",\"size\":4}]]}}','object',NULL,NULL),(48,'plugin_content_manager_configuration_content_types::api::sucursal.sucursal','{\"uid\":\"api::sucursal.sucursal\",\"settings\":{\"bulkable\":true,\"filterable\":true,\"searchable\":true,\"pageSize\":10,\"mainField\":\"nombre\",\"defaultSortBy\":\"nombre\",\"defaultSortOrder\":\"ASC\"},\"metadatas\":{\"id\":{\"edit\":{},\"list\":{\"label\":\"id\",\"searchable\":true,\"sortable\":true}},\"nombre\":{\"edit\":{\"label\":\"nombre\",\"description\":\"\",\"placeholder\":\"\",\"visible\":true,\"editable\":true},\"list\":{\"label\":\"nombre\",\"searchable\":true,\"sortable\":true}},\"direccion\":{\"edit\":{\"label\":\"direccion\",\"description\":\"\",\"placeholder\":\"\",\"visible\":true,\"editable\":true},\"list\":{\"label\":\"direccion\",\"searchable\":true,\"sortable\":true}},\"telefono\":{\"edit\":{\"label\":\"telefono\",\"description\":\"\",\"placeholder\":\"\",\"visible\":true,\"editable\":true},\"list\":{\"label\":\"telefono\",\"searchable\":true,\"sortable\":true}},\"correoSucursal\":{\"edit\":{\"label\":\"correoSucursal\",\"description\":\"\",\"placeholder\":\"\",\"visible\":true,\"editable\":true},\"list\":{\"label\":\"correoSucursal\",\"searchable\":true,\"sortable\":true}},\"fechaApertura\":{\"edit\":{\"label\":\"fechaApertura\",\"description\":\"\",\"placeholder\":\"\",\"visible\":true,\"editable\":true},\"list\":{\"label\":\"fechaApertura\",\"searchable\":true,\"sortable\":true}},\"activa\":{\"edit\":{\"label\":\"activa\",\"description\":\"\",\"placeholder\":\"\",\"visible\":true,\"editable\":true},\"list\":{\"label\":\"activa\",\"searchable\":true,\"sortable\":true}},\"createdAt\":{\"edit\":{\"label\":\"createdAt\",\"description\":\"\",\"placeholder\":\"\",\"visible\":false,\"editable\":true},\"list\":{\"label\":\"createdAt\",\"searchable\":true,\"sortable\":true}},\"updatedAt\":{\"edit\":{\"label\":\"updatedAt\",\"description\":\"\",\"placeholder\":\"\",\"visible\":false,\"editable\":true},\"list\":{\"label\":\"updatedAt\",\"searchable\":true,\"sortable\":true}},\"createdBy\":{\"edit\":{\"label\":\"createdBy\",\"description\":\"\",\"placeholder\":\"\",\"visible\":false,\"editable\":true,\"mainField\":\"firstname\"},\"list\":{\"label\":\"createdBy\",\"searchable\":true,\"sortable\":true}},\"updatedBy\":{\"edit\":{\"label\":\"updatedBy\",\"description\":\"\",\"placeholder\":\"\",\"visible\":false,\"editable\":true,\"mainField\":\"firstname\"},\"list\":{\"label\":\"updatedBy\",\"searchable\":true,\"sortable\":true}}},\"layouts\":{\"list\":[\"id\",\"nombre\",\"direccion\",\"telefono\"],\"edit\":[[{\"name\":\"nombre\",\"size\":6},{\"name\":\"direccion\",\"size\":6}],[{\"name\":\"telefono\",\"size\":6},{\"name\":\"correoSucursal\",\"size\":6}],[{\"name\":\"fechaApertura\",\"size\":4},{\"name\":\"activa\",\"size\":4}]]}}','object',NULL,NULL),(50,'plugin_documentation_config','{\"restrictedAccess\":false}','object',NULL,NULL),(54,'plugin_content_manager_configuration_content_types::api::danado.danado','{\"uid\":\"api::danado.danado\",\"settings\":{\"bulkable\":true,\"filterable\":true,\"searchable\":true,\"pageSize\":10,\"mainField\":\"Motivo\",\"defaultSortBy\":\"Motivo\",\"defaultSortOrder\":\"ASC\"},\"metadatas\":{\"id\":{\"edit\":{},\"list\":{\"label\":\"id\",\"searchable\":true,\"sortable\":true}},\"producto\":{\"edit\":{\"label\":\"producto\",\"description\":\"\",\"placeholder\":\"\",\"visible\":true,\"editable\":true,\"mainField\":\"codigo\"},\"list\":{\"label\":\"producto\",\"searchable\":true,\"sortable\":true}},\"Estado\":{\"edit\":{\"label\":\"Estado\",\"description\":\"\",\"placeholder\":\"\",\"visible\":true,\"editable\":true},\"list\":{\"label\":\"Estado\",\"searchable\":true,\"sortable\":true}},\"Motivo\":{\"edit\":{\"label\":\"Motivo\",\"description\":\"\",\"placeholder\":\"\",\"visible\":true,\"editable\":true},\"list\":{\"label\":\"Motivo\",\"searchable\":true,\"sortable\":true}},\"Cantidad\":{\"edit\":{\"label\":\"Cantidad\",\"description\":\"\",\"placeholder\":\"\",\"visible\":true,\"editable\":true},\"list\":{\"label\":\"Cantidad\",\"searchable\":true,\"sortable\":true}},\"createdAt\":{\"edit\":{\"label\":\"createdAt\",\"description\":\"\",\"placeholder\":\"\",\"visible\":false,\"editable\":true},\"list\":{\"label\":\"createdAt\",\"searchable\":true,\"sortable\":true}},\"updatedAt\":{\"edit\":{\"label\":\"updatedAt\",\"description\":\"\",\"placeholder\":\"\",\"visible\":false,\"editable\":true},\"list\":{\"label\":\"updatedAt\",\"searchable\":true,\"sortable\":true}},\"createdBy\":{\"edit\":{\"label\":\"createdBy\",\"description\":\"\",\"placeholder\":\"\",\"visible\":false,\"editable\":true,\"mainField\":\"firstname\"},\"list\":{\"label\":\"createdBy\",\"searchable\":true,\"sortable\":true}},\"updatedBy\":{\"edit\":{\"label\":\"updatedBy\",\"description\":\"\",\"placeholder\":\"\",\"visible\":false,\"editable\":true,\"mainField\":\"firstname\"},\"list\":{\"label\":\"updatedBy\",\"searchable\":true,\"sortable\":true}}},\"layouts\":{\"edit\":[[{\"name\":\"producto\",\"size\":6},{\"name\":\"Estado\",\"size\":6}],[{\"name\":\"Motivo\",\"size\":6},{\"name\":\"Cantidad\",\"size\":4}]],\"list\":[\"id\",\"producto\",\"Estado\",\"Motivo\"]}}','object',NULL,NULL),(55,'plugin_content_manager_configuration_content_types::api::log.log','{\"uid\":\"api::log.log\",\"settings\":{\"bulkable\":true,\"filterable\":true,\"searchable\":true,\"pageSize\":10,\"mainField\":\"Table\",\"defaultSortBy\":\"Table\",\"defaultSortOrder\":\"ASC\"},\"metadatas\":{\"id\":{\"edit\":{},\"list\":{\"label\":\"id\",\"searchable\":true,\"sortable\":true}},\"DateTime\":{\"edit\":{\"label\":\"DateTime\",\"description\":\"\",\"placeholder\":\"\",\"visible\":true,\"editable\":true},\"list\":{\"label\":\"DateTime\",\"searchable\":true,\"sortable\":true}},\"ACTION\":{\"edit\":{\"label\":\"ACTION\",\"description\":\"\",\"placeholder\":\"\",\"visible\":true,\"editable\":true},\"list\":{\"label\":\"ACTION\",\"searchable\":true,\"sortable\":true}},\"Table\":{\"edit\":{\"label\":\"Table\",\"description\":\"\",\"placeholder\":\"\",\"visible\":true,\"editable\":true},\"list\":{\"label\":\"Table\",\"searchable\":true,\"sortable\":true}},\"Description\":{\"edit\":{\"label\":\"Description\",\"description\":\"\",\"placeholder\":\"\",\"visible\":true,\"editable\":true},\"list\":{\"label\":\"Description\",\"searchable\":true,\"sortable\":true}},\"admin_user\":{\"edit\":{\"label\":\"admin_user\",\"description\":\"\",\"placeholder\":\"\",\"visible\":true,\"editable\":true,\"mainField\":\"username\"},\"list\":{\"label\":\"admin_user\",\"searchable\":true,\"sortable\":true}},\"rowID\":{\"edit\":{\"label\":\"rowID\",\"description\":\"\",\"placeholder\":\"\",\"visible\":true,\"editable\":true},\"list\":{\"label\":\"rowID\",\"searchable\":true,\"sortable\":true}},\"information\":{\"edit\":{\"label\":\"information\",\"description\":\"\",\"placeholder\":\"\",\"visible\":true,\"editable\":true},\"list\":{\"label\":\"information\",\"searchable\":false,\"sortable\":false}},\"createdAt\":{\"edit\":{\"label\":\"createdAt\",\"description\":\"\",\"placeholder\":\"\",\"visible\":false,\"editable\":true},\"list\":{\"label\":\"createdAt\",\"searchable\":true,\"sortable\":true}},\"updatedAt\":{\"edit\":{\"label\":\"updatedAt\",\"description\":\"\",\"placeholder\":\"\",\"visible\":false,\"editable\":true},\"list\":{\"label\":\"updatedAt\",\"searchable\":true,\"sortable\":true}},\"createdBy\":{\"edit\":{\"label\":\"createdBy\",\"description\":\"\",\"placeholder\":\"\",\"visible\":false,\"editable\":true,\"mainField\":\"firstname\"},\"list\":{\"label\":\"createdBy\",\"searchable\":true,\"sortable\":true}},\"updatedBy\":{\"edit\":{\"label\":\"updatedBy\",\"description\":\"\",\"placeholder\":\"\",\"visible\":false,\"editable\":true,\"mainField\":\"firstname\"},\"list\":{\"label\":\"updatedBy\",\"searchable\":true,\"sortable\":true}}},\"layouts\":{\"list\":[\"id\",\"DateTime\",\"ACTION\",\"Table\"],\"edit\":[[{\"name\":\"DateTime\",\"size\":6},{\"name\":\"ACTION\",\"size\":6}],[{\"name\":\"Table\",\"size\":6},{\"name\":\"Description\",\"size\":6}],[{\"name\":\"admin_user\",\"size\":6},{\"name\":\"rowID\",\"size\":6}],[{\"name\":\"information\",\"size\":12}]]}}','object',NULL,NULL),(60,'plugin_content_manager_configuration_content_types::api::correlativo.correlativo','{\"uid\":\"api::correlativo.correlativo\",\"settings\":{\"bulkable\":true,\"filterable\":true,\"searchable\":true,\"pageSize\":10,\"mainField\":\"id\",\"defaultSortBy\":\"id\",\"defaultSortOrder\":\"ASC\"},\"metadatas\":{\"id\":{\"edit\":{},\"list\":{\"label\":\"id\",\"searchable\":true,\"sortable\":true}},\"NoFactura\":{\"edit\":{\"label\":\"NoFactura\",\"description\":\"\",\"placeholder\":\"\",\"visible\":true,\"editable\":true},\"list\":{\"label\":\"NoFactura\",\"searchable\":true,\"sortable\":true}},\"createdAt\":{\"edit\":{\"label\":\"createdAt\",\"description\":\"\",\"placeholder\":\"\",\"visible\":false,\"editable\":true},\"list\":{\"label\":\"createdAt\",\"searchable\":true,\"sortable\":true}},\"updatedAt\":{\"edit\":{\"label\":\"updatedAt\",\"description\":\"\",\"placeholder\":\"\",\"visible\":false,\"editable\":true},\"list\":{\"label\":\"updatedAt\",\"searchable\":true,\"sortable\":true}},\"createdBy\":{\"edit\":{\"label\":\"createdBy\",\"description\":\"\",\"placeholder\":\"\",\"visible\":false,\"editable\":true,\"mainField\":\"firstname\"},\"list\":{\"label\":\"createdBy\",\"searchable\":true,\"sortable\":true}},\"updatedBy\":{\"edit\":{\"label\":\"updatedBy\",\"description\":\"\",\"placeholder\":\"\",\"visible\":false,\"editable\":true,\"mainField\":\"firstname\"},\"list\":{\"label\":\"updatedBy\",\"searchable\":true,\"sortable\":true}}},\"layouts\":{\"list\":[\"id\",\"NoFactura\",\"createdAt\",\"updatedAt\"],\"edit\":[[{\"name\":\"NoFactura\",\"size\":4}]]}}','object',NULL,NULL),(61,'plugin_content_manager_configuration_components::detalles.devoluciones','{\"uid\":\"detalles.devoluciones\",\"settings\":{\"bulkable\":true,\"filterable\":true,\"searchable\":true,\"pageSize\":10,\"mainField\":\"id\",\"defaultSortBy\":\"id\",\"defaultSortOrder\":\"ASC\"},\"metadatas\":{\"id\":{\"edit\":{},\"list\":{\"label\":\"id\",\"searchable\":false,\"sortable\":false}},\"producto\":{\"edit\":{\"label\":\"producto\",\"description\":\"\",\"placeholder\":\"\",\"visible\":true,\"editable\":true,\"mainField\":\"nombre\"},\"list\":{\"label\":\"producto\",\"searchable\":true,\"sortable\":true}},\"cantidad\":{\"edit\":{\"label\":\"cantidad\",\"description\":\"\",\"placeholder\":\"\",\"visible\":true,\"editable\":true},\"list\":{\"label\":\"cantidad\",\"searchable\":true,\"sortable\":true}},\"motivo\":{\"edit\":{\"label\":\"motivo\",\"description\":\"\",\"placeholder\":\"\",\"visible\":true,\"editable\":true},\"list\":{\"label\":\"motivo\",\"searchable\":true,\"sortable\":true}}},\"layouts\":{\"list\":[\"id\",\"producto\",\"cantidad\",\"motivo\"],\"edit\":[[{\"name\":\"producto\",\"size\":6},{\"name\":\"cantidad\",\"size\":4}],[{\"name\":\"motivo\",\"size\":6}]]},\"isComponent\":true}','object',NULL,NULL),(62,'plugin_content_manager_configuration_components::detalles.ordenes','{\"uid\":\"detalles.ordenes\",\"settings\":{\"bulkable\":true,\"filterable\":true,\"searchable\":true,\"pageSize\":10,\"mainField\":\"id\",\"defaultSortBy\":\"id\",\"defaultSortOrder\":\"ASC\"},\"metadatas\":{\"id\":{\"edit\":{},\"list\":{\"label\":\"id\",\"searchable\":false,\"sortable\":false}},\"producto\":{\"edit\":{\"label\":\"producto\",\"description\":\"\",\"placeholder\":\"\",\"visible\":true,\"editable\":true,\"mainField\":\"nombre\"},\"list\":{\"label\":\"producto\",\"searchable\":true,\"sortable\":true}},\"cantidad\":{\"edit\":{\"label\":\"cantidad\",\"description\":\"\",\"placeholder\":\"\",\"visible\":true,\"editable\":true},\"list\":{\"label\":\"cantidad\",\"searchable\":true,\"sortable\":true}}},\"layouts\":{\"list\":[\"id\",\"producto\",\"cantidad\"],\"edit\":[[{\"name\":\"producto\",\"size\":6},{\"name\":\"cantidad\",\"size\":4}]]},\"isComponent\":true}','object',NULL,NULL),(63,'plugin_content_manager_configuration_content_types::api::orden.orden','{\"uid\":\"api::orden.orden\",\"settings\":{\"bulkable\":true,\"filterable\":true,\"searchable\":true,\"pageSize\":10,\"mainField\":\"id\",\"defaultSortBy\":\"id\",\"defaultSortOrder\":\"ASC\"},\"metadatas\":{\"id\":{\"edit\":{},\"list\":{\"label\":\"id\",\"searchable\":true,\"sortable\":true}},\"Ordenes\":{\"edit\":{\"label\":\"Ordenes\",\"description\":\"\",\"placeholder\":\"\",\"visible\":true,\"editable\":true},\"list\":{\"label\":\"Ordenes\",\"searchable\":false,\"sortable\":false}},\"encargado\":{\"edit\":{\"label\":\"encargado\",\"description\":\"\",\"placeholder\":\"\",\"visible\":true,\"editable\":true,\"mainField\":\"username\"},\"list\":{\"label\":\"encargado\",\"searchable\":true,\"sortable\":true}},\"proveedor\":{\"edit\":{\"label\":\"proveedor\",\"description\":\"\",\"placeholder\":\"\",\"visible\":true,\"editable\":true,\"mainField\":\"RTN\"},\"list\":{\"label\":\"proveedor\",\"searchable\":true,\"sortable\":true}},\"resumen\":{\"edit\":{\"label\":\"resumen\",\"description\":\"\",\"placeholder\":\"\",\"visible\":true,\"editable\":true},\"list\":{\"label\":\"resumen\",\"searchable\":true,\"sortable\":true}},\"estado\":{\"edit\":{\"label\":\"estado\",\"description\":\"\",\"placeholder\":\"\",\"visible\":true,\"editable\":true},\"list\":{\"label\":\"estado\",\"searchable\":true,\"sortable\":true}},\"createdAt\":{\"edit\":{\"label\":\"createdAt\",\"description\":\"\",\"placeholder\":\"\",\"visible\":false,\"editable\":true},\"list\":{\"label\":\"createdAt\",\"searchable\":true,\"sortable\":true}},\"updatedAt\":{\"edit\":{\"label\":\"updatedAt\",\"description\":\"\",\"placeholder\":\"\",\"visible\":false,\"editable\":true},\"list\":{\"label\":\"updatedAt\",\"searchable\":true,\"sortable\":true}},\"createdBy\":{\"edit\":{\"label\":\"createdBy\",\"description\":\"\",\"placeholder\":\"\",\"visible\":false,\"editable\":true,\"mainField\":\"firstname\"},\"list\":{\"label\":\"createdBy\",\"searchable\":true,\"sortable\":true}},\"updatedBy\":{\"edit\":{\"label\":\"updatedBy\",\"description\":\"\",\"placeholder\":\"\",\"visible\":false,\"editable\":true,\"mainField\":\"firstname\"},\"list\":{\"label\":\"updatedBy\",\"searchable\":true,\"sortable\":true}}},\"layouts\":{\"list\":[\"id\",\"Ordenes\",\"createdAt\",\"updatedAt\"],\"edit\":[[{\"name\":\"Ordenes\",\"size\":12}],[{\"name\":\"encargado\",\"size\":6},{\"name\":\"proveedor\",\"size\":6}],[{\"name\":\"resumen\",\"size\":6},{\"name\":\"estado\",\"size\":6}]]}}','object',NULL,NULL),(64,'plugin_content_manager_configuration_content_types::plugin::content-releases.release','{\"settings\":{\"bulkable\":true,\"filterable\":true,\"searchable\":true,\"pageSize\":10,\"mainField\":\"name\",\"defaultSortBy\":\"name\",\"defaultSortOrder\":\"ASC\"},\"metadatas\":{\"id\":{\"edit\":{},\"list\":{\"label\":\"id\",\"searchable\":true,\"sortable\":true}},\"name\":{\"edit\":{\"label\":\"name\",\"description\":\"\",\"placeholder\":\"\",\"visible\":true,\"editable\":true},\"list\":{\"label\":\"name\",\"searchable\":true,\"sortable\":true}},\"releasedAt\":{\"edit\":{\"label\":\"releasedAt\",\"description\":\"\",\"placeholder\":\"\",\"visible\":true,\"editable\":true},\"list\":{\"label\":\"releasedAt\",\"searchable\":true,\"sortable\":true}},\"scheduledAt\":{\"edit\":{\"label\":\"scheduledAt\",\"description\":\"\",\"placeholder\":\"\",\"visible\":true,\"editable\":true},\"list\":{\"label\":\"scheduledAt\",\"searchable\":true,\"sortable\":true}},\"timezone\":{\"edit\":{\"label\":\"timezone\",\"description\":\"\",\"placeholder\":\"\",\"visible\":true,\"editable\":true},\"list\":{\"label\":\"timezone\",\"searchable\":true,\"sortable\":true}},\"status\":{\"edit\":{\"label\":\"status\",\"description\":\"\",\"placeholder\":\"\",\"visible\":true,\"editable\":true},\"list\":{\"label\":\"status\",\"searchable\":true,\"sortable\":true}},\"actions\":{\"edit\":{\"label\":\"actions\",\"description\":\"\",\"placeholder\":\"\",\"visible\":true,\"editable\":true,\"mainField\":\"contentType\"},\"list\":{\"label\":\"actions\",\"searchable\":false,\"sortable\":false}},\"createdAt\":{\"edit\":{\"label\":\"createdAt\",\"description\":\"\",\"placeholder\":\"\",\"visible\":false,\"editable\":true},\"list\":{\"label\":\"createdAt\",\"searchable\":true,\"sortable\":true}},\"updatedAt\":{\"edit\":{\"label\":\"updatedAt\",\"description\":\"\",\"placeholder\":\"\",\"visible\":false,\"editable\":true},\"list\":{\"label\":\"updatedAt\",\"searchable\":true,\"sortable\":true}},\"createdBy\":{\"edit\":{\"label\":\"createdBy\",\"description\":\"\",\"placeholder\":\"\",\"visible\":false,\"editable\":true,\"mainField\":\"firstname\"},\"list\":{\"label\":\"createdBy\",\"searchable\":true,\"sortable\":true}},\"updatedBy\":{\"edit\":{\"label\":\"updatedBy\",\"description\":\"\",\"placeholder\":\"\",\"visible\":false,\"editable\":true,\"mainField\":\"firstname\"},\"list\":{\"label\":\"updatedBy\",\"searchable\":true,\"sortable\":true}}},\"layouts\":{\"list\":[\"id\",\"name\",\"releasedAt\",\"actions\"],\"edit\":[[{\"name\":\"name\",\"size\":6},{\"name\":\"releasedAt\",\"size\":6}],[{\"name\":\"actions\",\"size\":6},{\"name\":\"scheduledAt\",\"size\":6}],[{\"name\":\"timezone\",\"size\":6},{\"name\":\"status\",\"size\":6}]]},\"uid\":\"plugin::content-releases.release\"}','object',NULL,NULL),(65,'plugin_content_manager_configuration_content_types::plugin::content-releases.release-action','{\"settings\":{\"bulkable\":true,\"filterable\":true,\"searchable\":true,\"pageSize\":10,\"mainField\":\"contentType\",\"defaultSortBy\":\"contentType\",\"defaultSortOrder\":\"ASC\"},\"metadatas\":{\"id\":{\"edit\":{},\"list\":{\"label\":\"id\",\"searchable\":true,\"sortable\":true}},\"type\":{\"edit\":{\"label\":\"type\",\"description\":\"\",\"placeholder\":\"\",\"visible\":true,\"editable\":true},\"list\":{\"label\":\"type\",\"searchable\":true,\"sortable\":true}},\"contentType\":{\"edit\":{\"label\":\"contentType\",\"description\":\"\",\"placeholder\":\"\",\"visible\":true,\"editable\":true},\"list\":{\"label\":\"contentType\",\"searchable\":true,\"sortable\":true}},\"locale\":{\"edit\":{\"label\":\"locale\",\"description\":\"\",\"placeholder\":\"\",\"visible\":true,\"editable\":true},\"list\":{\"label\":\"locale\",\"searchable\":true,\"sortable\":true}},\"release\":{\"edit\":{\"label\":\"release\",\"description\":\"\",\"placeholder\":\"\",\"visible\":true,\"editable\":true,\"mainField\":\"name\"},\"list\":{\"label\":\"release\",\"searchable\":true,\"sortable\":true}},\"isEntryValid\":{\"edit\":{\"label\":\"isEntryValid\",\"description\":\"\",\"placeholder\":\"\",\"visible\":true,\"editable\":true},\"list\":{\"label\":\"isEntryValid\",\"searchable\":true,\"sortable\":true}},\"createdAt\":{\"edit\":{\"label\":\"createdAt\",\"description\":\"\",\"placeholder\":\"\",\"visible\":false,\"editable\":true},\"list\":{\"label\":\"createdAt\",\"searchable\":true,\"sortable\":true}},\"updatedAt\":{\"edit\":{\"label\":\"updatedAt\",\"description\":\"\",\"placeholder\":\"\",\"visible\":false,\"editable\":true},\"list\":{\"label\":\"updatedAt\",\"searchable\":true,\"sortable\":true}},\"createdBy\":{\"edit\":{\"label\":\"createdBy\",\"description\":\"\",\"placeholder\":\"\",\"visible\":false,\"editable\":true,\"mainField\":\"firstname\"},\"list\":{\"label\":\"createdBy\",\"searchable\":true,\"sortable\":true}},\"updatedBy\":{\"edit\":{\"label\":\"updatedBy\",\"description\":\"\",\"placeholder\":\"\",\"visible\":false,\"editable\":true,\"mainField\":\"firstname\"},\"list\":{\"label\":\"updatedBy\",\"searchable\":true,\"sortable\":true}}},\"layouts\":{\"list\":[\"id\",\"type\",\"contentType\",\"release\"],\"edit\":[[{\"name\":\"type\",\"size\":6},{\"name\":\"contentType\",\"size\":6}],[{\"name\":\"release\",\"size\":6},{\"name\":\"locale\",\"size\":6}],[{\"name\":\"isEntryValid\",\"size\":4}]]},\"uid\":\"plugin::content-releases.release-action\"}','object',NULL,NULL);
/*!40000 ALTER TABLE `strapi_core_store_settings` ENABLE KEYS */;
UNLOCK TABLES;

--
-- Table structure for table `strapi_database_schema`
--

DROP TABLE IF EXISTS `strapi_database_schema`;
/*!40101 SET @saved_cs_client     = @@character_set_client */;
/*!50503 SET character_set_client = utf8mb4 */;
CREATE TABLE `strapi_database_schema` (
  `id` int unsigned NOT NULL AUTO_INCREMENT,
  `schema` json DEFAULT NULL,
  `time` datetime DEFAULT NULL,
  `hash` varchar(255) DEFAULT NULL,
  PRIMARY KEY (`id`)
) ENGINE=InnoDB AUTO_INCREMENT=115 DEFAULT CHARSET=utf8mb4 COLLATE=utf8mb4_0900_ai_ci;
/*!40101 SET character_set_client = @saved_cs_client */;

--
-- Dumping data for table `strapi_database_schema`
--

LOCK TABLES `strapi_database_schema` WRITE;
/*!40000 ALTER TABLE `strapi_database_schema` DISABLE KEYS */;
INSERT INTO `strapi_database_schema` VALUES (114,'{\"tables\": [{\"name\": \"strapi_core_store_settings\", \"columns\": [{\"args\": [{\"primary\": true, \"primaryKey\": true}], \"name\": \"id\", \"type\": \"increments\", \"unsigned\": false, \"defaultTo\": null, \"notNullable\": true}, {\"args\": [], \"name\": \"key\", \"type\": \"string\", \"unsigned\": false, \"defaultTo\": null, \"notNullable\": false}, {\"args\": [\"longtext\"], \"name\": \"value\", \"type\": \"text\", \"unsigned\": false, \"defaultTo\": null, \"notNullable\": false}, {\"args\": [], \"name\": \"type\", \"type\": \"string\", \"unsigned\": false, \"defaultTo\": null, \"notNullable\": false}, {\"args\": [], \"name\": \"environment\", \"type\": \"string\", \"unsigned\": false, \"defaultTo\": null, \"notNullable\": false}, {\"args\": [], \"name\": \"tag\", \"type\": \"string\", \"unsigned\": false, \"defaultTo\": null, \"notNullable\": false}], \"indexes\": [], \"foreignKeys\": []}, {\"name\": \"strapi_webhooks\", \"columns\": [{\"args\": [{\"primary\": true, \"primaryKey\": true}], \"name\": \"id\", \"type\": \"increments\", \"unsigned\": false, \"defaultTo\": null, \"notNullable\": true}, {\"args\": [], \"name\": \"name\", \"type\": \"string\", \"unsigned\": false, \"defaultTo\": null, \"notNullable\": false}, {\"args\": [\"longtext\"], \"name\": \"url\", \"type\": \"text\", \"unsigned\": false, \"defaultTo\": null, \"notNullable\": false}, {\"args\": [], \"name\": \"headers\", \"type\": \"jsonb\", \"unsigned\": false, \"defaultTo\": null, \"notNullable\": false}, {\"args\": [], \"name\": \"events\", \"type\": \"jsonb\", \"unsigned\": false, \"defaultTo\": null, \"notNullable\": false}, {\"args\": [], \"name\": \"enabled\", \"type\": \"boolean\", \"unsigned\": false, \"defaultTo\": null, \"notNullable\": false}], \"indexes\": [], \"foreignKeys\": []}, {\"name\": \"admin_permissions\", \"columns\": [{\"args\": [{\"primary\": true, \"primaryKey\": true}], \"name\": \"id\", \"type\": \"increments\", \"unsigned\": false, \"defaultTo\": null, \"notNullable\": true}, {\"args\": [], \"name\": \"action\", \"type\": \"string\", \"unsigned\": false, \"defaultTo\": null, \"notNullable\": false}, {\"args\": [], \"name\": \"action_parameters\", \"type\": \"jsonb\", \"unsigned\": false, \"defaultTo\": null, \"notNullable\": false}, {\"args\": [], \"name\": \"subject\", \"type\": \"string\", \"unsigned\": false, \"defaultTo\": null, \"notNullable\": false}, {\"args\": [], \"name\": \"properties\", \"type\": \"jsonb\", \"unsigned\": false, \"defaultTo\": null, \"notNullable\": false}, {\"args\": [], \"name\": \"conditions\", \"type\": \"jsonb\", \"unsigned\": false, \"defaultTo\": null, \"notNullable\": false}, {\"args\": [{\"useTz\": false, \"precision\": 6}], \"name\": \"created_at\", \"type\": \"datetime\", \"unsigned\": false, \"defaultTo\": null, \"notNullable\": false}, {\"args\": [{\"useTz\": false, \"precision\": 6}], \"name\": \"updated_at\", \"type\": \"datetime\", \"unsigned\": false, \"defaultTo\": null, \"notNullable\": false}, {\"args\": [], \"name\": \"created_by_id\", \"type\": \"integer\", \"unsigned\": true, \"defaultTo\": null, \"notNullable\": false}, {\"args\": [], \"name\": \"updated_by_id\", \"type\": \"integer\", \"unsigned\": true, \"defaultTo\": null, \"notNullable\": false}], \"indexes\": [{\"name\": \"admin_permissions_created_by_id_fk\", \"columns\": [\"created_by_id\"]}, {\"name\": \"admin_permissions_updated_by_id_fk\", \"columns\": [\"updated_by_id\"]}], \"foreignKeys\": [{\"name\": \"admin_permissions_created_by_id_fk\", \"columns\": [\"created_by_id\"], \"onDelete\": \"SET NULL\", \"referencedTable\": \"admin_users\", \"referencedColumns\": [\"id\"]}, {\"name\": \"admin_permissions_updated_by_id_fk\", \"columns\": [\"updated_by_id\"], \"onDelete\": \"SET NULL\", \"referencedTable\": \"admin_users\", \"referencedColumns\": [\"id\"]}]}, {\"name\": \"admin_users\", \"columns\": [{\"args\": [{\"primary\": true, \"primaryKey\": true}], \"name\": \"id\", \"type\": \"increments\", \"unsigned\": false, \"defaultTo\": null, \"notNullable\": true}, {\"args\": [], \"name\": \"firstname\", \"type\": \"string\", \"unsigned\": false, \"defaultTo\": null, \"notNullable\": false}, {\"args\": [], \"name\": \"lastname\", \"type\": \"string\", \"unsigned\": false, \"defaultTo\": null, \"notNullable\": false}, {\"args\": [], \"name\": \"username\", \"type\": \"string\", \"unsigned\": false, \"defaultTo\": null, \"notNullable\": false}, {\"args\": [], \"name\": \"email\", \"type\": \"string\", \"unsigned\": false, \"defaultTo\": null, \"notNullable\": false}, {\"args\": [], \"name\": \"password\", \"type\": \"string\", \"unsigned\": false, \"defaultTo\": null, \"notNullable\": false}, {\"args\": [], \"name\": \"reset_password_token\", \"type\": \"string\", \"unsigned\": false, \"defaultTo\": null, \"notNullable\": false}, {\"args\": [], \"name\": \"registration_token\", \"type\": \"string\", \"unsigned\": false, \"defaultTo\": null, \"notNullable\": false}, {\"args\": [], \"name\": \"is_active\", \"type\": \"boolean\", \"unsigned\": false, \"defaultTo\": null, \"notNullable\": false}, {\"args\": [], \"name\": \"blocked\", \"type\": \"boolean\", \"unsigned\": false, \"defaultTo\": null, \"notNullable\": false}, {\"args\": [], \"name\": \"prefered_language\", \"type\": \"string\", \"unsigned\": false, \"defaultTo\": null, \"notNullable\": false}, {\"args\": [{\"useTz\": false, \"precision\": 6}], \"name\": \"created_at\", \"type\": \"datetime\", \"unsigned\": false, \"defaultTo\": null, \"notNullable\": false}, {\"args\": [{\"useTz\": false, \"precision\": 6}], \"name\": \"updated_at\", \"type\": \"datetime\", \"unsigned\": false, \"defaultTo\": null, \"notNullable\": false}, {\"args\": [], \"name\": \"created_by_id\", \"type\": \"integer\", \"unsigned\": true, \"defaultTo\": null, \"notNullable\": false}, {\"args\": [], \"name\": \"updated_by_id\", \"type\": \"integer\", \"unsigned\": true, \"defaultTo\": null, \"notNullable\": false}], \"indexes\": [{\"name\": \"admin_users_created_by_id_fk\", \"columns\": [\"created_by_id\"]}, {\"name\": \"admin_users_updated_by_id_fk\", \"columns\": [\"updated_by_id\"]}], \"foreignKeys\": [{\"name\": \"admin_users_created_by_id_fk\", \"columns\": [\"created_by_id\"], \"onDelete\": \"SET NULL\", \"referencedTable\": \"admin_users\", \"referencedColumns\": [\"id\"]}, {\"name\": \"admin_users_updated_by_id_fk\", \"columns\": [\"updated_by_id\"], \"onDelete\": \"SET NULL\", \"referencedTable\": \"admin_users\", \"referencedColumns\": [\"id\"]}]}, {\"name\": \"admin_roles\", \"columns\": [{\"args\": [{\"primary\": true, \"primaryKey\": true}], \"name\": \"id\", \"type\": \"increments\", \"unsigned\": false, \"defaultTo\": null, \"notNullable\": true}, {\"args\": [], \"name\": \"name\", \"type\": \"string\", \"unsigned\": false, \"defaultTo\": null, \"notNullable\": false}, {\"args\": [], \"name\": \"code\", \"type\": \"string\", \"unsigned\": false, \"defaultTo\": null, \"notNullable\": false}, {\"args\": [], \"name\": \"description\", \"type\": \"string\", \"unsigned\": false, \"defaultTo\": null, \"notNullable\": false}, {\"args\": [{\"useTz\": false, \"precision\": 6}], \"name\": \"created_at\", \"type\": \"datetime\", \"unsigned\": false, \"defaultTo\": null, \"notNullable\": false}, {\"args\": [{\"useTz\": false, \"precision\": 6}], \"name\": \"updated_at\", \"type\": \"datetime\", \"unsigned\": false, \"defaultTo\": null, \"notNullable\": false}, {\"args\": [], \"name\": \"created_by_id\", \"type\": \"integer\", \"unsigned\": true, \"defaultTo\": null, \"notNullable\": false}, {\"args\": [], \"name\": \"updated_by_id\", \"type\": \"integer\", \"unsigned\": true, \"defaultTo\": null, \"notNullable\": false}], \"indexes\": [{\"name\": \"admin_roles_created_by_id_fk\", \"columns\": [\"created_by_id\"]}, {\"name\": \"admin_roles_updated_by_id_fk\", \"columns\": [\"updated_by_id\"]}], \"foreignKeys\": [{\"name\": \"admin_roles_created_by_id_fk\", \"columns\": [\"created_by_id\"], \"onDelete\": \"SET NULL\", \"referencedTable\": \"admin_users\", \"referencedColumns\": [\"id\"]}, {\"name\": \"admin_roles_updated_by_id_fk\", \"columns\": [\"updated_by_id\"], \"onDelete\": \"SET NULL\", \"referencedTable\": \"admin_users\", \"referencedColumns\": [\"id\"]}]}, {\"name\": \"strapi_api_tokens\", \"columns\": [{\"args\": [{\"primary\": true, \"primaryKey\": true}], \"name\": \"id\", \"type\": \"increments\", \"unsigned\": false, \"defaultTo\": null, \"notNullable\": true}, {\"args\": [], \"name\": \"name\", \"type\": \"string\", \"unsigned\": false, \"defaultTo\": null, \"notNullable\": false}, {\"args\": [], \"name\": \"description\", \"type\": \"string\", \"unsigned\": false, \"defaultTo\": null, \"notNullable\": false}, {\"args\": [], \"name\": \"type\", \"type\": \"string\", \"unsigned\": false, \"defaultTo\": null, \"notNullable\": false}, {\"args\": [], \"name\": \"access_key\", \"type\": \"string\", \"unsigned\": false, \"defaultTo\": null, \"notNullable\": false}, {\"args\": [{\"useTz\": false, \"precision\": 6}], \"name\": \"last_used_at\", \"type\": \"datetime\", \"unsigned\": false, \"defaultTo\": null, \"notNullable\": false}, {\"args\": [{\"useTz\": false, \"precision\": 6}], \"name\": \"expires_at\", \"type\": \"datetime\", \"unsigned\": false, \"defaultTo\": null, \"notNullable\": false}, {\"args\": [], \"name\": \"lifespan\", \"type\": \"bigInteger\", \"unsigned\": false, \"defaultTo\": null, \"notNullable\": false}, {\"args\": [{\"useTz\": false, \"precision\": 6}], \"name\": \"created_at\", \"type\": \"datetime\", \"unsigned\": false, \"defaultTo\": null, \"notNullable\": false}, {\"args\": [{\"useTz\": false, \"precision\": 6}], \"name\": \"updated_at\", \"type\": \"datetime\", \"unsigned\": false, \"defaultTo\": null, \"notNullable\": false}, {\"args\": [], \"name\": \"created_by_id\", \"type\": \"integer\", \"unsigned\": true, \"defaultTo\": null, \"notNullable\": false}, {\"args\": [], \"name\": \"updated_by_id\", \"type\": \"integer\", \"unsigned\": true, \"defaultTo\": null, \"notNullable\": false}], \"indexes\": [{\"name\": \"strapi_api_tokens_created_by_id_fk\", \"columns\": [\"created_by_id\"]}, {\"name\": \"strapi_api_tokens_updated_by_id_fk\", \"columns\": [\"updated_by_id\"]}], \"foreignKeys\": [{\"name\": \"strapi_api_tokens_created_by_id_fk\", \"columns\": [\"created_by_id\"], \"onDelete\": \"SET NULL\", \"referencedTable\": \"admin_users\", \"referencedColumns\": [\"id\"]}, {\"name\": \"strapi_api_tokens_updated_by_id_fk\", \"columns\": [\"updated_by_id\"], \"onDelete\": \"SET NULL\", \"referencedTable\": \"admin_users\", \"referencedColumns\": [\"id\"]}]}, {\"name\": \"strapi_api_token_permissions\", \"columns\": [{\"args\": [{\"primary\": true, \"primaryKey\": true}], \"name\": \"id\", \"type\": \"increments\", \"unsigned\": false, \"defaultTo\": null, \"notNullable\": true}, {\"args\": [], \"name\": \"action\", \"type\": \"string\", \"unsigned\": false, \"defaultTo\": null, \"notNullable\": false}, {\"args\": [{\"useTz\": false, \"precision\": 6}], \"name\": \"created_at\", \"type\": \"datetime\", \"unsigned\": false, \"defaultTo\": null, \"notNullable\": false}, {\"args\": [{\"useTz\": false, \"precision\": 6}], \"name\": \"updated_at\", \"type\": \"datetime\", \"unsigned\": false, \"defaultTo\": null, \"notNullable\": false}, {\"args\": [], \"name\": \"created_by_id\", \"type\": \"integer\", \"unsigned\": true, \"defaultTo\": null, \"notNullable\": false}, {\"args\": [], \"name\": \"updated_by_id\", \"type\": \"integer\", \"unsigned\": true, \"defaultTo\": null, \"notNullable\": false}], \"indexes\": [{\"name\": \"strapi_api_token_permissions_created_by_id_fk\", \"columns\": [\"created_by_id\"]}, {\"name\": \"strapi_api_token_permissions_updated_by_id_fk\", \"columns\": [\"updated_by_id\"]}], \"foreignKeys\": [{\"name\": \"strapi_api_token_permissions_created_by_id_fk\", \"columns\": [\"created_by_id\"], \"onDelete\": \"SET NULL\", \"referencedTable\": \"admin_users\", \"referencedColumns\": [\"id\"]}, {\"name\": \"strapi_api_token_permissions_updated_by_id_fk\", \"columns\": [\"updated_by_id\"], \"onDelete\": \"SET NULL\", \"referencedTable\": \"admin_users\", \"referencedColumns\": [\"id\"]}]}, {\"name\": \"strapi_transfer_tokens\", \"columns\": [{\"args\": [{\"primary\": true, \"primaryKey\": true}], \"name\": \"id\", \"type\": \"increments\", \"unsigned\": false, \"defaultTo\": null, \"notNullable\": true}, {\"args\": [], \"name\": \"name\", \"type\": \"string\", \"unsigned\": false, \"defaultTo\": null, \"notNullable\": false}, {\"args\": [], \"name\": \"description\", \"type\": \"string\", \"unsigned\": false, \"defaultTo\": null, \"notNullable\": false}, {\"args\": [], \"name\": \"access_key\", \"type\": \"string\", \"unsigned\": false, \"defaultTo\": null, \"notNullable\": false}, {\"args\": [{\"useTz\": false, \"precision\": 6}], \"name\": \"last_used_at\", \"type\": \"datetime\", \"unsigned\": false, \"defaultTo\": null, \"notNullable\": false}, {\"args\": [{\"useTz\": false, \"precision\": 6}], \"name\": \"expires_at\", \"type\": \"datetime\", \"unsigned\": false, \"defaultTo\": null, \"notNullable\": false}, {\"args\": [], \"name\": \"lifespan\", \"type\": \"bigInteger\", \"unsigned\": false, \"defaultTo\": null, \"notNullable\": false}, {\"args\": [{\"useTz\": false, \"precision\": 6}], \"name\": \"created_at\", \"type\": \"datetime\", \"unsigned\": false, \"defaultTo\": null, \"notNullable\": false}, {\"args\": [{\"useTz\": false, \"precision\": 6}], \"name\": \"updated_at\", \"type\": \"datetime\", \"unsigned\": false, \"defaultTo\": null, \"notNullable\": false}, {\"args\": [], \"name\": \"created_by_id\", \"type\": \"integer\", \"unsigned\": true, \"defaultTo\": null, \"notNullable\": false}, {\"args\": [], \"name\": \"updated_by_id\", \"type\": \"integer\", \"unsigned\": true, \"defaultTo\": null, \"notNullable\": false}], \"indexes\": [{\"name\": \"strapi_transfer_tokens_created_by_id_fk\", \"columns\": [\"created_by_id\"]}, {\"name\": \"strapi_transfer_tokens_updated_by_id_fk\", \"columns\": [\"updated_by_id\"]}], \"foreignKeys\": [{\"name\": \"strapi_transfer_tokens_created_by_id_fk\", \"columns\": [\"created_by_id\"], \"onDelete\": \"SET NULL\", \"referencedTable\": \"admin_users\", \"referencedColumns\": [\"id\"]}, {\"name\": \"strapi_transfer_tokens_updated_by_id_fk\", \"columns\": [\"updated_by_id\"], \"onDelete\": \"SET NULL\", \"referencedTable\": \"admin_users\", \"referencedColumns\": [\"id\"]}]}, {\"name\": \"strapi_transfer_token_permissions\", \"columns\": [{\"args\": [{\"primary\": true, \"primaryKey\": true}], \"name\": \"id\", \"type\": \"increments\", \"unsigned\": false, \"defaultTo\": null, \"notNullable\": true}, {\"args\": [], \"name\": \"action\", \"type\": \"string\", \"unsigned\": false, \"defaultTo\": null, \"notNullable\": false}, {\"args\": [{\"useTz\": false, \"precision\": 6}], \"name\": \"created_at\", \"type\": \"datetime\", \"unsigned\": false, \"defaultTo\": null, \"notNullable\": false}, {\"args\": [{\"useTz\": false, \"precision\": 6}], \"name\": \"updated_at\", \"type\": \"datetime\", \"unsigned\": false, \"defaultTo\": null, \"notNullable\": false}, {\"args\": [], \"name\": \"created_by_id\", \"type\": \"integer\", \"unsigned\": true, \"defaultTo\": null, \"notNullable\": false}, {\"args\": [], \"name\": \"updated_by_id\", \"type\": \"integer\", \"unsigned\": true, \"defaultTo\": null, \"notNullable\": false}], \"indexes\": [{\"name\": \"strapi_transfer_token_permissions_created_by_id_fk\", \"columns\": [\"created_by_id\"]}, {\"name\": \"strapi_transfer_token_permissions_updated_by_id_fk\", \"columns\": [\"updated_by_id\"]}], \"foreignKeys\": [{\"name\": \"strapi_transfer_token_permissions_created_by_id_fk\", \"columns\": [\"created_by_id\"], \"onDelete\": \"SET NULL\", \"referencedTable\": \"admin_users\", \"referencedColumns\": [\"id\"]}, {\"name\": \"strapi_transfer_token_permissions_updated_by_id_fk\", \"columns\": [\"updated_by_id\"], \"onDelete\": \"SET NULL\", \"referencedTable\": \"admin_users\", \"referencedColumns\": [\"id\"]}]}, {\"name\": \"files\", \"columns\": [{\"args\": [{\"primary\": true, \"primaryKey\": true}], \"name\": \"id\", \"type\": \"increments\", \"unsigned\": false, \"defaultTo\": null, \"notNullable\": true}, {\"args\": [], \"name\": \"name\", \"type\": \"string\", \"unsigned\": false, \"defaultTo\": null, \"notNullable\": false}, {\"args\": [], \"name\": \"alternative_text\", \"type\": \"string\", \"unsigned\": false, \"defaultTo\": null, \"notNullable\": false}, {\"args\": [], \"name\": \"caption\", \"type\": \"string\", \"unsigned\": false, \"defaultTo\": null, \"notNullable\": false}, {\"args\": [], \"name\": \"width\", \"type\": \"integer\", \"unsigned\": false, \"defaultTo\": null, \"notNullable\": false}, {\"args\": [], \"name\": \"height\", \"type\": \"integer\", \"unsigned\": false, \"defaultTo\": null, \"notNullable\": false}, {\"args\": [], \"name\": \"formats\", \"type\": \"jsonb\", \"unsigned\": false, \"defaultTo\": null, \"notNullable\": false}, {\"args\": [], \"name\": \"hash\", \"type\": \"string\", \"unsigned\": false, \"defaultTo\": null, \"notNullable\": false}, {\"args\": [], \"name\": \"ext\", \"type\": \"string\", \"unsigned\": false, \"defaultTo\": null, \"notNullable\": false}, {\"args\": [], \"name\": \"mime\", \"type\": \"string\", \"unsigned\": false, \"defaultTo\": null, \"notNullable\": false}, {\"args\": [10, 2], \"name\": \"size\", \"type\": \"decimal\", \"unsigned\": false, \"defaultTo\": null, \"notNullable\": false}, {\"args\": [], \"name\": \"url\", \"type\": \"string\", \"unsigned\": false, \"defaultTo\": null, \"notNullable\": false}, {\"args\": [], \"name\": \"preview_url\", \"type\": \"string\", \"unsigned\": false, \"defaultTo\": null, \"notNullable\": false}, {\"args\": [], \"name\": \"provider\", \"type\": \"string\", \"unsigned\": false, \"defaultTo\": null, \"notNullable\": false}, {\"args\": [], \"name\": \"provider_metadata\", \"type\": \"jsonb\", \"unsigned\": false, \"defaultTo\": null, \"notNullable\": false}, {\"args\": [], \"name\": \"folder_path\", \"type\": \"string\", \"unsigned\": false, \"defaultTo\": null, \"notNullable\": false}, {\"args\": [{\"useTz\": false, \"precision\": 6}], \"name\": \"created_at\", \"type\": \"datetime\", \"unsigned\": false, \"defaultTo\": null, \"notNullable\": false}, {\"args\": [{\"useTz\": false, \"precision\": 6}], \"name\": \"updated_at\", \"type\": \"datetime\", \"unsigned\": false, \"defaultTo\": null, \"notNullable\": false}, {\"args\": [], \"name\": \"created_by_id\", \"type\": \"integer\", \"unsigned\": true, \"defaultTo\": null, \"notNullable\": false}, {\"args\": [], \"name\": \"updated_by_id\", \"type\": \"integer\", \"unsigned\": true, \"defaultTo\": null, \"notNullable\": false}], \"indexes\": [{\"name\": \"upload_files_folder_path_index\", \"type\": null, \"columns\": [\"folder_path\"]}, {\"name\": \"upload_files_created_at_index\", \"type\": null, \"columns\": [\"created_at\"]}, {\"name\": \"upload_files_updated_at_index\", \"type\": null, \"columns\": [\"updated_at\"]}, {\"name\": \"upload_files_name_index\", \"type\": null, \"columns\": [\"name\"]}, {\"name\": \"upload_files_size_index\", \"type\": null, \"columns\": [\"size\"]}, {\"name\": \"upload_files_ext_index\", \"type\": null, \"columns\": [\"ext\"]}, {\"name\": \"files_created_by_id_fk\", \"columns\": [\"created_by_id\"]}, {\"name\": \"files_updated_by_id_fk\", \"columns\": [\"updated_by_id\"]}], \"foreignKeys\": [{\"name\": \"files_created_by_id_fk\", \"columns\": [\"created_by_id\"], \"onDelete\": \"SET NULL\", \"referencedTable\": \"admin_users\", \"referencedColumns\": [\"id\"]}, {\"name\": \"files_updated_by_id_fk\", \"columns\": [\"updated_by_id\"], \"onDelete\": \"SET NULL\", \"referencedTable\": \"admin_users\", \"referencedColumns\": [\"id\"]}]}, {\"name\": \"upload_folders\", \"columns\": [{\"args\": [{\"primary\": true, \"primaryKey\": true}], \"name\": \"id\", \"type\": \"increments\", \"unsigned\": false, \"defaultTo\": null, \"notNullable\": true}, {\"args\": [], \"name\": \"name\", \"type\": \"string\", \"unsigned\": false, \"defaultTo\": null, \"notNullable\": false}, {\"args\": [], \"name\": \"path_id\", \"type\": \"integer\", \"unsigned\": false, \"defaultTo\": null, \"notNullable\": false}, {\"args\": [], \"name\": \"path\", \"type\": \"string\", \"unsigned\": false, \"defaultTo\": null, \"notNullable\": false}, {\"args\": [{\"useTz\": false, \"precision\": 6}], \"name\": \"created_at\", \"type\": \"datetime\", \"unsigned\": false, \"defaultTo\": null, \"notNullable\": false}, {\"args\": [{\"useTz\": false, \"precision\": 6}], \"name\": \"updated_at\", \"type\": \"datetime\", \"unsigned\": false, \"defaultTo\": null, \"notNullable\": false}, {\"args\": [], \"name\": \"created_by_id\", \"type\": \"integer\", \"unsigned\": true, \"defaultTo\": null, \"notNullable\": false}, {\"args\": [], \"name\": \"updated_by_id\", \"type\": \"integer\", \"unsigned\": true, \"defaultTo\": null, \"notNullable\": false}], \"indexes\": [{\"name\": \"upload_folders_path_id_index\", \"type\": \"unique\", \"columns\": [\"path_id\"]}, {\"name\": \"upload_folders_path_index\", \"type\": \"unique\", \"columns\": [\"path\"]}, {\"name\": \"upload_folders_created_by_id_fk\", \"columns\": [\"created_by_id\"]}, {\"name\": \"upload_folders_updated_by_id_fk\", \"columns\": [\"updated_by_id\"]}], \"foreignKeys\": [{\"name\": \"upload_folders_created_by_id_fk\", \"columns\": [\"created_by_id\"], \"onDelete\": \"SET NULL\", \"referencedTable\": \"admin_users\", \"referencedColumns\": [\"id\"]}, {\"name\": \"upload_folders_updated_by_id_fk\", \"columns\": [\"updated_by_id\"], \"onDelete\": \"SET NULL\", \"referencedTable\": \"admin_users\", \"referencedColumns\": [\"id\"]}]}, {\"name\": \"strapi_releases\", \"columns\": [{\"args\": [{\"primary\": true, \"primaryKey\": true}], \"name\": \"id\", \"type\": \"increments\", \"unsigned\": false, \"defaultTo\": null, \"notNullable\": true}, {\"args\": [], \"name\": \"name\", \"type\": \"string\", \"unsigned\": false, \"defaultTo\": null, \"notNullable\": false}, {\"args\": [{\"useTz\": false, \"precision\": 6}], \"name\": \"released_at\", \"type\": \"datetime\", \"unsigned\": false, \"defaultTo\": null, \"notNullable\": false}, {\"args\": [{\"useTz\": false, \"precision\": 6}], \"name\": \"scheduled_at\", \"type\": \"datetime\", \"unsigned\": false, \"defaultTo\": null, \"notNullable\": false}, {\"args\": [], \"name\": \"timezone\", \"type\": \"string\", \"unsigned\": false, \"defaultTo\": null, \"notNullable\": false}, {\"args\": [], \"name\": \"status\", \"type\": \"string\", \"unsigned\": false, \"defaultTo\": null, \"notNullable\": false}, {\"args\": [{\"useTz\": false, \"precision\": 6}], \"name\": \"created_at\", \"type\": \"datetime\", \"unsigned\": false, \"defaultTo\": null, \"notNullable\": false}, {\"args\": [{\"useTz\": false, \"precision\": 6}], \"name\": \"updated_at\", \"type\": \"datetime\", \"unsigned\": false, \"defaultTo\": null, \"notNullable\": false}, {\"args\": [], \"name\": \"created_by_id\", \"type\": \"integer\", \"unsigned\": true, \"defaultTo\": null, \"notNullable\": false}, {\"args\": [], \"name\": \"updated_by_id\", \"type\": \"integer\", \"unsigned\": true, \"defaultTo\": null, \"notNullable\": false}], \"indexes\": [{\"name\": \"strapi_releases_created_by_id_fk\", \"columns\": [\"created_by_id\"]}, {\"name\": \"strapi_releases_updated_by_id_fk\", \"columns\": [\"updated_by_id\"]}], \"foreignKeys\": [{\"name\": \"strapi_releases_created_by_id_fk\", \"columns\": [\"created_by_id\"], \"onDelete\": \"SET NULL\", \"referencedTable\": \"admin_users\", \"referencedColumns\": [\"id\"]}, {\"name\": \"strapi_releases_updated_by_id_fk\", \"columns\": [\"updated_by_id\"], \"onDelete\": \"SET NULL\", \"referencedTable\": \"admin_users\", \"referencedColumns\": [\"id\"]}]}, {\"name\": \"strapi_release_actions\", \"columns\": [{\"args\": [{\"primary\": true, \"primaryKey\": true}], \"name\": \"id\", \"type\": \"increments\", \"unsigned\": false, \"defaultTo\": null, \"notNullable\": true}, {\"args\": [], \"name\": \"type\", \"type\": \"string\", \"unsigned\": false, \"defaultTo\": null, \"notNullable\": false}, {\"args\": [], \"name\": \"target_id\", \"type\": \"integer\", \"unsigned\": true, \"defaultTo\": null, \"notNullable\": false}, {\"args\": [], \"name\": \"target_type\", \"type\": \"string\", \"unsigned\": false, \"defaultTo\": null, \"notNullable\": false}, {\"args\": [], \"name\": \"content_type\", \"type\": \"string\", \"unsigned\": false, \"defaultTo\": null, \"notNullable\": false}, {\"args\": [], \"name\": \"locale\", \"type\": \"string\", \"unsigned\": false, \"defaultTo\": null, \"notNullable\": false}, {\"args\": [], \"name\": \"is_entry_valid\", \"type\": \"boolean\", \"unsigned\": false, \"defaultTo\": null, \"notNullable\": false}, {\"args\": [{\"useTz\": false, \"precision\": 6}], \"name\": \"created_at\", \"type\": \"datetime\", \"unsigned\": false, \"defaultTo\": null, \"notNullable\": false}, {\"args\": [{\"useTz\": false, \"precision\": 6}], \"name\": \"updated_at\", \"type\": \"datetime\", \"unsigned\": false, \"defaultTo\": null, \"notNullable\": false}, {\"args\": [], \"name\": \"created_by_id\", \"type\": \"integer\", \"unsigned\": true, \"defaultTo\": null, \"notNullable\": false}, {\"args\": [], \"name\": \"updated_by_id\", \"type\": \"integer\", \"unsigned\": true, \"defaultTo\": null, \"notNullable\": false}], \"indexes\": [{\"name\": \"strapi_release_actions_created_by_id_fk\", \"columns\": [\"created_by_id\"]}, {\"name\": \"strapi_release_actions_updated_by_id_fk\", \"columns\": [\"updated_by_id\"]}], \"foreignKeys\": [{\"name\": \"strapi_release_actions_created_by_id_fk\", \"columns\": [\"created_by_id\"], \"onDelete\": \"SET NULL\", \"referencedTable\": \"admin_users\", \"referencedColumns\": [\"id\"]}, {\"name\": \"strapi_release_actions_updated_by_id_fk\", \"columns\": [\"updated_by_id\"], \"onDelete\": \"SET NULL\", \"referencedTable\": \"admin_users\", \"referencedColumns\": [\"id\"]}]}, {\"name\": \"i18n_locale\", \"columns\": [{\"args\": [{\"primary\": true, \"primaryKey\": true}], \"name\": \"id\", \"type\": \"increments\", \"unsigned\": false, \"defaultTo\": null, \"notNullable\": true}, {\"args\": [], \"name\": \"name\", \"type\": \"string\", \"unsigned\": false, \"defaultTo\": null, \"notNullable\": false}, {\"args\": [], \"name\": \"code\", \"type\": \"string\", \"unsigned\": false, \"defaultTo\": null, \"notNullable\": false}, {\"args\": [{\"useTz\": false, \"precision\": 6}], \"name\": \"created_at\", \"type\": \"datetime\", \"unsigned\": false, \"defaultTo\": null, \"notNullable\": false}, {\"args\": [{\"useTz\": false, \"precision\": 6}], \"name\": \"updated_at\", \"type\": \"datetime\", \"unsigned\": false, \"defaultTo\": null, \"notNullable\": false}, {\"args\": [], \"name\": \"created_by_id\", \"type\": \"integer\", \"unsigned\": true, \"defaultTo\": null, \"notNullable\": false}, {\"args\": [], \"name\": \"updated_by_id\", \"type\": \"integer\", \"unsigned\": true, \"defaultTo\": null, \"notNullable\": false}], \"indexes\": [{\"name\": \"i18n_locale_created_by_id_fk\", \"columns\": [\"created_by_id\"]}, {\"name\": \"i18n_locale_updated_by_id_fk\", \"columns\": [\"updated_by_id\"]}], \"foreignKeys\": [{\"name\": \"i18n_locale_created_by_id_fk\", \"columns\": [\"created_by_id\"], \"onDelete\": \"SET NULL\", \"referencedTable\": \"admin_users\", \"referencedColumns\": [\"id\"]}, {\"name\": \"i18n_locale_updated_by_id_fk\", \"columns\": [\"updated_by_id\"], \"onDelete\": \"SET NULL\", \"referencedTable\": \"admin_users\", \"referencedColumns\": [\"id\"]}]}, {\"name\": \"up_permissions\", \"columns\": [{\"args\": [{\"primary\": true, \"primaryKey\": true}], \"name\": \"id\", \"type\": \"increments\", \"unsigned\": false, \"defaultTo\": null, \"notNullable\": true}, {\"args\": [], \"name\": \"action\", \"type\": \"string\", \"unsigned\": false, \"defaultTo\": null, \"notNullable\": false}, {\"args\": [{\"useTz\": false, \"precision\": 6}], \"name\": \"created_at\", \"type\": \"datetime\", \"unsigned\": false, \"defaultTo\": null, \"notNullable\": false}, {\"args\": [{\"useTz\": false, \"precision\": 6}], \"name\": \"updated_at\", \"type\": \"datetime\", \"unsigned\": false, \"defaultTo\": null, \"notNullable\": false}, {\"args\": [], \"name\": \"created_by_id\", \"type\": \"integer\", \"unsigned\": true, \"defaultTo\": null, \"notNullable\": false}, {\"args\": [], \"name\": \"updated_by_id\", \"type\": \"integer\", \"unsigned\": true, \"defaultTo\": null, \"notNullable\": false}], \"indexes\": [{\"name\": \"up_permissions_created_by_id_fk\", \"columns\": [\"created_by_id\"]}, {\"name\": \"up_permissions_updated_by_id_fk\", \"columns\": [\"updated_by_id\"]}], \"foreignKeys\": [{\"name\": \"up_permissions_created_by_id_fk\", \"columns\": [\"created_by_id\"], \"onDelete\": \"SET NULL\", \"referencedTable\": \"admin_users\", \"referencedColumns\": [\"id\"]}, {\"name\": \"up_permissions_updated_by_id_fk\", \"columns\": [\"updated_by_id\"], \"onDelete\": \"SET NULL\", \"referencedTable\": \"admin_users\", \"referencedColumns\": [\"id\"]}]}, {\"name\": \"up_roles\", \"columns\": [{\"args\": [{\"primary\": true, \"primaryKey\": true}], \"name\": \"id\", \"type\": \"increments\", \"unsigned\": false, \"defaultTo\": null, \"notNullable\": true}, {\"args\": [], \"name\": \"name\", \"type\": \"string\", \"unsigned\": false, \"defaultTo\": null, \"notNullable\": false}, {\"args\": [], \"name\": \"description\", \"type\": \"string\", \"unsigned\": false, \"defaultTo\": null, \"notNullable\": false}, {\"args\": [], \"name\": \"type\", \"type\": \"string\", \"unsigned\": false, \"defaultTo\": null, \"notNullable\": false}, {\"args\": [{\"useTz\": false, \"precision\": 6}], \"name\": \"created_at\", \"type\": \"datetime\", \"unsigned\": false, \"defaultTo\": null, \"notNullable\": false}, {\"args\": [{\"useTz\": false, \"precision\": 6}], \"name\": \"updated_at\", \"type\": \"datetime\", \"unsigned\": false, \"defaultTo\": null, \"notNullable\": false}, {\"args\": [], \"name\": \"created_by_id\", \"type\": \"integer\", \"unsigned\": true, \"defaultTo\": null, \"notNullable\": false}, {\"args\": [], \"name\": \"updated_by_id\", \"type\": \"integer\", \"unsigned\": true, \"defaultTo\": null, \"notNullable\": false}], \"indexes\": [{\"name\": \"up_roles_created_by_id_fk\", \"columns\": [\"created_by_id\"]}, {\"name\": \"up_roles_updated_by_id_fk\", \"columns\": [\"updated_by_id\"]}], \"foreignKeys\": [{\"name\": \"up_roles_created_by_id_fk\", \"columns\": [\"created_by_id\"], \"onDelete\": \"SET NULL\", \"referencedTable\": \"admin_users\", \"referencedColumns\": [\"id\"]}, {\"name\": \"up_roles_updated_by_id_fk\", \"columns\": [\"updated_by_id\"], \"onDelete\": \"SET NULL\", \"referencedTable\": \"admin_users\", \"referencedColumns\": [\"id\"]}]}, {\"name\": \"up_users\", \"columns\": [{\"args\": [{\"primary\": true, \"primaryKey\": true}], \"name\": \"id\", \"type\": \"increments\", \"unsigned\": false, \"defaultTo\": null, \"notNullable\": true}, {\"args\": [], \"name\": \"username\", \"type\": \"string\", \"unsigned\": false, \"defaultTo\": null, \"notNullable\": false}, {\"args\": [], \"name\": \"email\", \"type\": \"string\", \"unsigned\": false, \"defaultTo\": null, \"notNullable\": false}, {\"args\": [], \"name\": \"provider\", \"type\": \"string\", \"unsigned\": false, \"defaultTo\": null, \"notNullable\": false}, {\"args\": [], \"name\": \"reset_password_token\", \"type\": \"string\", \"unsigned\": false, \"defaultTo\": null, \"notNullable\": false}, {\"args\": [], \"name\": \"confirmation_token\", \"type\": \"string\", \"unsigned\": false, \"defaultTo\": null, \"notNullable\": false}, {\"args\": [], \"name\": \"confirmed\", \"type\": \"boolean\", \"unsigned\": false, \"defaultTo\": null, \"notNullable\": false}, {\"args\": [], \"name\": \"blocked\", \"type\": \"boolean\", \"unsigned\": false, \"defaultTo\": null, \"notNullable\": false}, {\"args\": [], \"name\": \"password\", \"type\": \"string\", \"unsigned\": false, \"defaultTo\": null, \"notNullable\": false}, {\"args\": [], \"name\": \"nombre\", \"type\": \"string\", \"unsigned\": false, \"defaultTo\": null, \"notNullable\": false}, {\"args\": [], \"name\": \"apellido\", \"type\": \"string\", \"unsigned\": false, \"defaultTo\": null, \"notNullable\": false}, {\"args\": [], \"name\": \"fecha_nacimiento\", \"type\": \"date\", \"unsigned\": false, \"defaultTo\": null, \"notNullable\": false}, {\"args\": [], \"name\": \"telefono\", \"type\": \"string\", \"unsigned\": false, \"defaultTo\": null, \"notNullable\": false}, {\"args\": [], \"name\": \"rtn\", \"type\": \"string\", \"unsigned\": false, \"defaultTo\": null, \"notNullable\": false}, {\"args\": [], \"name\": \"jurado\", \"type\": \"boolean\", \"unsigned\": false, \"defaultTo\": null, \"notNullable\": false}, {\"args\": [{\"useTz\": false, \"precision\": 6}], \"name\": \"created_at\", \"type\": \"datetime\", \"unsigned\": false, \"defaultTo\": null, \"notNullable\": false}, {\"args\": [{\"useTz\": false, \"precision\": 6}], \"name\": \"updated_at\", \"type\": \"datetime\", \"unsigned\": false, \"defaultTo\": null, \"notNullable\": false}, {\"args\": [], \"name\": \"created_by_id\", \"type\": \"integer\", \"unsigned\": true, \"defaultTo\": null, \"notNullable\": false}, {\"args\": [], \"name\": \"updated_by_id\", \"type\": \"integer\", \"unsigned\": true, \"defaultTo\": null, \"notNullable\": false}], \"indexes\": [{\"name\": \"up_users_created_by_id_fk\", \"columns\": [\"created_by_id\"]}, {\"name\": \"up_users_updated_by_id_fk\", \"columns\": [\"updated_by_id\"]}], \"foreignKeys\": [{\"name\": \"up_users_created_by_id_fk\", \"columns\": [\"created_by_id\"], \"onDelete\": \"SET NULL\", \"referencedTable\": \"admin_users\", \"referencedColumns\": [\"id\"]}, {\"name\": \"up_users_updated_by_id_fk\", \"columns\": [\"updated_by_id\"], \"onDelete\": \"SET NULL\", \"referencedTable\": \"admin_users\", \"referencedColumns\": [\"id\"]}]}, {\"name\": \"categorias\", \"columns\": [{\"args\": [{\"primary\": true, \"primaryKey\": true}], \"name\": \"id\", \"type\": \"increments\", \"unsigned\": false, \"defaultTo\": null, \"notNullable\": true}, {\"args\": [], \"name\": \"nombre\", \"type\": \"string\", \"unsigned\": false, \"defaultTo\": null, \"notNullable\": false}, {\"args\": [], \"name\": \"descripcion\", \"type\": \"string\", \"unsigned\": false, \"defaultTo\": null, \"notNullable\": false}, {\"args\": [{\"useTz\": false, \"precision\": 6}], \"name\": \"created_at\", \"type\": \"datetime\", \"unsigned\": false, \"defaultTo\": null, \"notNullable\": false}, {\"args\": [{\"useTz\": false, \"precision\": 6}], \"name\": \"updated_at\", \"type\": \"datetime\", \"unsigned\": false, \"defaultTo\": null, \"notNullable\": false}, {\"args\": [], \"name\": \"created_by_id\", \"type\": \"integer\", \"unsigned\": true, \"defaultTo\": null, \"notNullable\": false}, {\"args\": [], \"name\": \"updated_by_id\", \"type\": \"integer\", \"unsigned\": true, \"defaultTo\": null, \"notNullable\": false}], \"indexes\": [{\"name\": \"categorias_created_by_id_fk\", \"columns\": [\"created_by_id\"]}, {\"name\": \"categorias_updated_by_id_fk\", \"columns\": [\"updated_by_id\"]}], \"foreignKeys\": [{\"name\": \"categorias_created_by_id_fk\", \"columns\": [\"created_by_id\"], \"onDelete\": \"SET NULL\", \"referencedTable\": \"admin_users\", \"referencedColumns\": [\"id\"]}, {\"name\": \"categorias_updated_by_id_fk\", \"columns\": [\"updated_by_id\"], \"onDelete\": \"SET NULL\", \"referencedTable\": \"admin_users\", \"referencedColumns\": [\"id\"]}]}, {\"name\": \"compras\", \"columns\": [{\"args\": [{\"primary\": true, \"primaryKey\": true}], \"name\": \"id\", \"type\": \"increments\", \"unsigned\": false, \"defaultTo\": null, \"notNullable\": true}, {\"args\": [], \"name\": \"no_factura\", \"type\": \"integer\", \"unsigned\": false, \"defaultTo\": null, \"notNullable\": false}, {\"args\": [], \"name\": \"metodo_pago\", \"type\": \"string\", \"unsigned\": false, \"defaultTo\": null, \"notNullable\": false}, {\"args\": [{\"useTz\": false, \"precision\": 6}], \"name\": \"created_at\", \"type\": \"datetime\", \"unsigned\": false, \"defaultTo\": null, \"notNullable\": false}, {\"args\": [{\"useTz\": false, \"precision\": 6}], \"name\": \"updated_at\", \"type\": \"datetime\", \"unsigned\": false, \"defaultTo\": null, \"notNullable\": false}, {\"args\": [], \"name\": \"created_by_id\", \"type\": \"integer\", \"unsigned\": true, \"defaultTo\": null, \"notNullable\": false}, {\"args\": [], \"name\": \"updated_by_id\", \"type\": \"integer\", \"unsigned\": true, \"defaultTo\": null, \"notNullable\": false}], \"indexes\": [{\"name\": \"compras_created_by_id_fk\", \"columns\": [\"created_by_id\"]}, {\"name\": \"compras_updated_by_id_fk\", \"columns\": [\"updated_by_id\"]}], \"foreignKeys\": [{\"name\": \"compras_created_by_id_fk\", \"columns\": [\"created_by_id\"], \"onDelete\": \"SET NULL\", \"referencedTable\": \"admin_users\", \"referencedColumns\": [\"id\"]}, {\"name\": \"compras_updated_by_id_fk\", \"columns\": [\"updated_by_id\"], \"onDelete\": \"SET NULL\", \"referencedTable\": \"admin_users\", \"referencedColumns\": [\"id\"]}]}, {\"name\": \"correlativos\", \"columns\": [{\"args\": [{\"primary\": true, \"primaryKey\": true}], \"name\": \"id\", \"type\": \"increments\", \"unsigned\": false, \"defaultTo\": null, \"notNullable\": true}, {\"args\": [], \"name\": \"no_factura\", \"type\": \"integer\", \"unsigned\": false, \"defaultTo\": null, \"notNullable\": false}, {\"args\": [{\"useTz\": false, \"precision\": 6}], \"name\": \"created_at\", \"type\": \"datetime\", \"unsigned\": false, \"defaultTo\": null, \"notNullable\": false}, {\"args\": [{\"useTz\": false, \"precision\": 6}], \"name\": \"updated_at\", \"type\": \"datetime\", \"unsigned\": false, \"defaultTo\": null, \"notNullable\": false}, {\"args\": [], \"name\": \"created_by_id\", \"type\": \"integer\", \"unsigned\": true, \"defaultTo\": null, \"notNullable\": false}, {\"args\": [], \"name\": \"updated_by_id\", \"type\": \"integer\", \"unsigned\": true, \"defaultTo\": null, \"notNullable\": false}], \"indexes\": [{\"name\": \"correlativos_created_by_id_fk\", \"columns\": [\"created_by_id\"]}, {\"name\": \"correlativos_updated_by_id_fk\", \"columns\": [\"updated_by_id\"]}], \"foreignKeys\": [{\"name\": \"correlativos_created_by_id_fk\", \"columns\": [\"created_by_id\"], \"onDelete\": \"SET NULL\", \"referencedTable\": \"admin_users\", \"referencedColumns\": [\"id\"]}, {\"name\": \"correlativos_updated_by_id_fk\", \"columns\": [\"updated_by_id\"], \"onDelete\": \"SET NULL\", \"referencedTable\": \"admin_users\", \"referencedColumns\": [\"id\"]}]}, {\"name\": \"cupons\", \"columns\": [{\"args\": [{\"primary\": true, \"primaryKey\": true}], \"name\": \"id\", \"type\": \"increments\", \"unsigned\": false, \"defaultTo\": null, \"notNullable\": true}, {\"args\": [], \"name\": \"descripcion\", \"type\": \"string\", \"unsigned\": false, \"defaultTo\": null, \"notNullable\": false}, {\"args\": [], \"name\": \"descuento\", \"type\": \"integer\", \"unsigned\": false, \"defaultTo\": null, \"notNullable\": false}, {\"args\": [], \"name\": \"codigo\", \"type\": \"string\", \"unique\": true, \"unsigned\": false, \"defaultTo\": null, \"notNullable\": false}, {\"args\": [], \"name\": \"fecha_limite\", \"type\": \"date\", \"unsigned\": false, \"defaultTo\": null, \"notNullable\": false}, {\"args\": [{\"useTz\": false, \"precision\": 6}], \"name\": \"created_at\", \"type\": \"datetime\", \"unsigned\": false, \"defaultTo\": null, \"notNullable\": false}, {\"args\": [{\"useTz\": false, \"precision\": 6}], \"name\": \"updated_at\", \"type\": \"datetime\", \"unsigned\": false, \"defaultTo\": null, \"notNullable\": false}, {\"args\": [{\"useTz\": false, \"precision\": 6}], \"name\": \"published_at\", \"type\": \"datetime\", \"unsigned\": false, \"defaultTo\": null, \"notNullable\": false}, {\"args\": [], \"name\": \"created_by_id\", \"type\": \"integer\", \"unsigned\": true, \"defaultTo\": null, \"notNullable\": false}, {\"args\": [], \"name\": \"updated_by_id\", \"type\": \"integer\", \"unsigned\": true, \"defaultTo\": null, \"notNullable\": false}], \"indexes\": [{\"name\": \"cupons_codigo_unique\", \"type\": \"unique\", \"columns\": [\"codigo\"]}, {\"name\": \"cupons_created_by_id_fk\", \"columns\": [\"created_by_id\"]}, {\"name\": \"cupons_updated_by_id_fk\", \"columns\": [\"updated_by_id\"]}], \"foreignKeys\": [{\"name\": \"cupons_created_by_id_fk\", \"columns\": [\"created_by_id\"], \"onDelete\": \"SET NULL\", \"referencedTable\": \"admin_users\", \"referencedColumns\": [\"id\"]}, {\"name\": \"cupons_updated_by_id_fk\", \"columns\": [\"updated_by_id\"], \"onDelete\": \"SET NULL\", \"referencedTable\": \"admin_users\", \"referencedColumns\": [\"id\"]}]}, {\"name\": \"danados\", \"columns\": [{\"args\": [{\"primary\": true, \"primaryKey\": true}], \"name\": \"id\", \"type\": \"increments\", \"unsigned\": false, \"defaultTo\": null, \"notNullable\": true}, {\"args\": [], \"name\": \"estado\", \"type\": \"string\", \"unsigned\": false, \"defaultTo\": null, \"notNullable\": false}, {\"args\": [], \"name\": \"motivo\", \"type\": \"string\", \"unsigned\": false, \"defaultTo\": null, \"notNullable\": false}, {\"args\": [], \"name\": \"cantidad\", \"type\": \"integer\", \"unsigned\": false, \"defaultTo\": null, \"notNullable\": false}, {\"args\": [{\"useTz\": false, \"precision\": 6}], \"name\": \"created_at\", \"type\": \"datetime\", \"unsigned\": false, \"defaultTo\": null, \"notNullable\": false}, {\"args\": [{\"useTz\": false, \"precision\": 6}], \"name\": \"updated_at\", \"type\": \"datetime\", \"unsigned\": false, \"defaultTo\": null, \"notNullable\": false}, {\"args\": [], \"name\": \"created_by_id\", \"type\": \"integer\", \"unsigned\": true, \"defaultTo\": null, \"notNullable\": false}, {\"args\": [], \"name\": \"updated_by_id\", \"type\": \"integer\", \"unsigned\": true, \"defaultTo\": null, \"notNullable\": false}], \"indexes\": [{\"name\": \"danados_created_by_id_fk\", \"columns\": [\"created_by_id\"]}, {\"name\": \"danados_updated_by_id_fk\", \"columns\": [\"updated_by_id\"]}], \"foreignKeys\": [{\"name\": \"danados_created_by_id_fk\", \"columns\": [\"created_by_id\"], \"onDelete\": \"SET NULL\", \"referencedTable\": \"admin_users\", \"referencedColumns\": [\"id\"]}, {\"name\": \"danados_updated_by_id_fk\", \"columns\": [\"updated_by_id\"], \"onDelete\": \"SET NULL\", \"referencedTable\": \"admin_users\", \"referencedColumns\": [\"id\"]}]}, {\"name\": \"devolucions\", \"columns\": [{\"args\": [{\"primary\": true, \"primaryKey\": true}], \"name\": \"id\", \"type\": \"increments\", \"unsigned\": false, \"defaultTo\": null, \"notNullable\": true}, {\"args\": [], \"name\": \"estado\", \"type\": \"string\", \"unsigned\": false, \"defaultTo\": null, \"notNullable\": false}, {\"args\": [{\"useTz\": false, \"precision\": 6}], \"name\": \"created_at\", \"type\": \"datetime\", \"unsigned\": false, \"defaultTo\": null, \"notNullable\": false}, {\"args\": [{\"useTz\": false, \"precision\": 6}], \"name\": \"updated_at\", \"type\": \"datetime\", \"unsigned\": false, \"defaultTo\": null, \"notNullable\": false}, {\"args\": [], \"name\": \"created_by_id\", \"type\": \"integer\", \"unsigned\": true, \"defaultTo\": null, \"notNullable\": false}, {\"args\": [], \"name\": \"updated_by_id\", \"type\": \"integer\", \"unsigned\": true, \"defaultTo\": null, \"notNullable\": false}], \"indexes\": [{\"name\": \"devolucions_created_by_id_fk\", \"columns\": [\"created_by_id\"]}, {\"name\": \"devolucions_updated_by_id_fk\", \"columns\": [\"updated_by_id\"]}], \"foreignKeys\": [{\"name\": \"devolucions_created_by_id_fk\", \"columns\": [\"created_by_id\"], \"onDelete\": \"SET NULL\", \"referencedTable\": \"admin_users\", \"referencedColumns\": [\"id\"]}, {\"name\": \"devolucions_updated_by_id_fk\", \"columns\": [\"updated_by_id\"], \"onDelete\": \"SET NULL\", \"referencedTable\": \"admin_users\", \"referencedColumns\": [\"id\"]}]}, {\"name\": \"empresas\", \"columns\": [{\"args\": [{\"primary\": true, \"primaryKey\": true}], \"name\": \"id\", \"type\": \"increments\", \"unsigned\": false, \"defaultTo\": null, \"notNullable\": true}, {\"args\": [], \"name\": \"nombre\", \"type\": \"string\", \"unsigned\": false, \"defaultTo\": null, \"notNullable\": false}, {\"args\": [], \"name\": \"direccion\", \"type\": \"string\", \"unsigned\": false, \"defaultTo\": null, \"notNullable\": false}, {\"args\": [], \"name\": \"correo\", \"type\": \"string\", \"unsigned\": false, \"defaultTo\": null, \"notNullable\": false}, {\"args\": [], \"name\": \"telefono\", \"type\": \"string\", \"unsigned\": false, \"defaultTo\": null, \"notNullable\": false}, {\"args\": [], \"name\": \"lema\", \"type\": \"string\", \"unsigned\": false, \"defaultTo\": null, \"notNullable\": false}, {\"args\": [], \"name\": \"website\", \"type\": \"string\", \"unsigned\": false, \"defaultTo\": null, \"notNullable\": false}, {\"args\": [], \"name\": \"cai\", \"type\": \"string\", \"unsigned\": false, \"defaultTo\": null, \"notNullable\": false}, {\"args\": [], \"name\": \"rango_inicial\", \"type\": \"integer\", \"unsigned\": false, \"defaultTo\": null, \"notNullable\": false}, {\"args\": [], \"name\": \"rango_final\", \"type\": \"integer\", \"unsigned\": false, \"defaultTo\": null, \"notNullable\": false}, {\"args\": [], \"name\": \"fecha_vencimiento\", \"type\": \"date\", \"unsigned\": false, \"defaultTo\": null, \"notNullable\": false}, {\"args\": [{\"useTz\": false, \"precision\": 6}], \"name\": \"created_at\", \"type\": \"datetime\", \"unsigned\": false, \"defaultTo\": null, \"notNullable\": false}, {\"args\": [{\"useTz\": false, \"precision\": 6}], \"name\": \"updated_at\", \"type\": \"datetime\", \"unsigned\": false, \"defaultTo\": null, \"notNullable\": false}, {\"args\": [], \"name\": \"created_by_id\", \"type\": \"integer\", \"unsigned\": true, \"defaultTo\": null, \"notNullable\": false}, {\"args\": [], \"name\": \"updated_by_id\", \"type\": \"integer\", \"unsigned\": true, \"defaultTo\": null, \"notNullable\": false}], \"indexes\": [{\"name\": \"empresas_created_by_id_fk\", \"columns\": [\"created_by_id\"]}, {\"name\": \"empresas_updated_by_id_fk\", \"columns\": [\"updated_by_id\"]}], \"foreignKeys\": [{\"name\": \"empresas_created_by_id_fk\", \"columns\": [\"created_by_id\"], \"onDelete\": \"SET NULL\", \"referencedTable\": \"admin_users\", \"referencedColumns\": [\"id\"]}, {\"name\": \"empresas_updated_by_id_fk\", \"columns\": [\"updated_by_id\"], \"onDelete\": \"SET NULL\", \"referencedTable\": \"admin_users\", \"referencedColumns\": [\"id\"]}]}, {\"name\": \"garantias\", \"columns\": [{\"args\": [{\"primary\": true, \"primaryKey\": true}], \"name\": \"id\", \"type\": \"increments\", \"unsigned\": false, \"defaultTo\": null, \"notNullable\": true}, {\"args\": [{\"useTz\": false, \"precision\": 6}], \"name\": \"fecha_compra\", \"type\": \"datetime\", \"unsigned\": false, \"defaultTo\": null, \"notNullable\": false}, {\"args\": [{\"useTz\": false, \"precision\": 6}], \"name\": \"fecha_vencimiento\", \"type\": \"datetime\", \"unsigned\": false, \"defaultTo\": null, \"notNullable\": false}, {\"args\": [], \"name\": \"estado\", \"type\": \"string\", \"unsigned\": false, \"defaultTo\": null, \"notNullable\": false}, {\"args\": [{\"useTz\": false, \"precision\": 6}], \"name\": \"created_at\", \"type\": \"datetime\", \"unsigned\": false, \"defaultTo\": null, \"notNullable\": false}, {\"args\": [{\"useTz\": false, \"precision\": 6}], \"name\": \"updated_at\", \"type\": \"datetime\", \"unsigned\": false, \"defaultTo\": null, \"notNullable\": false}, {\"args\": [], \"name\": \"created_by_id\", \"type\": \"integer\", \"unsigned\": true, \"defaultTo\": null, \"notNullable\": false}, {\"args\": [], \"name\": \"updated_by_id\", \"type\": \"integer\", \"unsigned\": true, \"defaultTo\": null, \"notNullable\": false}], \"indexes\": [{\"name\": \"garantias_created_by_id_fk\", \"columns\": [\"created_by_id\"]}, {\"name\": \"garantias_updated_by_id_fk\", \"columns\": [\"updated_by_id\"]}], \"foreignKeys\": [{\"name\": \"garantias_created_by_id_fk\", \"columns\": [\"created_by_id\"], \"onDelete\": \"SET NULL\", \"referencedTable\": \"admin_users\", \"referencedColumns\": [\"id\"]}, {\"name\": \"garantias_updated_by_id_fk\", \"columns\": [\"updated_by_id\"], \"onDelete\": \"SET NULL\", \"referencedTable\": \"admin_users\", \"referencedColumns\": [\"id\"]}]}, {\"name\": \"interaccions\", \"columns\": [{\"args\": [{\"primary\": true, \"primaryKey\": true}], \"name\": \"id\", \"type\": \"increments\", \"unsigned\": false, \"defaultTo\": null, \"notNullable\": true}, {\"args\": [{\"useTz\": false, \"precision\": 6}], \"name\": \"fecha\", \"type\": \"datetime\", \"unsigned\": false, \"defaultTo\": null, \"notNullable\": false}, {\"args\": [{\"useTz\": false, \"precision\": 6}], \"name\": \"created_at\", \"type\": \"datetime\", \"unsigned\": false, \"defaultTo\": null, \"notNullable\": false}, {\"args\": [{\"useTz\": false, \"precision\": 6}], \"name\": \"updated_at\", \"type\": \"datetime\", \"unsigned\": false, \"defaultTo\": null, \"notNullable\": false}, {\"args\": [], \"name\": \"created_by_id\", \"type\": \"integer\", \"unsigned\": true, \"defaultTo\": null, \"notNullable\": false}, {\"args\": [], \"name\": \"updated_by_id\", \"type\": \"integer\", \"unsigned\": true, \"defaultTo\": null, \"notNullable\": false}], \"indexes\": [{\"name\": \"interaccions_created_by_id_fk\", \"columns\": [\"created_by_id\"]}, {\"name\": \"interaccions_updated_by_id_fk\", \"columns\": [\"updated_by_id\"]}], \"foreignKeys\": [{\"name\": \"interaccions_created_by_id_fk\", \"columns\": [\"created_by_id\"], \"onDelete\": \"SET NULL\", \"referencedTable\": \"admin_users\", \"referencedColumns\": [\"id\"]}, {\"name\": \"interaccions_updated_by_id_fk\", \"columns\": [\"updated_by_id\"], \"onDelete\": \"SET NULL\", \"referencedTable\": \"admin_users\", \"referencedColumns\": [\"id\"]}]}, {\"name\": \"logs\", \"columns\": [{\"args\": [{\"primary\": true, \"primaryKey\": true}], \"name\": \"id\", \"type\": \"increments\", \"unsigned\": false, \"defaultTo\": null, \"notNullable\": true}, {\"args\": [{\"useTz\": false, \"precision\": 6}], \"name\": \"date_time\", \"type\": \"datetime\", \"unsigned\": false, \"defaultTo\": null, \"notNullable\": false}, {\"args\": [], \"name\": \"action\", \"type\": \"string\", \"unsigned\": false, \"defaultTo\": null, \"notNullable\": false}, {\"args\": [], \"name\": \"table\", \"type\": \"string\", \"unsigned\": false, \"defaultTo\": null, \"notNullable\": false}, {\"args\": [\"longtext\"], \"name\": \"description\", \"type\": \"text\", \"unsigned\": false, \"defaultTo\": null, \"notNullable\": false}, {\"args\": [], \"name\": \"row_id\", \"type\": \"integer\", \"unsigned\": false, \"defaultTo\": null, \"notNullable\": false}, {\"args\": [], \"name\": \"information\", \"type\": \"jsonb\", \"unsigned\": false, \"defaultTo\": null, \"notNullable\": false}, {\"args\": [{\"useTz\": false, \"precision\": 6}], \"name\": \"created_at\", \"type\": \"datetime\", \"unsigned\": false, \"defaultTo\": null, \"notNullable\": false}, {\"args\": [{\"useTz\": false, \"precision\": 6}], \"name\": \"updated_at\", \"type\": \"datetime\", \"unsigned\": false, \"defaultTo\": null, \"notNullable\": false}, {\"args\": [], \"name\": \"created_by_id\", \"type\": \"integer\", \"unsigned\": true, \"defaultTo\": null, \"notNullable\": false}, {\"args\": [], \"name\": \"updated_by_id\", \"type\": \"integer\", \"unsigned\": true, \"defaultTo\": null, \"notNullable\": false}], \"indexes\": [{\"name\": \"logs_created_by_id_fk\", \"columns\": [\"created_by_id\"]}, {\"name\": \"logs_updated_by_id_fk\", \"columns\": [\"updated_by_id\"]}], \"foreignKeys\": [{\"name\": \"logs_created_by_id_fk\", \"columns\": [\"created_by_id\"], \"onDelete\": \"SET NULL\", \"referencedTable\": \"admin_users\", \"referencedColumns\": [\"id\"]}, {\"name\": \"logs_updated_by_id_fk\", \"columns\": [\"updated_by_id\"], \"onDelete\": \"SET NULL\", \"referencedTable\": \"admin_users\", \"referencedColumns\": [\"id\"]}]}, {\"name\": \"marcas\", \"columns\": [{\"args\": [{\"primary\": true, \"primaryKey\": true}], \"name\": \"id\", \"type\": \"increments\", \"unsigned\": false, \"defaultTo\": null, \"notNullable\": true}, {\"args\": [], \"name\": \"nombre\", \"type\": \"string\", \"unsigned\": false, \"defaultTo\": null, \"notNullable\": false}, {\"args\": [{\"useTz\": false, \"precision\": 6}], \"name\": \"created_at\", \"type\": \"datetime\", \"unsigned\": false, \"defaultTo\": null, \"notNullable\": false}, {\"args\": [{\"useTz\": false, \"precision\": 6}], \"name\": \"updated_at\", \"type\": \"datetime\", \"unsigned\": false, \"defaultTo\": null, \"notNullable\": false}, {\"args\": [], \"name\": \"created_by_id\", \"type\": \"integer\", \"unsigned\": true, \"defaultTo\": null, \"notNullable\": false}, {\"args\": [], \"name\": \"updated_by_id\", \"type\": \"integer\", \"unsigned\": true, \"defaultTo\": null, \"notNullable\": false}], \"indexes\": [{\"name\": \"marcas_created_by_id_fk\", \"columns\": [\"created_by_id\"]}, {\"name\": \"marcas_updated_by_id_fk\", \"columns\": [\"updated_by_id\"]}], \"foreignKeys\": [{\"name\": \"marcas_created_by_id_fk\", \"columns\": [\"created_by_id\"], \"onDelete\": \"SET NULL\", \"referencedTable\": \"admin_users\", \"referencedColumns\": [\"id\"]}, {\"name\": \"marcas_updated_by_id_fk\", \"columns\": [\"updated_by_id\"], \"onDelete\": \"SET NULL\", \"referencedTable\": \"admin_users\", \"referencedColumns\": [\"id\"]}]}, {\"name\": \"ordens\", \"columns\": [{\"args\": [{\"primary\": true, \"primaryKey\": true}], \"name\": \"id\", \"type\": \"increments\", \"unsigned\": false, \"defaultTo\": null, \"notNullable\": true}, {\"args\": [\"longtext\"], \"name\": \"resumen\", \"type\": \"text\", \"unsigned\": false, \"defaultTo\": null, \"notNullable\": false}, {\"args\": [], \"name\": \"estado\", \"type\": \"string\", \"unsigned\": false, \"defaultTo\": null, \"notNullable\": false}, {\"args\": [{\"useTz\": false, \"precision\": 6}], \"name\": \"created_at\", \"type\": \"datetime\", \"unsigned\": false, \"defaultTo\": null, \"notNullable\": false}, {\"args\": [{\"useTz\": false, \"precision\": 6}], \"name\": \"updated_at\", \"type\": \"datetime\", \"unsigned\": false, \"defaultTo\": null, \"notNullable\": false}, {\"args\": [], \"name\": \"created_by_id\", \"type\": \"integer\", \"unsigned\": true, \"defaultTo\": null, \"notNullable\": false}, {\"args\": [], \"name\": \"updated_by_id\", \"type\": \"integer\", \"unsigned\": true, \"defaultTo\": null, \"notNullable\": false}], \"indexes\": [{\"name\": \"ordens_created_by_id_fk\", \"columns\": [\"created_by_id\"]}, {\"name\": \"ordens_updated_by_id_fk\", \"columns\": [\"updated_by_id\"]}], \"foreignKeys\": [{\"name\": \"ordens_created_by_id_fk\", \"columns\": [\"created_by_id\"], \"onDelete\": \"SET NULL\", \"referencedTable\": \"admin_users\", \"referencedColumns\": [\"id\"]}, {\"name\": \"ordens_updated_by_id_fk\", \"columns\": [\"updated_by_id\"], \"onDelete\": \"SET NULL\", \"referencedTable\": \"admin_users\", \"referencedColumns\": [\"id\"]}]}, {\"name\": \"productos\", \"columns\": [{\"args\": [{\"primary\": true, \"primaryKey\": true}], \"name\": \"id\", \"type\": \"increments\", \"unsigned\": false, \"defaultTo\": null, \"notNullable\": true}, {\"args\": [], \"name\": \"nombre\", \"type\": \"string\", \"unsigned\": false, \"defaultTo\": null, \"notNullable\": false}, {\"args\": [], \"name\": \"codigo\", \"type\": \"string\", \"unsigned\": false, \"defaultTo\": null, \"notNullable\": false}, {\"args\": [\"longtext\"], \"name\": \"descripcion\", \"type\": \"text\", \"unsigned\": false, \"defaultTo\": null, \"notNullable\": false}, {\"args\": [10, 2], \"name\": \"isv\", \"type\": \"decimal\", \"unsigned\": false, \"defaultTo\": null, \"notNullable\": false}, {\"args\": [], \"name\": \"precio_venta\", \"type\": \"double\", \"unsigned\": false, \"defaultTo\": null, \"notNullable\": false}, {\"args\": [], \"name\": \"precio_compra\", \"type\": \"double\", \"unsigned\": false, \"defaultTo\": null, \"notNullable\": false}, {\"args\": [], \"name\": \"existencia\", \"type\": \"integer\", \"unsigned\": false, \"defaultTo\": null, \"notNullable\": false}, {\"args\": [10, 2], \"name\": \"descuento\", \"type\": \"decimal\", \"unsigned\": false, \"defaultTo\": null, \"notNullable\": false}, {\"args\": [], \"name\": \"modelo\", \"type\": \"string\", \"unsigned\": false, \"defaultTo\": null, \"notNullable\": false}, {\"args\": [], \"name\": \"activo\", \"type\": \"boolean\", \"unsigned\": false, \"defaultTo\": null, \"notNullable\": false}, {\"args\": [{\"useTz\": false, \"precision\": 6}], \"name\": \"created_at\", \"type\": \"datetime\", \"unsigned\": false, \"defaultTo\": null, \"notNullable\": false}, {\"args\": [{\"useTz\": false, \"precision\": 6}], \"name\": \"updated_at\", \"type\": \"datetime\", \"unsigned\": false, \"defaultTo\": null, \"notNullable\": false}, {\"args\": [], \"name\": \"created_by_id\", \"type\": \"integer\", \"unsigned\": true, \"defaultTo\": null, \"notNullable\": false}, {\"args\": [], \"name\": \"updated_by_id\", \"type\": \"integer\", \"unsigned\": true, \"defaultTo\": null, \"notNullable\": false}], \"indexes\": [{\"name\": \"productos_created_by_id_fk\", \"columns\": [\"created_by_id\"]}, {\"name\": \"productos_updated_by_id_fk\", \"columns\": [\"updated_by_id\"]}], \"foreignKeys\": [{\"name\": \"productos_created_by_id_fk\", \"columns\": [\"created_by_id\"], \"onDelete\": \"SET NULL\", \"referencedTable\": \"admin_users\", \"referencedColumns\": [\"id\"]}, {\"name\": \"productos_updated_by_id_fk\", \"columns\": [\"updated_by_id\"], \"onDelete\": \"SET NULL\", \"referencedTable\": \"admin_users\", \"referencedColumns\": [\"id\"]}]}, {\"name\": \"promocions\", \"columns\": [{\"args\": [{\"primary\": true, \"primaryKey\": true}], \"name\": \"id\", \"type\": \"increments\", \"unsigned\": false, \"defaultTo\": null, \"notNullable\": true}, {\"args\": [], \"name\": \"nombre_promocion\", \"type\": \"string\", \"unsigned\": false, \"defaultTo\": null, \"notNullable\": false}, {\"args\": [], \"name\": \"fecha_inicio\", \"type\": \"date\", \"unsigned\": false, \"defaultTo\": null, \"notNullable\": false}, {\"args\": [], \"name\": \"fecha_fin\", \"type\": \"date\", \"unsigned\": false, \"defaultTo\": null, \"notNullable\": false}, {\"args\": [{\"useTz\": false, \"precision\": 6}], \"name\": \"created_at\", \"type\": \"datetime\", \"unsigned\": false, \"defaultTo\": null, \"notNullable\": false}, {\"args\": [{\"useTz\": false, \"precision\": 6}], \"name\": \"updated_at\", \"type\": \"datetime\", \"unsigned\": false, \"defaultTo\": null, \"notNullable\": false}, {\"args\": [], \"name\": \"created_by_id\", \"type\": \"integer\", \"unsigned\": true, \"defaultTo\": null, \"notNullable\": false}, {\"args\": [], \"name\": \"updated_by_id\", \"type\": \"integer\", \"unsigned\": true, \"defaultTo\": null, \"notNullable\": false}], \"indexes\": [{\"name\": \"promocions_created_by_id_fk\", \"columns\": [\"created_by_id\"]}, {\"name\": \"promocions_updated_by_id_fk\", \"columns\": [\"updated_by_id\"]}], \"foreignKeys\": [{\"name\": \"promocions_created_by_id_fk\", \"columns\": [\"created_by_id\"], \"onDelete\": \"SET NULL\", \"referencedTable\": \"admin_users\", \"referencedColumns\": [\"id\"]}, {\"name\": \"promocions_updated_by_id_fk\", \"columns\": [\"updated_by_id\"], \"onDelete\": \"SET NULL\", \"referencedTable\": \"admin_users\", \"referencedColumns\": [\"id\"]}]}, {\"name\": \"proveedors\", \"columns\": [{\"args\": [{\"primary\": true, \"primaryKey\": true}], \"name\": \"id\", \"type\": \"increments\", \"unsigned\": false, \"defaultTo\": null, \"notNullable\": true}, {\"args\": [], \"name\": \"rtn\", \"type\": \"string\", \"unsigned\": false, \"defaultTo\": null, \"notNullable\": false}, {\"args\": [], \"name\": \"nombre\", \"type\": \"string\", \"unsigned\": false, \"defaultTo\": null, \"notNullable\": false}, {\"args\": [], \"name\": \"telefono\", \"type\": \"string\", \"unsigned\": false, \"defaultTo\": null, \"notNullable\": false}, {\"args\": [], \"name\": \"direccion\", \"type\": \"string\", \"unsigned\": false, \"defaultTo\": null, \"notNullable\": false}, {\"args\": [], \"name\": \"correo\", \"type\": \"string\", \"unsigned\": false, \"defaultTo\": null, \"notNullable\": false}, {\"args\": [], \"name\": \"website\", \"type\": \"string\", \"unsigned\": false, \"defaultTo\": null, \"notNullable\": false}, {\"args\": [], \"name\": \"vendedor\", \"type\": \"string\", \"unsigned\": false, \"defaultTo\": null, \"notNullable\": false}, {\"args\": [], \"name\": \"contacto_vendedor\", \"type\": \"string\", \"unsigned\": false, \"defaultTo\": null, \"notNullable\": false}, {\"args\": [{\"useTz\": false, \"precision\": 6}], \"name\": \"created_at\", \"type\": \"datetime\", \"unsigned\": false, \"defaultTo\": null, \"notNullable\": false}, {\"args\": [{\"useTz\": false, \"precision\": 6}], \"name\": \"updated_at\", \"type\": \"datetime\", \"unsigned\": false, \"defaultTo\": null, \"notNullable\": false}, {\"args\": [], \"name\": \"created_by_id\", \"type\": \"integer\", \"unsigned\": true, \"defaultTo\": null, \"notNullable\": false}, {\"args\": [], \"name\": \"updated_by_id\", \"type\": \"integer\", \"unsigned\": true, \"defaultTo\": null, \"notNullable\": false}], \"indexes\": [{\"name\": \"proveedors_created_by_id_fk\", \"columns\": [\"created_by_id\"]}, {\"name\": \"proveedors_updated_by_id_fk\", \"columns\": [\"updated_by_id\"]}], \"foreignKeys\": [{\"name\": \"proveedors_created_by_id_fk\", \"columns\": [\"created_by_id\"], \"onDelete\": \"SET NULL\", \"referencedTable\": \"admin_users\", \"referencedColumns\": [\"id\"]}, {\"name\": \"proveedors_updated_by_id_fk\", \"columns\": [\"updated_by_id\"], \"onDelete\": \"SET NULL\", \"referencedTable\": \"admin_users\", \"referencedColumns\": [\"id\"]}]}, {\"name\": \"subcategorias\", \"columns\": [{\"args\": [{\"primary\": true, \"primaryKey\": true}], \"name\": \"id\", \"type\": \"increments\", \"unsigned\": false, \"defaultTo\": null, \"notNullable\": true}, {\"args\": [], \"name\": \"nombre\", \"type\": \"string\", \"unsigned\": false, \"defaultTo\": null, \"notNullable\": false}, {\"args\": [\"longtext\"], \"name\": \"descripcion\", \"type\": \"text\", \"unsigned\": false, \"defaultTo\": null, \"notNullable\": false}, {\"args\": [{\"useTz\": false, \"precision\": 6}], \"name\": \"created_at\", \"type\": \"datetime\", \"unsigned\": false, \"defaultTo\": null, \"notNullable\": false}, {\"args\": [{\"useTz\": false, \"precision\": 6}], \"name\": \"updated_at\", \"type\": \"datetime\", \"unsigned\": false, \"defaultTo\": null, \"notNullable\": false}, {\"args\": [], \"name\": \"created_by_id\", \"type\": \"integer\", \"unsigned\": true, \"defaultTo\": null, \"notNullable\": false}, {\"args\": [], \"name\": \"updated_by_id\", \"type\": \"integer\", \"unsigned\": true, \"defaultTo\": null, \"notNullable\": false}], \"indexes\": [{\"name\": \"subcategorias_created_by_id_fk\", \"columns\": [\"created_by_id\"]}, {\"name\": \"subcategorias_updated_by_id_fk\", \"columns\": [\"updated_by_id\"]}], \"foreignKeys\": [{\"name\": \"subcategorias_created_by_id_fk\", \"columns\": [\"created_by_id\"], \"onDelete\": \"SET NULL\", \"referencedTable\": \"admin_users\", \"referencedColumns\": [\"id\"]}, {\"name\": \"subcategorias_updated_by_id_fk\", \"columns\": [\"updated_by_id\"], \"onDelete\": \"SET NULL\", \"referencedTable\": \"admin_users\", \"referencedColumns\": [\"id\"]}]}, {\"name\": \"sucursals\", \"columns\": [{\"args\": [{\"primary\": true, \"primaryKey\": true}], \"name\": \"id\", \"type\": \"increments\", \"unsigned\": false, \"defaultTo\": null, \"notNullable\": true}, {\"args\": [], \"name\": \"nombre\", \"type\": \"string\", \"unsigned\": false, \"defaultTo\": null, \"notNullable\": false}, {\"args\": [], \"name\": \"direccion\", \"type\": \"string\", \"unsigned\": false, \"defaultTo\": null, \"notNullable\": false}, {\"args\": [], \"name\": \"telefono\", \"type\": \"string\", \"unsigned\": false, \"defaultTo\": null, \"notNullable\": false}, {\"args\": [], \"name\": \"correo_sucursal\", \"type\": \"string\", \"unsigned\": false, \"defaultTo\": null, \"notNullable\": false}, {\"args\": [], \"name\": \"fecha_apertura\", \"type\": \"date\", \"unsigned\": false, \"defaultTo\": null, \"notNullable\": false}, {\"args\": [], \"name\": \"activa\", \"type\": \"boolean\", \"unsigned\": false, \"defaultTo\": null, \"notNullable\": false}, {\"args\": [{\"useTz\": false, \"precision\": 6}], \"name\": \"created_at\", \"type\": \"datetime\", \"unsigned\": false, \"defaultTo\": null, \"notNullable\": false}, {\"args\": [{\"useTz\": false, \"precision\": 6}], \"name\": \"updated_at\", \"type\": \"datetime\", \"unsigned\": false, \"defaultTo\": null, \"notNullable\": false}, {\"args\": [], \"name\": \"created_by_id\", \"type\": \"integer\", \"unsigned\": true, \"defaultTo\": null, \"notNullable\": false}, {\"args\": [], \"name\": \"updated_by_id\", \"type\": \"integer\", \"unsigned\": true, \"defaultTo\": null, \"notNullable\": false}], \"indexes\": [{\"name\": \"sucursals_created_by_id_fk\", \"columns\": [\"created_by_id\"]}, {\"name\": \"sucursals_updated_by_id_fk\", \"columns\": [\"updated_by_id\"]}], \"foreignKeys\": [{\"name\": \"sucursals_created_by_id_fk\", \"columns\": [\"created_by_id\"], \"onDelete\": \"SET NULL\", \"referencedTable\": \"admin_users\", \"referencedColumns\": [\"id\"]}, {\"name\": \"sucursals_updated_by_id_fk\", \"columns\": [\"updated_by_id\"], \"onDelete\": \"SET NULL\", \"referencedTable\": \"admin_users\", \"referencedColumns\": [\"id\"]}]}, {\"name\": \"ventas\", \"columns\": [{\"args\": [{\"primary\": true, \"primaryKey\": true}], \"name\": \"id\", \"type\": \"increments\", \"unsigned\": false, \"defaultTo\": null, \"notNullable\": true}, {\"args\": [], \"name\": \"no_factura\", \"type\": \"integer\", \"unsigned\": false, \"defaultTo\": null, \"notNullable\": false}, {\"args\": [], \"name\": \"metodo_pago\", \"type\": \"string\", \"unsigned\": false, \"defaultTo\": null, \"notNullable\": false}, {\"args\": [], \"name\": \"estado\", \"type\": \"string\", \"unsigned\": false, \"defaultTo\": null, \"notNullable\": false}, {\"args\": [{\"useTz\": false, \"precision\": 6}], \"name\": \"created_at\", \"type\": \"datetime\", \"unsigned\": false, \"defaultTo\": null, \"notNullable\": false}, {\"args\": [{\"useTz\": false, \"precision\": 6}], \"name\": \"updated_at\", \"type\": \"datetime\", \"unsigned\": false, \"defaultTo\": null, \"notNullable\": false}, {\"args\": [], \"name\": \"created_by_id\", \"type\": \"integer\", \"unsigned\": true, \"defaultTo\": null, \"notNullable\": false}, {\"args\": [], \"name\": \"updated_by_id\", \"type\": \"integer\", \"unsigned\": true, \"defaultTo\": null, \"notNullable\": false}], \"indexes\": [{\"name\": \"ventas_created_by_id_fk\", \"columns\": [\"created_by_id\"]}, {\"name\": \"ventas_updated_by_id_fk\", \"columns\": [\"updated_by_id\"]}], \"foreignKeys\": [{\"name\": \"ventas_created_by_id_fk\", \"columns\": [\"created_by_id\"], \"onDelete\": \"SET NULL\", \"referencedTable\": \"admin_users\", \"referencedColumns\": [\"id\"]}, {\"name\": \"ventas_updated_by_id_fk\", \"columns\": [\"updated_by_id\"], \"onDelete\": \"SET NULL\", \"referencedTable\": \"admin_users\", \"referencedColumns\": [\"id\"]}]}, {\"name\": \"components_detalles_detalles\", \"columns\": [{\"args\": [{\"primary\": true, \"primaryKey\": true}], \"name\": \"id\", \"type\": \"increments\", \"unsigned\": false, \"defaultTo\": null, \"notNullable\": true}, {\"args\": [], \"name\": \"cantidad\", \"type\": \"integer\", \"unsigned\": false, \"defaultTo\": null, \"notNullable\": false}, {\"args\": [10, 2], \"name\": \"precio\", \"type\": \"decimal\", \"unsigned\": false, \"defaultTo\": null, \"notNullable\": false}, {\"args\": [10, 2], \"name\": \"descuento\", \"type\": \"decimal\", \"unsigned\": false, \"defaultTo\": null, \"notNullable\": false}, {\"args\": [10, 2], \"name\": \"isv\", \"type\": \"decimal\", \"unsigned\": false, \"defaultTo\": null, \"notNullable\": false}], \"indexes\": [], \"foreignKeys\": []}, {\"name\": \"components_detalles_devoluciones\", \"columns\": [{\"args\": [{\"primary\": true, \"primaryKey\": true}], \"name\": \"id\", \"type\": \"increments\", \"unsigned\": false, \"defaultTo\": null, \"notNullable\": true}, {\"args\": [], \"name\": \"cantidad\", \"type\": \"integer\", \"unsigned\": false, \"defaultTo\": null, \"notNullable\": false}, {\"args\": [\"longtext\"], \"name\": \"motivo\", \"type\": \"text\", \"unsigned\": false, \"defaultTo\": null, \"notNullable\": false}], \"indexes\": [], \"foreignKeys\": []}, {\"name\": \"components_detalles_ordenes\", \"columns\": [{\"args\": [{\"primary\": true, \"primaryKey\": true}], \"name\": \"id\", \"type\": \"increments\", \"unsigned\": false, \"defaultTo\": null, \"notNullable\": true}, {\"args\": [], \"name\": \"cantidad\", \"type\": \"integer\", \"unsigned\": false, \"defaultTo\": null, \"notNullable\": false}], \"indexes\": [], \"foreignKeys\": []}, {\"name\": \"admin_permissions_role_links\", \"columns\": [{\"args\": [{\"primary\": true, \"primaryKey\": true}], \"name\": \"id\", \"type\": \"increments\", \"unsigned\": false, \"defaultTo\": null, \"notNullable\": true}, {\"args\": [], \"name\": \"permission_id\", \"type\": \"integer\", \"unsigned\": true, \"defaultTo\": null, \"notNullable\": false}, {\"args\": [], \"name\": \"role_id\", \"type\": \"integer\", \"unsigned\": true, \"defaultTo\": null, \"notNullable\": false}, {\"args\": [], \"name\": \"permission_order\", \"type\": \"double\", \"unsigned\": true, \"defaultTo\": null, \"notNullable\": false}], \"indexes\": [{\"name\": \"admin_permissions_role_links_fk\", \"columns\": [\"permission_id\"]}, {\"name\": \"admin_permissions_role_links_inv_fk\", \"columns\": [\"role_id\"]}, {\"name\": \"admin_permissions_role_links_unique\", \"type\": \"unique\", \"columns\": [\"permission_id\", \"role_id\"]}, {\"name\": \"admin_permissions_role_links_order_inv_fk\", \"columns\": [\"permission_order\"]}], \"foreignKeys\": [{\"name\": \"admin_permissions_role_links_fk\", \"columns\": [\"permission_id\"], \"onDelete\": \"CASCADE\", \"referencedTable\": \"admin_permissions\", \"referencedColumns\": [\"id\"]}, {\"name\": \"admin_permissions_role_links_inv_fk\", \"columns\": [\"role_id\"], \"onDelete\": \"CASCADE\", \"referencedTable\": \"admin_roles\", \"referencedColumns\": [\"id\"]}]}, {\"name\": \"admin_users_roles_links\", \"columns\": [{\"args\": [{\"primary\": true, \"primaryKey\": true}], \"name\": \"id\", \"type\": \"increments\", \"unsigned\": false, \"defaultTo\": null, \"notNullable\": true}, {\"args\": [], \"name\": \"user_id\", \"type\": \"integer\", \"unsigned\": true, \"defaultTo\": null, \"notNullable\": false}, {\"args\": [], \"name\": \"role_id\", \"type\": \"integer\", \"unsigned\": true, \"defaultTo\": null, \"notNullable\": false}, {\"args\": [], \"name\": \"role_order\", \"type\": \"double\", \"unsigned\": true, \"defaultTo\": null, \"notNullable\": false}, {\"args\": [], \"name\": \"user_order\", \"type\": \"double\", \"unsigned\": true, \"defaultTo\": null, \"notNullable\": false}], \"indexes\": [{\"name\": \"admin_users_roles_links_fk\", \"columns\": [\"user_id\"]}, {\"name\": \"admin_users_roles_links_inv_fk\", \"columns\": [\"role_id\"]}, {\"name\": \"admin_users_roles_links_unique\", \"type\": \"unique\", \"columns\": [\"user_id\", \"role_id\"]}, {\"name\": \"admin_users_roles_links_order_fk\", \"columns\": [\"role_order\"]}, {\"name\": \"admin_users_roles_links_order_inv_fk\", \"columns\": [\"user_order\"]}], \"foreignKeys\": [{\"name\": \"admin_users_roles_links_fk\", \"columns\": [\"user_id\"], \"onDelete\": \"CASCADE\", \"referencedTable\": \"admin_users\", \"referencedColumns\": [\"id\"]}, {\"name\": \"admin_users_roles_links_inv_fk\", \"columns\": [\"role_id\"], \"onDelete\": \"CASCADE\", \"referencedTable\": \"admin_roles\", \"referencedColumns\": [\"id\"]}]}, {\"name\": \"strapi_api_token_permissions_token_links\", \"columns\": [{\"args\": [{\"primary\": true, \"primaryKey\": true}], \"name\": \"id\", \"type\": \"increments\", \"unsigned\": false, \"defaultTo\": null, \"notNullable\": true}, {\"args\": [], \"name\": \"api_token_permission_id\", \"type\": \"integer\", \"unsigned\": true, \"defaultTo\": null, \"notNullable\": false}, {\"args\": [], \"name\": \"api_token_id\", \"type\": \"integer\", \"unsigned\": true, \"defaultTo\": null, \"notNullable\": false}, {\"args\": [], \"name\": \"api_token_permission_order\", \"type\": \"double\", \"unsigned\": true, \"defaultTo\": null, \"notNullable\": false}], \"indexes\": [{\"name\": \"strapi_api_token_permissions_token_links_fk\", \"columns\": [\"api_token_permission_id\"]}, {\"name\": \"strapi_api_token_permissions_token_links_inv_fk\", \"columns\": [\"api_token_id\"]}, {\"name\": \"strapi_api_token_permissions_token_links_unique\", \"type\": \"unique\", \"columns\": [\"api_token_permission_id\", \"api_token_id\"]}, {\"name\": \"strapi_api_token_permissions_token_links_order_inv_fk\", \"columns\": [\"api_token_permission_order\"]}], \"foreignKeys\": [{\"name\": \"strapi_api_token_permissions_token_links_fk\", \"columns\": [\"api_token_permission_id\"], \"onDelete\": \"CASCADE\", \"referencedTable\": \"strapi_api_token_permissions\", \"referencedColumns\": [\"id\"]}, {\"name\": \"strapi_api_token_permissions_token_links_inv_fk\", \"columns\": [\"api_token_id\"], \"onDelete\": \"CASCADE\", \"referencedTable\": \"strapi_api_tokens\", \"referencedColumns\": [\"id\"]}]}, {\"name\": \"strapi_transfer_token_permissions_token_links\", \"columns\": [{\"args\": [{\"primary\": true, \"primaryKey\": true}], \"name\": \"id\", \"type\": \"increments\", \"unsigned\": false, \"defaultTo\": null, \"notNullable\": true}, {\"args\": [], \"name\": \"transfer_token_permission_id\", \"type\": \"integer\", \"unsigned\": true, \"defaultTo\": null, \"notNullable\": false}, {\"args\": [], \"name\": \"transfer_token_id\", \"type\": \"integer\", \"unsigned\": true, \"defaultTo\": null, \"notNullable\": false}, {\"args\": [], \"name\": \"transfer_token_permission_order\", \"type\": \"double\", \"unsigned\": true, \"defaultTo\": null, \"notNullable\": false}], \"indexes\": [{\"name\": \"strapi_transfer_token_permissions_token_links_fk\", \"columns\": [\"transfer_token_permission_id\"]}, {\"name\": \"strapi_transfer_token_permissions_token_links_inv_fk\", \"columns\": [\"transfer_token_id\"]}, {\"name\": \"strapi_transfer_token_permissions_token_links_unique\", \"type\": \"unique\", \"columns\": [\"transfer_token_permission_id\", \"transfer_token_id\"]}, {\"name\": \"strapi_transfer_token_permissions_token_links_order_inv_fk\", \"columns\": [\"transfer_token_permission_order\"]}], \"foreignKeys\": [{\"name\": \"strapi_transfer_token_permissions_token_links_fk\", \"columns\": [\"transfer_token_permission_id\"], \"onDelete\": \"CASCADE\", \"referencedTable\": \"strapi_transfer_token_permissions\", \"referencedColumns\": [\"id\"]}, {\"name\": \"strapi_transfer_token_permissions_token_links_inv_fk\", \"columns\": [\"transfer_token_id\"], \"onDelete\": \"CASCADE\", \"referencedTable\": \"strapi_transfer_tokens\", \"referencedColumns\": [\"id\"]}]}, {\"name\": \"files_related_morphs\", \"columns\": [{\"args\": [{\"primary\": true, \"primaryKey\": true}], \"name\": \"id\", \"type\": \"increments\", \"unsigned\": false, \"defaultTo\": null, \"notNullable\": true}, {\"args\": [], \"name\": \"file_id\", \"type\": \"integer\", \"unsigned\": true, \"defaultTo\": null, \"notNullable\": false}, {\"args\": [], \"name\": \"related_id\", \"type\": \"integer\", \"unsigned\": true, \"defaultTo\": null, \"notNullable\": false}, {\"args\": [], \"name\": \"related_type\", \"type\": \"string\", \"unsigned\": false, \"defaultTo\": null, \"notNullable\": false}, {\"args\": [], \"name\": \"field\", \"type\": \"string\", \"unsigned\": false, \"defaultTo\": null, \"notNullable\": false}, {\"args\": [], \"name\": \"order\", \"type\": \"double\", \"unsigned\": true, \"defaultTo\": null, \"notNullable\": false}], \"indexes\": [{\"name\": \"files_related_morphs_fk\", \"columns\": [\"file_id\"]}, {\"name\": \"files_related_morphs_order_index\", \"columns\": [\"order\"]}, {\"name\": \"files_related_morphs_id_column_index\", \"columns\": [\"related_id\"]}], \"foreignKeys\": [{\"name\": \"files_related_morphs_fk\", \"columns\": [\"file_id\"], \"onDelete\": \"CASCADE\", \"referencedTable\": \"files\", \"referencedColumns\": [\"id\"]}]}, {\"name\": \"files_folder_links\", \"columns\": [{\"args\": [{\"primary\": true, \"primaryKey\": true}], \"name\": \"id\", \"type\": \"increments\", \"unsigned\": false, \"defaultTo\": null, \"notNullable\": true}, {\"args\": [], \"name\": \"file_id\", \"type\": \"integer\", \"unsigned\": true, \"defaultTo\": null, \"notNullable\": false}, {\"args\": [], \"name\": \"folder_id\", \"type\": \"integer\", \"unsigned\": true, \"defaultTo\": null, \"notNullable\": false}, {\"args\": [], \"name\": \"file_order\", \"type\": \"double\", \"unsigned\": true, \"defaultTo\": null, \"notNullable\": false}], \"indexes\": [{\"name\": \"files_folder_links_fk\", \"columns\": [\"file_id\"]}, {\"name\": \"files_folder_links_inv_fk\", \"columns\": [\"folder_id\"]}, {\"name\": \"files_folder_links_unique\", \"type\": \"unique\", \"columns\": [\"file_id\", \"folder_id\"]}, {\"name\": \"files_folder_links_order_inv_fk\", \"columns\": [\"file_order\"]}], \"foreignKeys\": [{\"name\": \"files_folder_links_fk\", \"columns\": [\"file_id\"], \"onDelete\": \"CASCADE\", \"referencedTable\": \"files\", \"referencedColumns\": [\"id\"]}, {\"name\": \"files_folder_links_inv_fk\", \"columns\": [\"folder_id\"], \"onDelete\": \"CASCADE\", \"referencedTable\": \"upload_folders\", \"referencedColumns\": [\"id\"]}]}, {\"name\": \"upload_folders_parent_links\", \"columns\": [{\"args\": [{\"primary\": true, \"primaryKey\": true}], \"name\": \"id\", \"type\": \"increments\", \"unsigned\": false, \"defaultTo\": null, \"notNullable\": true}, {\"args\": [], \"name\": \"folder_id\", \"type\": \"integer\", \"unsigned\": true, \"defaultTo\": null, \"notNullable\": false}, {\"args\": [], \"name\": \"inv_folder_id\", \"type\": \"integer\", \"unsigned\": true, \"defaultTo\": null, \"notNullable\": false}, {\"args\": [], \"name\": \"folder_order\", \"type\": \"double\", \"unsigned\": true, \"defaultTo\": null, \"notNullable\": false}], \"indexes\": [{\"name\": \"upload_folders_parent_links_fk\", \"columns\": [\"folder_id\"]}, {\"name\": \"upload_folders_parent_links_inv_fk\", \"columns\": [\"inv_folder_id\"]}, {\"name\": \"upload_folders_parent_links_unique\", \"type\": \"unique\", \"columns\": [\"folder_id\", \"inv_folder_id\"]}, {\"name\": \"upload_folders_parent_links_order_inv_fk\", \"columns\": [\"folder_order\"]}], \"foreignKeys\": [{\"name\": \"upload_folders_parent_links_fk\", \"columns\": [\"folder_id\"], \"onDelete\": \"CASCADE\", \"referencedTable\": \"upload_folders\", \"referencedColumns\": [\"id\"]}, {\"name\": \"upload_folders_parent_links_inv_fk\", \"columns\": [\"inv_folder_id\"], \"onDelete\": \"CASCADE\", \"referencedTable\": \"upload_folders\", \"referencedColumns\": [\"id\"]}]}, {\"name\": \"strapi_release_actions_release_links\", \"columns\": [{\"args\": [{\"primary\": true, \"primaryKey\": true}], \"name\": \"id\", \"type\": \"increments\", \"unsigned\": false, \"defaultTo\": null, \"notNullable\": true}, {\"args\": [], \"name\": \"release_action_id\", \"type\": \"integer\", \"unsigned\": true, \"defaultTo\": null, \"notNullable\": false}, {\"args\": [], \"name\": \"release_id\", \"type\": \"integer\", \"unsigned\": true, \"defaultTo\": null, \"notNullable\": false}, {\"args\": [], \"name\": \"release_action_order\", \"type\": \"double\", \"unsigned\": true, \"defaultTo\": null, \"notNullable\": false}], \"indexes\": [{\"name\": \"strapi_release_actions_release_links_fk\", \"columns\": [\"release_action_id\"]}, {\"name\": \"strapi_release_actions_release_links_inv_fk\", \"columns\": [\"release_id\"]}, {\"name\": \"strapi_release_actions_release_links_unique\", \"type\": \"unique\", \"columns\": [\"release_action_id\", \"release_id\"]}, {\"name\": \"strapi_release_actions_release_links_order_inv_fk\", \"columns\": [\"release_action_order\"]}], \"foreignKeys\": [{\"name\": \"strapi_release_actions_release_links_fk\", \"columns\": [\"release_action_id\"], \"onDelete\": \"CASCADE\", \"referencedTable\": \"strapi_release_actions\", \"referencedColumns\": [\"id\"]}, {\"name\": \"strapi_release_actions_release_links_inv_fk\", \"columns\": [\"release_id\"], \"onDelete\": \"CASCADE\", \"referencedTable\": \"strapi_releases\", \"referencedColumns\": [\"id\"]}]}, {\"name\": \"up_permissions_role_links\", \"columns\": [{\"args\": [{\"primary\": true, \"primaryKey\": true}], \"name\": \"id\", \"type\": \"increments\", \"unsigned\": false, \"defaultTo\": null, \"notNullable\": true}, {\"args\": [], \"name\": \"permission_id\", \"type\": \"integer\", \"unsigned\": true, \"defaultTo\": null, \"notNullable\": false}, {\"args\": [], \"name\": \"role_id\", \"type\": \"integer\", \"unsigned\": true, \"defaultTo\": null, \"notNullable\": false}, {\"args\": [], \"name\": \"permission_order\", \"type\": \"double\", \"unsigned\": true, \"defaultTo\": null, \"notNullable\": false}], \"indexes\": [{\"name\": \"up_permissions_role_links_fk\", \"columns\": [\"permission_id\"]}, {\"name\": \"up_permissions_role_links_inv_fk\", \"columns\": [\"role_id\"]}, {\"name\": \"up_permissions_role_links_unique\", \"type\": \"unique\", \"columns\": [\"permission_id\", \"role_id\"]}, {\"name\": \"up_permissions_role_links_order_inv_fk\", \"columns\": [\"permission_order\"]}], \"foreignKeys\": [{\"name\": \"up_permissions_role_links_fk\", \"columns\": [\"permission_id\"], \"onDelete\": \"CASCADE\", \"referencedTable\": \"up_permissions\", \"referencedColumns\": [\"id\"]}, {\"name\": \"up_permissions_role_links_inv_fk\", \"columns\": [\"role_id\"], \"onDelete\": \"CASCADE\", \"referencedTable\": \"up_roles\", \"referencedColumns\": [\"id\"]}]}, {\"name\": \"up_users_role_links\", \"columns\": [{\"args\": [{\"primary\": true, \"primaryKey\": true}], \"name\": \"id\", \"type\": \"increments\", \"unsigned\": false, \"defaultTo\": null, \"notNullable\": true}, {\"args\": [], \"name\": \"user_id\", \"type\": \"integer\", \"unsigned\": true, \"defaultTo\": null, \"notNullable\": false}, {\"args\": [], \"name\": \"role_id\", \"type\": \"integer\", \"unsigned\": true, \"defaultTo\": null, \"notNullable\": false}, {\"args\": [], \"name\": \"user_order\", \"type\": \"double\", \"unsigned\": true, \"defaultTo\": null, \"notNullable\": false}], \"indexes\": [{\"name\": \"up_users_role_links_fk\", \"columns\": [\"user_id\"]}, {\"name\": \"up_users_role_links_inv_fk\", \"columns\": [\"role_id\"]}, {\"name\": \"up_users_role_links_unique\", \"type\": \"unique\", \"columns\": [\"user_id\", \"role_id\"]}, {\"name\": \"up_users_role_links_order_inv_fk\", \"columns\": [\"user_order\"]}], \"foreignKeys\": [{\"name\": \"up_users_role_links_fk\", \"columns\": [\"user_id\"], \"onDelete\": \"CASCADE\", \"referencedTable\": \"up_users\", \"referencedColumns\": [\"id\"]}, {\"name\": \"up_users_role_links_inv_fk\", \"columns\": [\"role_id\"], \"onDelete\": \"CASCADE\", \"referencedTable\": \"up_roles\", \"referencedColumns\": [\"id\"]}]}, {\"name\": \"categorias_producto_links\", \"columns\": [{\"args\": [{\"primary\": true, \"primaryKey\": true}], \"name\": \"id\", \"type\": \"increments\", \"unsigned\": false, \"defaultTo\": null, \"notNullable\": true}, {\"args\": [], \"name\": \"categoria_id\", \"type\": \"integer\", \"unsigned\": true, \"defaultTo\": null, \"notNullable\": false}, {\"args\": [], \"name\": \"producto_id\", \"type\": \"integer\", \"unsigned\": true, \"defaultTo\": null, \"notNullable\": false}], \"indexes\": [{\"name\": \"categorias_producto_links_fk\", \"columns\": [\"categoria_id\"]}, {\"name\": \"categorias_producto_links_inv_fk\", \"columns\": [\"producto_id\"]}, {\"name\": \"categorias_producto_links_unique\", \"type\": \"unique\", \"columns\": [\"categoria_id\", \"producto_id\"]}], \"foreignKeys\": [{\"name\": \"categorias_producto_links_fk\", \"columns\": [\"categoria_id\"], \"onDelete\": \"CASCADE\", \"referencedTable\": \"categorias\", \"referencedColumns\": [\"id\"]}, {\"name\": \"categorias_producto_links_inv_fk\", \"columns\": [\"producto_id\"], \"onDelete\": \"CASCADE\", \"referencedTable\": \"productos\", \"referencedColumns\": [\"id\"]}]}, {\"name\": \"compras_components\", \"columns\": [{\"args\": [{\"primary\": true, \"primaryKey\": true}], \"name\": \"id\", \"type\": \"increments\", \"unsigned\": false, \"defaultTo\": null, \"notNullable\": true}, {\"args\": [], \"name\": \"entity_id\", \"type\": \"integer\", \"unsigned\": true, \"defaultTo\": null, \"notNullable\": false}, {\"args\": [], \"name\": \"component_id\", \"type\": \"integer\", \"unsigned\": true, \"defaultTo\": null, \"notNullable\": false}, {\"args\": [], \"name\": \"component_type\", \"type\": \"string\", \"unsigned\": false, \"defaultTo\": null, \"notNullable\": false}, {\"args\": [], \"name\": \"field\", \"type\": \"string\", \"unsigned\": false, \"defaultTo\": null, \"notNullable\": false}, {\"args\": [], \"name\": \"order\", \"type\": \"double\", \"unsigned\": true, \"defaultTo\": null, \"notNullable\": false}], \"indexes\": [{\"name\": \"compras_field_index\", \"columns\": [\"field\"]}, {\"name\": \"compras_component_type_index\", \"columns\": [\"component_type\"]}, {\"name\": \"compras_entity_fk\", \"columns\": [\"entity_id\"]}, {\"name\": \"compras_unique\", \"type\": \"unique\", \"columns\": [\"entity_id\", \"component_id\", \"field\", \"component_type\"]}], \"foreignKeys\": [{\"name\": \"compras_entity_fk\", \"columns\": [\"entity_id\"], \"onDelete\": \"CASCADE\", \"referencedTable\": \"compras\", \"referencedColumns\": [\"id\"]}]}, {\"name\": \"compras_proveedor_links\", \"columns\": [{\"args\": [{\"primary\": true, \"primaryKey\": true}], \"name\": \"id\", \"type\": \"increments\", \"unsigned\": false, \"defaultTo\": null, \"notNullable\": true}, {\"args\": [], \"name\": \"compra_id\", \"type\": \"integer\", \"unsigned\": true, \"defaultTo\": null, \"notNullable\": false}, {\"args\": [], \"name\": \"proveedor_id\", \"type\": \"integer\", \"unsigned\": true, \"defaultTo\": null, \"notNullable\": false}], \"indexes\": [{\"name\": \"compras_proveedor_links_fk\", \"columns\": [\"compra_id\"]}, {\"name\": \"compras_proveedor_links_inv_fk\", \"columns\": [\"proveedor_id\"]}, {\"name\": \"compras_proveedor_links_unique\", \"type\": \"unique\", \"columns\": [\"compra_id\", \"proveedor_id\"]}], \"foreignKeys\": [{\"name\": \"compras_proveedor_links_fk\", \"columns\": [\"compra_id\"], \"onDelete\": \"CASCADE\", \"referencedTable\": \"compras\", \"referencedColumns\": [\"id\"]}, {\"name\": \"compras_proveedor_links_inv_fk\", \"columns\": [\"proveedor_id\"], \"onDelete\": \"CASCADE\", \"referencedTable\": \"proveedors\", \"referencedColumns\": [\"id\"]}]}, {\"name\": \"cupons_producto_links\", \"columns\": [{\"args\": [{\"primary\": true, \"primaryKey\": true}], \"name\": \"id\", \"type\": \"increments\", \"unsigned\": false, \"defaultTo\": null, \"notNullable\": true}, {\"args\": [], \"name\": \"cupon_id\", \"type\": \"integer\", \"unsigned\": true, \"defaultTo\": null, \"notNullable\": false}, {\"args\": [], \"name\": \"producto_id\", \"type\": \"integer\", \"unsigned\": true, \"defaultTo\": null, \"notNullable\": false}], \"indexes\": [{\"name\": \"cupons_producto_links_fk\", \"columns\": [\"cupon_id\"]}, {\"name\": \"cupons_producto_links_inv_fk\", \"columns\": [\"producto_id\"]}, {\"name\": \"cupons_producto_links_unique\", \"type\": \"unique\", \"columns\": [\"cupon_id\", \"producto_id\"]}], \"foreignKeys\": [{\"name\": \"cupons_producto_links_fk\", \"columns\": [\"cupon_id\"], \"onDelete\": \"CASCADE\", \"referencedTable\": \"cupons\", \"referencedColumns\": [\"id\"]}, {\"name\": \"cupons_producto_links_inv_fk\", \"columns\": [\"producto_id\"], \"onDelete\": \"CASCADE\", \"referencedTable\": \"productos\", \"referencedColumns\": [\"id\"]}]}, {\"name\": \"danados_producto_links\", \"columns\": [{\"args\": [{\"primary\": true, \"primaryKey\": true}], \"name\": \"id\", \"type\": \"increments\", \"unsigned\": false, \"defaultTo\": null, \"notNullable\": true}, {\"args\": [], \"name\": \"danado_id\", \"type\": \"integer\", \"unsigned\": true, \"defaultTo\": null, \"notNullable\": false}, {\"args\": [], \"name\": \"producto_id\", \"type\": \"integer\", \"unsigned\": true, \"defaultTo\": null, \"notNullable\": false}], \"indexes\": [{\"name\": \"danados_producto_links_fk\", \"columns\": [\"danado_id\"]}, {\"name\": \"danados_producto_links_inv_fk\", \"columns\": [\"producto_id\"]}, {\"name\": \"danados_producto_links_unique\", \"type\": \"unique\", \"columns\": [\"danado_id\", \"producto_id\"]}], \"foreignKeys\": [{\"name\": \"danados_producto_links_fk\", \"columns\": [\"danado_id\"], \"onDelete\": \"CASCADE\", \"referencedTable\": \"danados\", \"referencedColumns\": [\"id\"]}, {\"name\": \"danados_producto_links_inv_fk\", \"columns\": [\"producto_id\"], \"onDelete\": \"CASCADE\", \"referencedTable\": \"productos\", \"referencedColumns\": [\"id\"]}]}, {\"name\": \"devolucions_components\", \"columns\": [{\"args\": [{\"primary\": true, \"primaryKey\": true}], \"name\": \"id\", \"type\": \"increments\", \"unsigned\": false, \"defaultTo\": null, \"notNullable\": true}, {\"args\": [], \"name\": \"entity_id\", \"type\": \"integer\", \"unsigned\": true, \"defaultTo\": null, \"notNullable\": false}, {\"args\": [], \"name\": \"component_id\", \"type\": \"integer\", \"unsigned\": true, \"defaultTo\": null, \"notNullable\": false}, {\"args\": [], \"name\": \"component_type\", \"type\": \"string\", \"unsigned\": false, \"defaultTo\": null, \"notNullable\": false}, {\"args\": [], \"name\": \"field\", \"type\": \"string\", \"unsigned\": false, \"defaultTo\": null, \"notNullable\": false}, {\"args\": [], \"name\": \"order\", \"type\": \"double\", \"unsigned\": true, \"defaultTo\": null, \"notNullable\": false}], \"indexes\": [{\"name\": \"devolucions_field_index\", \"columns\": [\"field\"]}, {\"name\": \"devolucions_component_type_index\", \"columns\": [\"component_type\"]}, {\"name\": \"devolucions_entity_fk\", \"columns\": [\"entity_id\"]}, {\"name\": \"devolucions_unique\", \"type\": \"unique\", \"columns\": [\"entity_id\", \"component_id\", \"field\", \"component_type\"]}], \"foreignKeys\": [{\"name\": \"devolucions_entity_fk\", \"columns\": [\"entity_id\"], \"onDelete\": \"CASCADE\", \"referencedTable\": \"devolucions\", \"referencedColumns\": [\"id\"]}]}, {\"name\": \"devolucions_vendedor_links\", \"columns\": [{\"args\": [{\"primary\": true, \"primaryKey\": true}], \"name\": \"id\", \"type\": \"increments\", \"unsigned\": false, \"defaultTo\": null, \"notNullable\": true}, {\"args\": [], \"name\": \"devolucion_id\", \"type\": \"integer\", \"unsigned\": true, \"defaultTo\": null, \"notNullable\": false}, {\"args\": [], \"name\": \"user_id\", \"type\": \"integer\", \"unsigned\": true, \"defaultTo\": null, \"notNullable\": false}], \"indexes\": [{\"name\": \"devolucions_vendedor_links_fk\", \"columns\": [\"devolucion_id\"]}, {\"name\": \"devolucions_vendedor_links_inv_fk\", \"columns\": [\"user_id\"]}, {\"name\": \"devolucions_vendedor_links_unique\", \"type\": \"unique\", \"columns\": [\"devolucion_id\", \"user_id\"]}], \"foreignKeys\": [{\"name\": \"devolucions_vendedor_links_fk\", \"columns\": [\"devolucion_id\"], \"onDelete\": \"CASCADE\", \"referencedTable\": \"devolucions\", \"referencedColumns\": [\"id\"]}, {\"name\": \"devolucions_vendedor_links_inv_fk\", \"columns\": [\"user_id\"], \"onDelete\": \"CASCADE\", \"referencedTable\": \"up_users\", \"referencedColumns\": [\"id\"]}]}, {\"name\": \"devolucions_no_factura_links\", \"columns\": [{\"args\": [{\"primary\": true, \"primaryKey\": true}], \"name\": \"id\", \"type\": \"increments\", \"unsigned\": false, \"defaultTo\": null, \"notNullable\": true}, {\"args\": [], \"name\": \"devolucion_id\", \"type\": \"integer\", \"unsigned\": true, \"defaultTo\": null, \"notNullable\": false}, {\"args\": [], \"name\": \"venta_id\", \"type\": \"integer\", \"unsigned\": true, \"defaultTo\": null, \"notNullable\": false}], \"indexes\": [{\"name\": \"devolucions_no_factura_links_fk\", \"columns\": [\"devolucion_id\"]}, {\"name\": \"devolucions_no_factura_links_inv_fk\", \"columns\": [\"venta_id\"]}, {\"name\": \"devolucions_no_factura_links_unique\", \"type\": \"unique\", \"columns\": [\"devolucion_id\", \"venta_id\"]}], \"foreignKeys\": [{\"name\": \"devolucions_no_factura_links_fk\", \"columns\": [\"devolucion_id\"], \"onDelete\": \"CASCADE\", \"referencedTable\": \"devolucions\", \"referencedColumns\": [\"id\"]}, {\"name\": \"devolucions_no_factura_links_inv_fk\", \"columns\": [\"venta_id\"], \"onDelete\": \"CASCADE\", \"referencedTable\": \"ventas\", \"referencedColumns\": [\"id\"]}]}, {\"name\": \"garantias_categoria_links\", \"columns\": [{\"args\": [{\"primary\": true, \"primaryKey\": true}], \"name\": \"id\", \"type\": \"increments\", \"unsigned\": false, \"defaultTo\": null, \"notNullable\": true}, {\"args\": [], \"name\": \"garantia_id\", \"type\": \"integer\", \"unsigned\": true, \"defaultTo\": null, \"notNullable\": false}, {\"args\": [], \"name\": \"categoria_id\", \"type\": \"integer\", \"unsigned\": true, \"defaultTo\": null, \"notNullable\": false}], \"indexes\": [{\"name\": \"garantias_categoria_links_fk\", \"columns\": [\"garantia_id\"]}, {\"name\": \"garantias_categoria_links_inv_fk\", \"columns\": [\"categoria_id\"]}, {\"name\": \"garantias_categoria_links_unique\", \"type\": \"unique\", \"columns\": [\"garantia_id\", \"categoria_id\"]}], \"foreignKeys\": [{\"name\": \"garantias_categoria_links_fk\", \"columns\": [\"garantia_id\"], \"onDelete\": \"CASCADE\", \"referencedTable\": \"garantias\", \"referencedColumns\": [\"id\"]}, {\"name\": \"garantias_categoria_links_inv_fk\", \"columns\": [\"categoria_id\"], \"onDelete\": \"CASCADE\", \"referencedTable\": \"categorias\", \"referencedColumns\": [\"id\"]}]}, {\"name\": \"interaccions_users_permissions_user_links\", \"columns\": [{\"args\": [{\"primary\": true, \"primaryKey\": true}], \"name\": \"id\", \"type\": \"increments\", \"unsigned\": false, \"defaultTo\": null, \"notNullable\": true}, {\"args\": [], \"name\": \"interaccion_id\", \"type\": \"integer\", \"unsigned\": true, \"defaultTo\": null, \"notNullable\": false}, {\"args\": [], \"name\": \"user_id\", \"type\": \"integer\", \"unsigned\": true, \"defaultTo\": null, \"notNullable\": false}], \"indexes\": [{\"name\": \"interaccions_users_permissions_user_links_fk\", \"columns\": [\"interaccion_id\"]}, {\"name\": \"interaccions_users_permissions_user_links_inv_fk\", \"columns\": [\"user_id\"]}, {\"name\": \"interaccions_users_permissions_user_links_unique\", \"type\": \"unique\", \"columns\": [\"interaccion_id\", \"user_id\"]}], \"foreignKeys\": [{\"name\": \"interaccions_users_permissions_user_links_fk\", \"columns\": [\"interaccion_id\"], \"onDelete\": \"CASCADE\", \"referencedTable\": \"interaccions\", \"referencedColumns\": [\"id\"]}, {\"name\": \"interaccions_users_permissions_user_links_inv_fk\", \"columns\": [\"user_id\"], \"onDelete\": \"CASCADE\", \"referencedTable\": \"up_users\", \"referencedColumns\": [\"id\"]}]}, {\"name\": \"interaccions_producto_links\", \"columns\": [{\"args\": [{\"primary\": true, \"primaryKey\": true}], \"name\": \"id\", \"type\": \"increments\", \"unsigned\": false, \"defaultTo\": null, \"notNullable\": true}, {\"args\": [], \"name\": \"interaccion_id\", \"type\": \"integer\", \"unsigned\": true, \"defaultTo\": null, \"notNullable\": false}, {\"args\": [], \"name\": \"producto_id\", \"type\": \"integer\", \"unsigned\": true, \"defaultTo\": null, \"notNullable\": false}], \"indexes\": [{\"name\": \"interaccions_producto_links_fk\", \"columns\": [\"interaccion_id\"]}, {\"name\": \"interaccions_producto_links_inv_fk\", \"columns\": [\"producto_id\"]}, {\"name\": \"interaccions_producto_links_unique\", \"type\": \"unique\", \"columns\": [\"interaccion_id\", \"producto_id\"]}], \"foreignKeys\": [{\"name\": \"interaccions_producto_links_fk\", \"columns\": [\"interaccion_id\"], \"onDelete\": \"CASCADE\", \"referencedTable\": \"interaccions\", \"referencedColumns\": [\"id\"]}, {\"name\": \"interaccions_producto_links_inv_fk\", \"columns\": [\"producto_id\"], \"onDelete\": \"CASCADE\", \"referencedTable\": \"productos\", \"referencedColumns\": [\"id\"]}]}, {\"name\": \"logs_admin_user_links\", \"columns\": [{\"args\": [{\"primary\": true, \"primaryKey\": true}], \"name\": \"id\", \"type\": \"increments\", \"unsigned\": false, \"defaultTo\": null, \"notNullable\": true}, {\"args\": [], \"name\": \"log_id\", \"type\": \"integer\", \"unsigned\": true, \"defaultTo\": null, \"notNullable\": false}, {\"args\": [], \"name\": \"user_id\", \"type\": \"integer\", \"unsigned\": true, \"defaultTo\": null, \"notNullable\": false}], \"indexes\": [{\"name\": \"logs_admin_user_links_fk\", \"columns\": [\"log_id\"]}, {\"name\": \"logs_admin_user_links_inv_fk\", \"columns\": [\"user_id\"]}, {\"name\": \"logs_admin_user_links_unique\", \"type\": \"unique\", \"columns\": [\"log_id\", \"user_id\"]}], \"foreignKeys\": [{\"name\": \"logs_admin_user_links_fk\", \"columns\": [\"log_id\"], \"onDelete\": \"CASCADE\", \"referencedTable\": \"logs\", \"referencedColumns\": [\"id\"]}, {\"name\": \"logs_admin_user_links_inv_fk\", \"columns\": [\"user_id\"], \"onDelete\": \"CASCADE\", \"referencedTable\": \"admin_users\", \"referencedColumns\": [\"id\"]}]}, {\"name\": \"ordens_components\", \"columns\": [{\"args\": [{\"primary\": true, \"primaryKey\": true}], \"name\": \"id\", \"type\": \"increments\", \"unsigned\": false, \"defaultTo\": null, \"notNullable\": true}, {\"args\": [], \"name\": \"entity_id\", \"type\": \"integer\", \"unsigned\": true, \"defaultTo\": null, \"notNullable\": false}, {\"args\": [], \"name\": \"component_id\", \"type\": \"integer\", \"unsigned\": true, \"defaultTo\": null, \"notNullable\": false}, {\"args\": [], \"name\": \"component_type\", \"type\": \"string\", \"unsigned\": false, \"defaultTo\": null, \"notNullable\": false}, {\"args\": [], \"name\": \"field\", \"type\": \"string\", \"unsigned\": false, \"defaultTo\": null, \"notNullable\": false}, {\"args\": [], \"name\": \"order\", \"type\": \"double\", \"unsigned\": true, \"defaultTo\": null, \"notNullable\": false}], \"indexes\": [{\"name\": \"ordens_field_index\", \"columns\": [\"field\"]}, {\"name\": \"ordens_component_type_index\", \"columns\": [\"component_type\"]}, {\"name\": \"ordens_entity_fk\", \"columns\": [\"entity_id\"]}, {\"name\": \"ordens_unique\", \"type\": \"unique\", \"columns\": [\"entity_id\", \"component_id\", \"field\", \"component_type\"]}], \"foreignKeys\": [{\"name\": \"ordens_entity_fk\", \"columns\": [\"entity_id\"], \"onDelete\": \"CASCADE\", \"referencedTable\": \"ordens\", \"referencedColumns\": [\"id\"]}]}, {\"name\": \"ordens_encargado_links\", \"columns\": [{\"args\": [{\"primary\": true, \"primaryKey\": true}], \"name\": \"id\", \"type\": \"increments\", \"unsigned\": false, \"defaultTo\": null, \"notNullable\": true}, {\"args\": [], \"name\": \"orden_id\", \"type\": \"integer\", \"unsigned\": true, \"defaultTo\": null, \"notNullable\": false}, {\"args\": [], \"name\": \"user_id\", \"type\": \"integer\", \"unsigned\": true, \"defaultTo\": null, \"notNullable\": false}], \"indexes\": [{\"name\": \"ordens_encargado_links_fk\", \"columns\": [\"orden_id\"]}, {\"name\": \"ordens_encargado_links_inv_fk\", \"columns\": [\"user_id\"]}, {\"name\": \"ordens_encargado_links_unique\", \"type\": \"unique\", \"columns\": [\"orden_id\", \"user_id\"]}], \"foreignKeys\": [{\"name\": \"ordens_encargado_links_fk\", \"columns\": [\"orden_id\"], \"onDelete\": \"CASCADE\", \"referencedTable\": \"ordens\", \"referencedColumns\": [\"id\"]}, {\"name\": \"ordens_encargado_links_inv_fk\", \"columns\": [\"user_id\"], \"onDelete\": \"CASCADE\", \"referencedTable\": \"up_users\", \"referencedColumns\": [\"id\"]}]}, {\"name\": \"ordens_proveedor_links\", \"columns\": [{\"args\": [{\"primary\": true, \"primaryKey\": true}], \"name\": \"id\", \"type\": \"increments\", \"unsigned\": false, \"defaultTo\": null, \"notNullable\": true}, {\"args\": [], \"name\": \"orden_id\", \"type\": \"integer\", \"unsigned\": true, \"defaultTo\": null, \"notNullable\": false}, {\"args\": [], \"name\": \"proveedor_id\", \"type\": \"integer\", \"unsigned\": true, \"defaultTo\": null, \"notNullable\": false}], \"indexes\": [{\"name\": \"ordens_proveedor_links_fk\", \"columns\": [\"orden_id\"]}, {\"name\": \"ordens_proveedor_links_inv_fk\", \"columns\": [\"proveedor_id\"]}, {\"name\": \"ordens_proveedor_links_unique\", \"type\": \"unique\", \"columns\": [\"orden_id\", \"proveedor_id\"]}], \"foreignKeys\": [{\"name\": \"ordens_proveedor_links_fk\", \"columns\": [\"orden_id\"], \"onDelete\": \"CASCADE\", \"referencedTable\": \"ordens\", \"referencedColumns\": [\"id\"]}, {\"name\": \"ordens_proveedor_links_inv_fk\", \"columns\": [\"proveedor_id\"], \"onDelete\": \"CASCADE\", \"referencedTable\": \"proveedors\", \"referencedColumns\": [\"id\"]}]}, {\"name\": \"productos_marca_links\", \"columns\": [{\"args\": [{\"primary\": true, \"primaryKey\": true}], \"name\": \"id\", \"type\": \"increments\", \"unsigned\": false, \"defaultTo\": null, \"notNullable\": true}, {\"args\": [], \"name\": \"producto_id\", \"type\": \"integer\", \"unsigned\": true, \"defaultTo\": null, \"notNullable\": false}, {\"args\": [], \"name\": \"marca_id\", \"type\": \"integer\", \"unsigned\": true, \"defaultTo\": null, \"notNullable\": false}], \"indexes\": [{\"name\": \"productos_marca_links_fk\", \"columns\": [\"producto_id\"]}, {\"name\": \"productos_marca_links_inv_fk\", \"columns\": [\"marca_id\"]}, {\"name\": \"productos_marca_links_unique\", \"type\": \"unique\", \"columns\": [\"producto_id\", \"marca_id\"]}], \"foreignKeys\": [{\"name\": \"productos_marca_links_fk\", \"columns\": [\"producto_id\"], \"onDelete\": \"CASCADE\", \"referencedTable\": \"productos\", \"referencedColumns\": [\"id\"]}, {\"name\": \"productos_marca_links_inv_fk\", \"columns\": [\"marca_id\"], \"onDelete\": \"CASCADE\", \"referencedTable\": \"marcas\", \"referencedColumns\": [\"id\"]}]}, {\"name\": \"productos_subcategorias_links\", \"columns\": [{\"args\": [{\"primary\": true, \"primaryKey\": true}], \"name\": \"id\", \"type\": \"increments\", \"unsigned\": false, \"defaultTo\": null, \"notNullable\": true}, {\"args\": [], \"name\": \"producto_id\", \"type\": \"integer\", \"unsigned\": true, \"defaultTo\": null, \"notNullable\": false}, {\"args\": [], \"name\": \"subcategoria_id\", \"type\": \"integer\", \"unsigned\": true, \"defaultTo\": null, \"notNullable\": false}, {\"args\": [], \"name\": \"subcategoria_order\", \"type\": \"double\", \"unsigned\": true, \"defaultTo\": null, \"notNullable\": false}], \"indexes\": [{\"name\": \"productos_subcategorias_links_fk\", \"columns\": [\"producto_id\"]}, {\"name\": \"productos_subcategorias_links_inv_fk\", \"columns\": [\"subcategoria_id\"]}, {\"name\": \"productos_subcategorias_links_unique\", \"type\": \"unique\", \"columns\": [\"producto_id\", \"subcategoria_id\"]}, {\"name\": \"productos_subcategorias_links_order_fk\", \"columns\": [\"subcategoria_order\"]}], \"foreignKeys\": [{\"name\": \"productos_subcategorias_links_fk\", \"columns\": [\"producto_id\"], \"onDelete\": \"CASCADE\", \"referencedTable\": \"productos\", \"referencedColumns\": [\"id\"]}, {\"name\": \"productos_subcategorias_links_inv_fk\", \"columns\": [\"subcategoria_id\"], \"onDelete\": \"CASCADE\", \"referencedTable\": \"subcategorias\", \"referencedColumns\": [\"id\"]}]}, {\"name\": \"subcategorias_categoria_links\", \"columns\": [{\"args\": [{\"primary\": true, \"primaryKey\": true}], \"name\": \"id\", \"type\": \"increments\", \"unsigned\": false, \"defaultTo\": null, \"notNullable\": true}, {\"args\": [], \"name\": \"subcategoria_id\", \"type\": \"integer\", \"unsigned\": true, \"defaultTo\": null, \"notNullable\": false}, {\"args\": [], \"name\": \"categoria_id\", \"type\": \"integer\", \"unsigned\": true, \"defaultTo\": null, \"notNullable\": false}], \"indexes\": [{\"name\": \"subcategorias_categoria_links_fk\", \"columns\": [\"subcategoria_id\"]}, {\"name\": \"subcategorias_categoria_links_inv_fk\", \"columns\": [\"categoria_id\"]}, {\"name\": \"subcategorias_categoria_links_unique\", \"type\": \"unique\", \"columns\": [\"subcategoria_id\", \"categoria_id\"]}], \"foreignKeys\": [{\"name\": \"subcategorias_categoria_links_fk\", \"columns\": [\"subcategoria_id\"], \"onDelete\": \"CASCADE\", \"referencedTable\": \"subcategorias\", \"referencedColumns\": [\"id\"]}, {\"name\": \"subcategorias_categoria_links_inv_fk\", \"columns\": [\"categoria_id\"], \"onDelete\": \"CASCADE\", \"referencedTable\": \"categorias\", \"referencedColumns\": [\"id\"]}]}, {\"name\": \"ventas_components\", \"columns\": [{\"args\": [{\"primary\": true, \"primaryKey\": true}], \"name\": \"id\", \"type\": \"increments\", \"unsigned\": false, \"defaultTo\": null, \"notNullable\": true}, {\"args\": [], \"name\": \"entity_id\", \"type\": \"integer\", \"unsigned\": true, \"defaultTo\": null, \"notNullable\": false}, {\"args\": [], \"name\": \"component_id\", \"type\": \"integer\", \"unsigned\": true, \"defaultTo\": null, \"notNullable\": false}, {\"args\": [], \"name\": \"component_type\", \"type\": \"string\", \"unsigned\": false, \"defaultTo\": null, \"notNullable\": false}, {\"args\": [], \"name\": \"field\", \"type\": \"string\", \"unsigned\": false, \"defaultTo\": null, \"notNullable\": false}, {\"args\": [], \"name\": \"order\", \"type\": \"double\", \"unsigned\": true, \"defaultTo\": null, \"notNullable\": false}], \"indexes\": [{\"name\": \"ventas_field_index\", \"columns\": [\"field\"]}, {\"name\": \"ventas_component_type_index\", \"columns\": [\"component_type\"]}, {\"name\": \"ventas_entity_fk\", \"columns\": [\"entity_id\"]}, {\"name\": \"ventas_unique\", \"type\": \"unique\", \"columns\": [\"entity_id\", \"component_id\", \"field\", \"component_type\"]}], \"foreignKeys\": [{\"name\": \"ventas_entity_fk\", \"columns\": [\"entity_id\"], \"onDelete\": \"CASCADE\", \"referencedTable\": \"ventas\", \"referencedColumns\": [\"id\"]}]}, {\"name\": \"ventas_cliente_links\", \"columns\": [{\"args\": [{\"primary\": true, \"primaryKey\": true}], \"name\": \"id\", \"type\": \"increments\", \"unsigned\": false, \"defaultTo\": null, \"notNullable\": true}, {\"args\": [], \"name\": \"venta_id\", \"type\": \"integer\", \"unsigned\": true, \"defaultTo\": null, \"notNullable\": false}, {\"args\": [], \"name\": \"user_id\", \"type\": \"integer\", \"unsigned\": true, \"defaultTo\": null, \"notNullable\": false}], \"indexes\": [{\"name\": \"ventas_cliente_links_fk\", \"columns\": [\"venta_id\"]}, {\"name\": \"ventas_cliente_links_inv_fk\", \"columns\": [\"user_id\"]}, {\"name\": \"ventas_cliente_links_unique\", \"type\": \"unique\", \"columns\": [\"venta_id\", \"user_id\"]}], \"foreignKeys\": [{\"name\": \"ventas_cliente_links_fk\", \"columns\": [\"venta_id\"], \"onDelete\": \"CASCADE\", \"referencedTable\": \"ventas\", \"referencedColumns\": [\"id\"]}, {\"name\": \"ventas_cliente_links_inv_fk\", \"columns\": [\"user_id\"], \"onDelete\": \"CASCADE\", \"referencedTable\": \"up_users\", \"referencedColumns\": [\"id\"]}]}, {\"name\": \"ventas_vendedor_links\", \"columns\": [{\"args\": [{\"primary\": true, \"primaryKey\": true}], \"name\": \"id\", \"type\": \"increments\", \"unsigned\": false, \"defaultTo\": null, \"notNullable\": true}, {\"args\": [], \"name\": \"venta_id\", \"type\": \"integer\", \"unsigned\": true, \"defaultTo\": null, \"notNullable\": false}, {\"args\": [], \"name\": \"user_id\", \"type\": \"integer\", \"unsigned\": true, \"defaultTo\": null, \"notNullable\": false}], \"indexes\": [{\"name\": \"ventas_vendedor_links_fk\", \"columns\": [\"venta_id\"]}, {\"name\": \"ventas_vendedor_links_inv_fk\", \"columns\": [\"user_id\"]}, {\"name\": \"ventas_vendedor_links_unique\", \"type\": \"unique\", \"columns\": [\"venta_id\", \"user_id\"]}], \"foreignKeys\": [{\"name\": \"ventas_vendedor_links_fk\", \"columns\": [\"venta_id\"], \"onDelete\": \"CASCADE\", \"referencedTable\": \"ventas\", \"referencedColumns\": [\"id\"]}, {\"name\": \"ventas_vendedor_links_inv_fk\", \"columns\": [\"user_id\"], \"onDelete\": \"CASCADE\", \"referencedTable\": \"up_users\", \"referencedColumns\": [\"id\"]}]}, {\"name\": \"components_detalles_detalles_producto_links\", \"columns\": [{\"args\": [{\"primary\": true, \"primaryKey\": true}], \"name\": \"id\", \"type\": \"increments\", \"unsigned\": false, \"defaultTo\": null, \"notNullable\": true}, {\"args\": [], \"name\": \"detalles_id\", \"type\": \"integer\", \"unsigned\": true, \"defaultTo\": null, \"notNullable\": false}, {\"args\": [], \"name\": \"producto_id\", \"type\": \"integer\", \"unsigned\": true, \"defaultTo\": null, \"notNullable\": false}], \"indexes\": [{\"name\": \"components_detalles_detalles_producto_links_fk\", \"columns\": [\"detalles_id\"]}, {\"name\": \"components_detalles_detalles_producto_links_inv_fk\", \"columns\": [\"producto_id\"]}, {\"name\": \"components_detalles_detalles_producto_links_unique\", \"type\": \"unique\", \"columns\": [\"detalles_id\", \"producto_id\"]}], \"foreignKeys\": [{\"name\": \"components_detalles_detalles_producto_links_fk\", \"columns\": [\"detalles_id\"], \"onDelete\": \"CASCADE\", \"referencedTable\": \"components_detalles_detalles\", \"referencedColumns\": [\"id\"]}, {\"name\": \"components_detalles_detalles_producto_links_inv_fk\", \"columns\": [\"producto_id\"], \"onDelete\": \"CASCADE\", \"referencedTable\": \"productos\", \"referencedColumns\": [\"id\"]}]}, {\"name\": \"components_detalles_devoluciones_producto_links\", \"columns\": [{\"args\": [{\"primary\": true, \"primaryKey\": true}], \"name\": \"id\", \"type\": \"increments\", \"unsigned\": false, \"defaultTo\": null, \"notNullable\": true}, {\"args\": [], \"name\": \"devoluciones_id\", \"type\": \"integer\", \"unsigned\": true, \"defaultTo\": null, \"notNullable\": false}, {\"args\": [], \"name\": \"producto_id\", \"type\": \"integer\", \"unsigned\": true, \"defaultTo\": null, \"notNullable\": false}], \"indexes\": [{\"name\": \"components_detalles_devoluciones_producto_links_fk\", \"columns\": [\"devoluciones_id\"]}, {\"name\": \"components_detalles_devoluciones_producto_links_inv_fk\", \"columns\": [\"producto_id\"]}, {\"name\": \"components_detalles_devoluciones_producto_links_unique\", \"type\": \"unique\", \"columns\": [\"devoluciones_id\", \"producto_id\"]}], \"foreignKeys\": [{\"name\": \"components_detalles_devoluciones_producto_links_fk\", \"columns\": [\"devoluciones_id\"], \"onDelete\": \"CASCADE\", \"referencedTable\": \"components_detalles_devoluciones\", \"referencedColumns\": [\"id\"]}, {\"name\": \"components_detalles_devoluciones_producto_links_inv_fk\", \"columns\": [\"producto_id\"], \"onDelete\": \"CASCADE\", \"referencedTable\": \"productos\", \"referencedColumns\": [\"id\"]}]}, {\"name\": \"components_detalles_ordenes_producto_links\", \"columns\": [{\"args\": [{\"primary\": true, \"primaryKey\": true}], \"name\": \"id\", \"type\": \"increments\", \"unsigned\": false, \"defaultTo\": null, \"notNullable\": true}, {\"args\": [], \"name\": \"ordenes_id\", \"type\": \"integer\", \"unsigned\": true, \"defaultTo\": null, \"notNullable\": false}, {\"args\": [], \"name\": \"producto_id\", \"type\": \"integer\", \"unsigned\": true, \"defaultTo\": null, \"notNullable\": false}], \"indexes\": [{\"name\": \"components_detalles_ordenes_producto_links_fk\", \"columns\": [\"ordenes_id\"]}, {\"name\": \"components_detalles_ordenes_producto_links_inv_fk\", \"columns\": [\"producto_id\"]}, {\"name\": \"components_detalles_ordenes_producto_links_unique\", \"type\": \"unique\", \"columns\": [\"ordenes_id\", \"producto_id\"]}], \"foreignKeys\": [{\"name\": \"components_detalles_ordenes_producto_links_fk\", \"columns\": [\"ordenes_id\"], \"onDelete\": \"CASCADE\", \"referencedTable\": \"components_detalles_ordenes\", \"referencedColumns\": [\"id\"]}, {\"name\": \"components_detalles_ordenes_producto_links_inv_fk\", \"columns\": [\"producto_id\"], \"onDelete\": \"CASCADE\", \"referencedTable\": \"productos\", \"referencedColumns\": [\"id\"]}]}]}','2024-05-07 22:44:32','57a8757b244d5ab0c6f6154d173bc774');
/*!40000 ALTER TABLE `strapi_database_schema` ENABLE KEYS */;
UNLOCK TABLES;

--
-- Table structure for table `strapi_migrations`
--

DROP TABLE IF EXISTS `strapi_migrations`;
/*!40101 SET @saved_cs_client     = @@character_set_client */;
/*!50503 SET character_set_client = utf8mb4 */;
CREATE TABLE `strapi_migrations` (
  `id` int unsigned NOT NULL AUTO_INCREMENT,
  `name` varchar(255) DEFAULT NULL,
  `time` datetime DEFAULT NULL,
  PRIMARY KEY (`id`)
) ENGINE=InnoDB DEFAULT CHARSET=utf8mb4 COLLATE=utf8mb4_0900_ai_ci;
/*!40101 SET character_set_client = @saved_cs_client */;

--
-- Dumping data for table `strapi_migrations`
--

LOCK TABLES `strapi_migrations` WRITE;
/*!40000 ALTER TABLE `strapi_migrations` DISABLE KEYS */;
/*!40000 ALTER TABLE `strapi_migrations` ENABLE KEYS */;
UNLOCK TABLES;

--
-- Table structure for table `strapi_release_actions`
--

DROP TABLE IF EXISTS `strapi_release_actions`;
/*!40101 SET @saved_cs_client     = @@character_set_client */;
/*!50503 SET character_set_client = utf8mb4 */;
CREATE TABLE `strapi_release_actions` (
  `id` int unsigned NOT NULL AUTO_INCREMENT,
  `type` varchar(255) DEFAULT NULL,
  `target_id` int unsigned DEFAULT NULL,
  `target_type` varchar(255) DEFAULT NULL,
  `content_type` varchar(255) DEFAULT NULL,
  `created_at` datetime(6) DEFAULT NULL,
  `updated_at` datetime(6) DEFAULT NULL,
  `created_by_id` int unsigned DEFAULT NULL,
  `updated_by_id` int unsigned DEFAULT NULL,
  `locale` varchar(255) DEFAULT NULL,
  `is_entry_valid` tinyint(1) DEFAULT NULL,
  PRIMARY KEY (`id`),
  KEY `strapi_release_actions_created_by_id_fk` (`created_by_id`),
  KEY `strapi_release_actions_updated_by_id_fk` (`updated_by_id`),
  CONSTRAINT `strapi_release_actions_created_by_id_fk` FOREIGN KEY (`created_by_id`) REFERENCES `admin_users` (`id`) ON DELETE SET NULL,
  CONSTRAINT `strapi_release_actions_updated_by_id_fk` FOREIGN KEY (`updated_by_id`) REFERENCES `admin_users` (`id`) ON DELETE SET NULL
) ENGINE=InnoDB DEFAULT CHARSET=utf8mb4 COLLATE=utf8mb4_0900_ai_ci;
/*!40101 SET character_set_client = @saved_cs_client */;

--
-- Dumping data for table `strapi_release_actions`
--

LOCK TABLES `strapi_release_actions` WRITE;
/*!40000 ALTER TABLE `strapi_release_actions` DISABLE KEYS */;
/*!40000 ALTER TABLE `strapi_release_actions` ENABLE KEYS */;
UNLOCK TABLES;

--
-- Table structure for table `strapi_release_actions_release_links`
--

DROP TABLE IF EXISTS `strapi_release_actions_release_links`;
/*!40101 SET @saved_cs_client     = @@character_set_client */;
/*!50503 SET character_set_client = utf8mb4 */;
CREATE TABLE `strapi_release_actions_release_links` (
  `id` int unsigned NOT NULL AUTO_INCREMENT,
  `release_action_id` int unsigned DEFAULT NULL,
  `release_id` int unsigned DEFAULT NULL,
  `release_action_order` double unsigned DEFAULT NULL,
  PRIMARY KEY (`id`),
  UNIQUE KEY `strapi_release_actions_release_links_unique` (`release_action_id`,`release_id`),
  KEY `strapi_release_actions_release_links_fk` (`release_action_id`),
  KEY `strapi_release_actions_release_links_inv_fk` (`release_id`),
  KEY `strapi_release_actions_release_links_order_inv_fk` (`release_action_order`),
  CONSTRAINT `strapi_release_actions_release_links_fk` FOREIGN KEY (`release_action_id`) REFERENCES `strapi_release_actions` (`id`) ON DELETE CASCADE,
  CONSTRAINT `strapi_release_actions_release_links_inv_fk` FOREIGN KEY (`release_id`) REFERENCES `strapi_releases` (`id`) ON DELETE CASCADE
) ENGINE=InnoDB DEFAULT CHARSET=utf8mb4 COLLATE=utf8mb4_0900_ai_ci;
/*!40101 SET character_set_client = @saved_cs_client */;

--
-- Dumping data for table `strapi_release_actions_release_links`
--

LOCK TABLES `strapi_release_actions_release_links` WRITE;
/*!40000 ALTER TABLE `strapi_release_actions_release_links` DISABLE KEYS */;
/*!40000 ALTER TABLE `strapi_release_actions_release_links` ENABLE KEYS */;
UNLOCK TABLES;

--
-- Table structure for table `strapi_releases`
--

DROP TABLE IF EXISTS `strapi_releases`;
/*!40101 SET @saved_cs_client     = @@character_set_client */;
/*!50503 SET character_set_client = utf8mb4 */;
CREATE TABLE `strapi_releases` (
  `id` int unsigned NOT NULL AUTO_INCREMENT,
  `name` varchar(255) DEFAULT NULL,
  `released_at` datetime(6) DEFAULT NULL,
  `created_at` datetime(6) DEFAULT NULL,
  `updated_at` datetime(6) DEFAULT NULL,
  `created_by_id` int unsigned DEFAULT NULL,
  `updated_by_id` int unsigned DEFAULT NULL,
  `scheduled_at` datetime(6) DEFAULT NULL,
  `timezone` varchar(255) DEFAULT NULL,
  `status` varchar(255) DEFAULT NULL,
  PRIMARY KEY (`id`),
  KEY `strapi_releases_created_by_id_fk` (`created_by_id`),
  KEY `strapi_releases_updated_by_id_fk` (`updated_by_id`),
  CONSTRAINT `strapi_releases_created_by_id_fk` FOREIGN KEY (`created_by_id`) REFERENCES `admin_users` (`id`) ON DELETE SET NULL,
  CONSTRAINT `strapi_releases_updated_by_id_fk` FOREIGN KEY (`updated_by_id`) REFERENCES `admin_users` (`id`) ON DELETE SET NULL
) ENGINE=InnoDB DEFAULT CHARSET=utf8mb4 COLLATE=utf8mb4_0900_ai_ci;
/*!40101 SET character_set_client = @saved_cs_client */;

--
-- Dumping data for table `strapi_releases`
--

LOCK TABLES `strapi_releases` WRITE;
/*!40000 ALTER TABLE `strapi_releases` DISABLE KEYS */;
/*!40000 ALTER TABLE `strapi_releases` ENABLE KEYS */;
UNLOCK TABLES;

--
-- Table structure for table `strapi_transfer_token_permissions`
--

DROP TABLE IF EXISTS `strapi_transfer_token_permissions`;
/*!40101 SET @saved_cs_client     = @@character_set_client */;
/*!50503 SET character_set_client = utf8mb4 */;
CREATE TABLE `strapi_transfer_token_permissions` (
  `id` int unsigned NOT NULL AUTO_INCREMENT,
  `action` varchar(255) DEFAULT NULL,
  `created_at` datetime(6) DEFAULT NULL,
  `updated_at` datetime(6) DEFAULT NULL,
  `created_by_id` int unsigned DEFAULT NULL,
  `updated_by_id` int unsigned DEFAULT NULL,
  PRIMARY KEY (`id`),
  KEY `strapi_transfer_token_permissions_created_by_id_fk` (`created_by_id`),
  KEY `strapi_transfer_token_permissions_updated_by_id_fk` (`updated_by_id`),
  CONSTRAINT `strapi_transfer_token_permissions_created_by_id_fk` FOREIGN KEY (`created_by_id`) REFERENCES `admin_users` (`id`) ON DELETE SET NULL,
  CONSTRAINT `strapi_transfer_token_permissions_updated_by_id_fk` FOREIGN KEY (`updated_by_id`) REFERENCES `admin_users` (`id`) ON DELETE SET NULL
) ENGINE=InnoDB DEFAULT CHARSET=utf8mb4 COLLATE=utf8mb4_0900_ai_ci;
/*!40101 SET character_set_client = @saved_cs_client */;

--
-- Dumping data for table `strapi_transfer_token_permissions`
--

LOCK TABLES `strapi_transfer_token_permissions` WRITE;
/*!40000 ALTER TABLE `strapi_transfer_token_permissions` DISABLE KEYS */;
/*!40000 ALTER TABLE `strapi_transfer_token_permissions` ENABLE KEYS */;
UNLOCK TABLES;

--
-- Table structure for table `strapi_transfer_token_permissions_token_links`
--

DROP TABLE IF EXISTS `strapi_transfer_token_permissions_token_links`;
/*!40101 SET @saved_cs_client     = @@character_set_client */;
/*!50503 SET character_set_client = utf8mb4 */;
CREATE TABLE `strapi_transfer_token_permissions_token_links` (
  `id` int unsigned NOT NULL AUTO_INCREMENT,
  `transfer_token_permission_id` int unsigned DEFAULT NULL,
  `transfer_token_id` int unsigned DEFAULT NULL,
  `transfer_token_permission_order` double unsigned DEFAULT NULL,
  PRIMARY KEY (`id`),
  UNIQUE KEY `strapi_transfer_token_permissions_token_links_unique` (`transfer_token_permission_id`,`transfer_token_id`),
  KEY `strapi_transfer_token_permissions_token_links_fk` (`transfer_token_permission_id`),
  KEY `strapi_transfer_token_permissions_token_links_inv_fk` (`transfer_token_id`),
  KEY `strapi_transfer_token_permissions_token_links_order_inv_fk` (`transfer_token_permission_order`),
  CONSTRAINT `strapi_transfer_token_permissions_token_links_fk` FOREIGN KEY (`transfer_token_permission_id`) REFERENCES `strapi_transfer_token_permissions` (`id`) ON DELETE CASCADE,
  CONSTRAINT `strapi_transfer_token_permissions_token_links_inv_fk` FOREIGN KEY (`transfer_token_id`) REFERENCES `strapi_transfer_tokens` (`id`) ON DELETE CASCADE
) ENGINE=InnoDB DEFAULT CHARSET=utf8mb4 COLLATE=utf8mb4_0900_ai_ci;
/*!40101 SET character_set_client = @saved_cs_client */;

--
-- Dumping data for table `strapi_transfer_token_permissions_token_links`
--

LOCK TABLES `strapi_transfer_token_permissions_token_links` WRITE;
/*!40000 ALTER TABLE `strapi_transfer_token_permissions_token_links` DISABLE KEYS */;
/*!40000 ALTER TABLE `strapi_transfer_token_permissions_token_links` ENABLE KEYS */;
UNLOCK TABLES;

--
-- Table structure for table `strapi_transfer_tokens`
--

DROP TABLE IF EXISTS `strapi_transfer_tokens`;
/*!40101 SET @saved_cs_client     = @@character_set_client */;
/*!50503 SET character_set_client = utf8mb4 */;
CREATE TABLE `strapi_transfer_tokens` (
  `id` int unsigned NOT NULL AUTO_INCREMENT,
  `name` varchar(255) DEFAULT NULL,
  `description` varchar(255) DEFAULT NULL,
  `access_key` varchar(255) DEFAULT NULL,
  `last_used_at` datetime(6) DEFAULT NULL,
  `expires_at` datetime(6) DEFAULT NULL,
  `lifespan` bigint DEFAULT NULL,
  `created_at` datetime(6) DEFAULT NULL,
  `updated_at` datetime(6) DEFAULT NULL,
  `created_by_id` int unsigned DEFAULT NULL,
  `updated_by_id` int unsigned DEFAULT NULL,
  PRIMARY KEY (`id`),
  KEY `strapi_transfer_tokens_created_by_id_fk` (`created_by_id`),
  KEY `strapi_transfer_tokens_updated_by_id_fk` (`updated_by_id`),
  CONSTRAINT `strapi_transfer_tokens_created_by_id_fk` FOREIGN KEY (`created_by_id`) REFERENCES `admin_users` (`id`) ON DELETE SET NULL,
  CONSTRAINT `strapi_transfer_tokens_updated_by_id_fk` FOREIGN KEY (`updated_by_id`) REFERENCES `admin_users` (`id`) ON DELETE SET NULL
) ENGINE=InnoDB DEFAULT CHARSET=utf8mb4 COLLATE=utf8mb4_0900_ai_ci;
/*!40101 SET character_set_client = @saved_cs_client */;

--
-- Dumping data for table `strapi_transfer_tokens`
--

LOCK TABLES `strapi_transfer_tokens` WRITE;
/*!40000 ALTER TABLE `strapi_transfer_tokens` DISABLE KEYS */;
/*!40000 ALTER TABLE `strapi_transfer_tokens` ENABLE KEYS */;
UNLOCK TABLES;

--
-- Table structure for table `strapi_webhooks`
--

DROP TABLE IF EXISTS `strapi_webhooks`;
/*!40101 SET @saved_cs_client     = @@character_set_client */;
/*!50503 SET character_set_client = utf8mb4 */;
CREATE TABLE `strapi_webhooks` (
  `id` int unsigned NOT NULL AUTO_INCREMENT,
  `name` varchar(255) DEFAULT NULL,
  `url` longtext,
  `headers` json DEFAULT NULL,
  `events` json DEFAULT NULL,
  `enabled` tinyint(1) DEFAULT NULL,
  PRIMARY KEY (`id`)
) ENGINE=InnoDB DEFAULT CHARSET=utf8mb4 COLLATE=utf8mb4_0900_ai_ci;
/*!40101 SET character_set_client = @saved_cs_client */;

--
-- Dumping data for table `strapi_webhooks`
--

LOCK TABLES `strapi_webhooks` WRITE;
/*!40000 ALTER TABLE `strapi_webhooks` DISABLE KEYS */;
/*!40000 ALTER TABLE `strapi_webhooks` ENABLE KEYS */;
UNLOCK TABLES;

--
-- Table structure for table `subcategorias`
--

DROP TABLE IF EXISTS `subcategorias`;
/*!40101 SET @saved_cs_client     = @@character_set_client */;
/*!50503 SET character_set_client = utf8mb4 */;
CREATE TABLE `subcategorias` (
  `id` int unsigned NOT NULL AUTO_INCREMENT,
  `nombre` varchar(255) DEFAULT NULL,
  `descripcion` longtext,
  `created_at` datetime(6) DEFAULT NULL,
  `updated_at` datetime(6) DEFAULT NULL,
  `created_by_id` int unsigned DEFAULT NULL,
  `updated_by_id` int unsigned DEFAULT NULL,
  PRIMARY KEY (`id`),
  KEY `subcategorias_created_by_id_fk` (`created_by_id`),
  KEY `subcategorias_updated_by_id_fk` (`updated_by_id`),
  CONSTRAINT `subcategorias_created_by_id_fk` FOREIGN KEY (`created_by_id`) REFERENCES `admin_users` (`id`) ON DELETE SET NULL,
  CONSTRAINT `subcategorias_updated_by_id_fk` FOREIGN KEY (`updated_by_id`) REFERENCES `admin_users` (`id`) ON DELETE SET NULL
) ENGINE=InnoDB AUTO_INCREMENT=18 DEFAULT CHARSET=utf8mb4 COLLATE=utf8mb4_0900_ai_ci;
/*!40101 SET character_set_client = @saved_cs_client */;

--
-- Dumping data for table `subcategorias`
--

LOCK TABLES `subcategorias` WRITE;
/*!40000 ALTER TABLE `subcategorias` DISABLE KEYS */;
INSERT INTO `subcategorias` VALUES (1,'Laptops Gaming',NULL,'2023-07-30 12:36:48.823000','2023-10-21 19:32:05.720000',1,1),(2,'Consolas',NULL,'2023-08-06 17:56:45.641000','2023-10-21 19:31:51.293000',1,1),(3,'Televisores',NULL,'2023-10-21 19:01:50.424000','2023-10-21 19:01:50.424000',1,1),(4,'Accesorios TV y Vdeo',NULL,'2023-10-21 19:03:22.033000','2023-10-21 19:03:22.033000',1,1),(5,'Complementos TV y Vdeo',NULL,'2023-10-21 19:03:46.904000','2023-10-21 19:03:46.904000',1,1),(6,'Parlantes Porttiles',NULL,'2023-10-21 19:32:47.937000','2023-10-21 19:33:02.882000',1,1),(7,'Teatro en Casa',NULL,'2023-10-21 19:33:23.943000','2023-10-21 19:33:23.943000',1,1),(8,'Barras de Sonido',NULL,'2023-10-21 19:33:43.327000','2023-10-21 19:33:43.327000',1,1),(9,'Amplificadores',NULL,'2023-10-21 19:33:58.873000','2023-10-21 19:33:58.873000',1,1),(10,'Parlantes Inteligentes',NULL,'2023-10-21 19:34:24.413000','2023-10-21 19:34:24.413000',1,1),(11,'Accesorios para Audio',NULL,'2023-10-21 19:36:28.689000','2023-10-21 19:36:33.493000',1,1),(12,'Monitores',NULL,'2023-10-21 19:41:55.717000','2023-10-21 19:42:04.623000',1,1),(13,'Tablets',NULL,'2023-10-21 19:43:31.302000','2023-10-21 19:43:31.302000',1,1),(14,'Impresoras',NULL,'2023-10-21 19:44:02.282000','2023-10-21 19:44:02.282000',1,1),(15,'Laptops y Computadoras de Escritorio',NULL,'2023-10-21 19:47:27.285000','2023-10-21 19:47:27.285000',1,1),(16,'UPS Y Protector de corriente',NULL,'2023-10-21 19:49:05.326000','2023-10-21 19:49:05.326000',1,1),(17,'Celulares',NULL,'2023-10-21 19:53:06.607000','2023-10-21 19:53:06.607000',1,1);
/*!40000 ALTER TABLE `subcategorias` ENABLE KEYS */;
UNLOCK TABLES;

--
-- Table structure for table `subcategorias_categoria_links`
--

DROP TABLE IF EXISTS `subcategorias_categoria_links`;
/*!40101 SET @saved_cs_client     = @@character_set_client */;
/*!50503 SET character_set_client = utf8mb4 */;
CREATE TABLE `subcategorias_categoria_links` (
  `id` int unsigned NOT NULL AUTO_INCREMENT,
  `subcategoria_id` int unsigned DEFAULT NULL,
  `categoria_id` int unsigned DEFAULT NULL,
  PRIMARY KEY (`id`),
  UNIQUE KEY `subcategorias_categoria_links_unique` (`subcategoria_id`,`categoria_id`),
  KEY `subcategorias_categoria_links_fk` (`subcategoria_id`),
  KEY `subcategorias_categoria_links_inv_fk` (`categoria_id`),
  CONSTRAINT `subcategorias_categoria_links_fk` FOREIGN KEY (`subcategoria_id`) REFERENCES `subcategorias` (`id`) ON DELETE CASCADE,
  CONSTRAINT `subcategorias_categoria_links_inv_fk` FOREIGN KEY (`categoria_id`) REFERENCES `categorias` (`id`) ON DELETE CASCADE
) ENGINE=InnoDB AUTO_INCREMENT=19 DEFAULT CHARSET=utf8mb4 COLLATE=utf8mb4_0900_ai_ci;
/*!40101 SET character_set_client = @saved_cs_client */;

--
-- Dumping data for table `subcategorias_categoria_links`
--

LOCK TABLES `subcategorias_categoria_links` WRITE;
/*!40000 ALTER TABLE `subcategorias_categoria_links` DISABLE KEYS */;
INSERT INTO `subcategorias_categoria_links` VALUES (3,1,2),(2,2,2),(4,3,3),(5,4,3),(6,5,3),(7,6,5),(8,7,5),(9,8,5),(10,9,5),(11,10,5),(12,11,5),(13,12,1),(14,13,1),(15,14,1),(16,15,1),(17,16,1),(18,17,4);
/*!40000 ALTER TABLE `subcategorias_categoria_links` ENABLE KEYS */;
UNLOCK TABLES;

--
-- Table structure for table `sucursals`
--

DROP TABLE IF EXISTS `sucursals`;
/*!40101 SET @saved_cs_client     = @@character_set_client */;
/*!50503 SET character_set_client = utf8mb4 */;
CREATE TABLE `sucursals` (
  `id` int unsigned NOT NULL AUTO_INCREMENT,
  `nombre` varchar(255) DEFAULT NULL,
  `direccion` varchar(255) DEFAULT NULL,
  `telefono` varchar(255) DEFAULT NULL,
  `correo_sucursal` varchar(255) DEFAULT NULL,
  `fecha_apertura` date DEFAULT NULL,
  `activa` tinyint(1) DEFAULT NULL,
  `created_at` datetime(6) DEFAULT NULL,
  `updated_at` datetime(6) DEFAULT NULL,
  `created_by_id` int unsigned DEFAULT NULL,
  `updated_by_id` int unsigned DEFAULT NULL,
  PRIMARY KEY (`id`),
  KEY `sucursals_created_by_id_fk` (`created_by_id`),
  KEY `sucursals_updated_by_id_fk` (`updated_by_id`),
  CONSTRAINT `sucursals_created_by_id_fk` FOREIGN KEY (`created_by_id`) REFERENCES `admin_users` (`id`) ON DELETE SET NULL,
  CONSTRAINT `sucursals_updated_by_id_fk` FOREIGN KEY (`updated_by_id`) REFERENCES `admin_users` (`id`) ON DELETE SET NULL
) ENGINE=InnoDB AUTO_INCREMENT=2 DEFAULT CHARSET=utf8mb4 COLLATE=utf8mb4_0900_ai_ci;
/*!40101 SET character_set_client = @saved_cs_client */;

--
-- Dumping data for table `sucursals`
--

LOCK TABLES `sucursals` WRITE;
/*!40000 ALTER TABLE `sucursals` DISABLE KEYS */;
INSERT INTO `sucursals` VALUES (1,'Sucursal de Comayagua','Comayagua, La Paz. Barrio los prados','31312343','sucursal.comayagua@gmail.com','2023-08-06',1,'2023-08-06 17:10:41.965000','2023-08-06 17:54:57.523000',1,1);
/*!40000 ALTER TABLE `sucursals` ENABLE KEYS */;
UNLOCK TABLES;

--
-- Table structure for table `up_permissions`
--

DROP TABLE IF EXISTS `up_permissions`;
/*!40101 SET @saved_cs_client     = @@character_set_client */;
/*!50503 SET character_set_client = utf8mb4 */;
CREATE TABLE `up_permissions` (
  `id` int unsigned NOT NULL AUTO_INCREMENT,
  `action` varchar(255) DEFAULT NULL,
  `created_at` datetime(6) DEFAULT NULL,
  `updated_at` datetime(6) DEFAULT NULL,
  `created_by_id` int unsigned DEFAULT NULL,
  `updated_by_id` int unsigned DEFAULT NULL,
  PRIMARY KEY (`id`),
  KEY `up_permissions_created_by_id_fk` (`created_by_id`),
  KEY `up_permissions_updated_by_id_fk` (`updated_by_id`),
  CONSTRAINT `up_permissions_created_by_id_fk` FOREIGN KEY (`created_by_id`) REFERENCES `admin_users` (`id`) ON DELETE SET NULL,
  CONSTRAINT `up_permissions_updated_by_id_fk` FOREIGN KEY (`updated_by_id`) REFERENCES `admin_users` (`id`) ON DELETE SET NULL
) ENGINE=InnoDB AUTO_INCREMENT=171 DEFAULT CHARSET=utf8mb4 COLLATE=utf8mb4_0900_ai_ci;
/*!40101 SET character_set_client = @saved_cs_client */;

--
-- Dumping data for table `up_permissions`
--

LOCK TABLES `up_permissions` WRITE;
/*!40000 ALTER TABLE `up_permissions` DISABLE KEYS */;
INSERT INTO `up_permissions` VALUES (1,'plugin::users-permissions.user.me','2023-07-01 22:43:13.391000','2023-07-01 22:43:13.391000',NULL,NULL),(2,'plugin::users-permissions.auth.changePassword','2023-07-01 22:43:13.391000','2023-07-01 22:43:13.391000',NULL,NULL),(3,'plugin::users-permissions.auth.callback','2023-07-01 22:43:13.414000','2023-07-01 22:43:13.414000',NULL,NULL),(4,'plugin::users-permissions.auth.connect','2023-07-01 22:43:13.414000','2023-07-01 22:43:13.414000',NULL,NULL),(5,'plugin::users-permissions.auth.forgotPassword','2023-07-01 22:43:13.414000','2023-07-01 22:43:13.414000',NULL,NULL),(6,'plugin::users-permissions.auth.resetPassword','2023-07-01 22:43:13.414000','2023-07-01 22:43:13.414000',NULL,NULL),(7,'plugin::users-permissions.auth.register','2023-07-01 22:43:13.414000','2023-07-01 22:43:13.414000',NULL,NULL),(8,'plugin::users-permissions.auth.emailConfirmation','2023-07-01 22:43:13.414000','2023-07-01 22:43:13.414000',NULL,NULL),(9,'plugin::users-permissions.auth.sendEmailConfirmation','2023-07-01 22:43:13.414000','2023-07-01 22:43:13.414000',NULL,NULL),(38,'api::producto.producto.find','2023-07-30 11:25:02.078000','2023-07-30 11:25:02.078000',NULL,NULL),(45,'plugin::users-permissions.auth.connect','2023-09-03 17:44:01.578000','2023-09-03 17:44:01.578000',NULL,NULL),(46,'plugin::users-permissions.auth.callback','2023-09-03 17:44:20.133000','2023-09-03 17:44:20.133000',NULL,NULL),(47,'plugin::users-permissions.auth.forgotPassword','2023-09-03 17:44:20.133000','2023-09-03 17:44:20.133000',NULL,NULL),(48,'plugin::users-permissions.auth.register','2023-09-03 17:44:20.133000','2023-09-03 17:44:20.133000',NULL,NULL),(49,'plugin::users-permissions.auth.emailConfirmation','2023-09-03 17:44:20.133000','2023-09-03 17:44:20.133000',NULL,NULL),(50,'plugin::users-permissions.auth.resetPassword','2023-09-03 17:52:33.641000','2023-09-03 17:52:33.641000',NULL,NULL),(51,'plugin::users-permissions.auth.sendEmailConfirmation','2023-09-03 17:52:33.641000','2023-09-03 17:52:33.641000',NULL,NULL),(52,'api::subcategoria.subcategoria.find','2023-09-10 17:05:17.269000','2023-09-10 17:05:17.269000',NULL,NULL),(53,'api::subcategoria.subcategoria.findOne','2023-09-10 17:05:17.269000','2023-09-10 17:05:17.269000',NULL,NULL),(54,'api::categoria.categoria.update','2023-10-07 20:49:28.893000','2023-10-07 20:49:28.893000',NULL,NULL),(55,'api::cupon.cupon.find','2023-10-08 13:00:13.901000','2023-10-08 13:00:13.901000',NULL,NULL),(56,'api::cupon.cupon.findOne','2023-10-08 13:00:13.901000','2023-10-08 13:00:13.901000',NULL,NULL),(57,'api::cupon.cupon.create','2023-10-08 13:00:13.901000','2023-10-08 13:00:13.901000',NULL,NULL),(58,'api::cupon.cupon.update','2023-10-08 13:00:13.901000','2023-10-08 13:00:13.901000',NULL,NULL),(59,'api::cupon.cupon.delete','2023-10-08 13:00:13.901000','2023-10-08 13:00:13.901000',NULL,NULL),(60,'api::interaccion.interaccion.find','2023-10-08 13:00:13.902000','2023-10-08 13:00:13.902000',NULL,NULL),(61,'api::interaccion.interaccion.findOne','2023-10-08 13:00:13.902000','2023-10-08 13:00:13.902000',NULL,NULL),(62,'api::devolucion.devolucion.find','2023-10-08 13:03:50.844000','2023-10-08 13:03:50.844000',NULL,NULL),(63,'api::devolucion.devolucion.findOne','2023-10-08 13:03:50.844000','2023-10-08 13:03:50.844000',NULL,NULL),(64,'api::devolucion.devolucion.create','2023-10-08 13:03:50.844000','2023-10-08 13:03:50.844000',NULL,NULL),(65,'api::devolucion.devolucion.update','2023-10-08 13:03:50.844000','2023-10-08 13:03:50.844000',NULL,NULL),(70,'api::garantia.garantia.find','2023-10-08 13:03:50.844000','2023-10-08 13:03:50.844000',NULL,NULL),(71,'api::garantia.garantia.findOne','2023-10-08 13:03:50.844000','2023-10-08 13:03:50.844000',NULL,NULL),(72,'api::garantia.garantia.update','2023-10-08 13:03:50.844000','2023-10-08 13:03:50.844000',NULL,NULL),(74,'api::venta.venta.findOne','2023-10-08 13:03:50.845000','2023-10-08 13:03:50.845000',NULL,NULL),(75,'api::venta.venta.create','2023-10-08 13:03:50.845000','2023-10-08 13:03:50.845000',NULL,NULL),(76,'api::venta.venta.update','2023-10-08 13:03:50.845000','2023-10-08 13:03:50.845000',NULL,NULL),(77,'api::subcategoria.subcategoria.find','2023-10-08 13:04:27.019000','2023-10-08 13:04:27.019000',NULL,NULL),(79,'api::categoria.categoria.find','2023-10-10 15:57:07.010000','2023-10-10 15:57:07.010000',NULL,NULL),(93,'api::promocion.promocion.find','2023-10-13 17:18:12.315000','2023-10-13 17:18:12.315000',NULL,NULL),(96,'api::categoria.categoria.create','2023-10-13 18:58:29.193000','2023-10-13 18:58:29.193000',NULL,NULL),(97,'api::producto.producto.create','2023-10-15 08:23:21.993000','2023-10-15 08:23:21.993000',NULL,NULL),(98,'api::producto.producto.find','2023-10-15 08:26:53.646000','2023-10-15 08:26:53.646000',NULL,NULL),(99,'api::producto.producto.findOne','2023-10-15 08:26:53.646000','2023-10-15 08:26:53.646000',NULL,NULL),(100,'api::producto.producto.update','2023-10-15 08:26:53.646000','2023-10-15 08:26:53.646000',NULL,NULL),(101,'plugin::upload.content-api.find','2023-10-15 18:02:29.384000','2023-10-15 18:02:29.384000',NULL,NULL),(102,'api::venta.venta.find','2023-10-18 16:00:50.601000','2023-10-18 16:00:50.601000',NULL,NULL),(103,'api::venta.venta.findOne','2023-10-18 16:00:50.601000','2023-10-18 16:00:50.601000',NULL,NULL),(104,'api::venta.venta.create','2023-10-18 16:00:50.601000','2023-10-18 16:00:50.601000',NULL,NULL),(105,'api::venta.venta.update','2023-10-18 16:00:50.601000','2023-10-18 16:00:50.601000',NULL,NULL),(106,'plugin::users-permissions.user.find','2023-10-18 17:46:39.159000','2023-10-18 17:46:39.159000',NULL,NULL),(110,'api::venta.venta.find','2023-10-18 19:35:10.938000','2023-10-18 19:35:10.938000',NULL,NULL),(111,'api::producto.producto.find','2023-10-18 19:35:44.816000','2023-10-18 19:35:44.816000',NULL,NULL),(112,'api::categoria.categoria.find','2023-10-18 19:36:04.232000','2023-10-18 19:36:04.232000',NULL,NULL),(113,'api::subcategoria.subcategoria.find','2023-10-18 19:37:29.097000','2023-10-18 19:37:29.097000',NULL,NULL),(114,'plugin::users-permissions.user.find','2023-10-18 19:37:49.490000','2023-10-18 19:37:49.490000',NULL,NULL),(115,'api::danado.danado.find','2023-10-20 21:38:06.641000','2023-10-20 21:38:06.641000',NULL,NULL),(116,'api::danado.danado.findOne','2023-10-20 21:38:06.641000','2023-10-20 21:38:06.641000',NULL,NULL),(117,'api::danado.danado.create','2023-10-20 21:38:06.641000','2023-10-20 21:38:06.641000',NULL,NULL),(118,'plugin::users-permissions.role.find','2023-10-21 11:44:30.802000','2023-10-21 11:44:30.802000',NULL,NULL),(119,'plugin::users-permissions.role.findOne','2023-10-21 11:47:31.047000','2023-10-21 11:47:31.047000',NULL,NULL),(120,'api::marca.marca.find','2023-10-21 20:07:43.638000','2023-10-21 20:07:43.638000',NULL,NULL),(121,'api::producto.producto.findOne','2023-10-21 20:07:43.638000','2023-10-21 20:07:43.638000',NULL,NULL),(122,'api::empresa.empresa.find','2023-10-21 23:51:17.546000','2023-10-21 23:51:17.546000',NULL,NULL),(123,'api::empresa.empresa.find','2023-10-21 23:51:51.817000','2023-10-21 23:51:51.817000',NULL,NULL),(124,'api::empresa.empresa.find','2023-10-23 17:42:33.827000','2023-10-23 17:42:33.827000',NULL,NULL),(125,'api::correlativo.correlativo.find','2023-10-24 20:05:18.451000','2023-10-24 20:05:18.451000',NULL,NULL),(126,'api::correlativo.correlativo.find','2023-10-24 20:14:43.443000','2023-10-24 20:14:43.443000',NULL,NULL),(127,'api::correlativo.correlativo.update','2023-10-24 20:18:41.296000','2023-10-24 20:18:41.296000',NULL,NULL),(128,'api::correlativo.correlativo.update','2023-10-24 20:19:01.412000','2023-10-24 20:19:01.412000',NULL,NULL),(129,'api::producto.producto.update','2023-10-27 19:48:12.636000','2023-10-27 19:48:12.636000',NULL,NULL),(130,'api::producto.producto.findOne','2023-10-27 21:35:30.799000','2023-10-27 21:35:30.799000',NULL,NULL),(131,'api::devolucion.devolucion.find','2023-11-01 15:28:38.599000','2023-11-01 15:28:38.599000',NULL,NULL),(132,'api::devolucion.devolucion.findOne','2023-11-01 15:28:38.599000','2023-11-01 15:28:38.599000',NULL,NULL),(133,'api::devolucion.devolucion.create','2023-11-01 15:28:38.599000','2023-11-01 15:28:38.599000',NULL,NULL),(134,'api::devolucion.devolucion.update','2023-11-01 15:28:38.599000','2023-11-01 15:28:38.599000',NULL,NULL),(139,'api::orden.orden.find','2023-11-21 18:51:32.364000','2023-11-21 18:51:32.364000',NULL,NULL),(140,'api::orden.orden.findOne','2023-11-21 18:51:32.364000','2023-11-21 18:51:32.364000',NULL,NULL),(141,'api::orden.orden.create','2023-11-21 18:51:32.364000','2023-11-21 18:51:32.364000',NULL,NULL),(142,'api::orden.orden.update','2023-11-21 18:51:32.364000','2023-11-21 18:51:32.364000',NULL,NULL),(145,'plugin::users-permissions.user.find','2023-11-21 19:04:31.345000','2023-11-21 19:04:31.345000',NULL,NULL),(146,'api::proveedor.proveedor.find','2023-11-21 19:06:56.815000','2023-11-21 19:06:56.815000',NULL,NULL),(147,'api::proveedor.proveedor.findOne','2023-11-21 19:06:56.815000','2023-11-21 19:06:56.815000',NULL,NULL),(148,'api::venta.venta.report','2023-11-25 19:17:57.687000','2023-11-25 19:17:57.687000',NULL,NULL),(149,'api::venta.venta.report','2023-11-25 19:19:01.877000','2023-11-25 19:19:01.877000',NULL,NULL),(153,'api::devolucion.devolucion.report','2023-11-26 13:10:51.219000','2023-11-26 13:10:51.219000',NULL,NULL),(154,'api::compra.compra.find','2023-12-08 17:28:56.110000','2023-12-08 17:28:56.110000',NULL,NULL),(155,'api::compra.compra.findOne','2023-12-08 17:28:56.110000','2023-12-08 17:28:56.110000',NULL,NULL),(156,'api::compra.compra.create','2023-12-08 17:28:56.110000','2023-12-08 17:28:56.110000',NULL,NULL),(157,'api::compra.compra.update','2023-12-08 17:28:56.110000','2023-12-08 17:28:56.110000',NULL,NULL),(158,'api::producto.producto.find','2023-12-08 17:29:03.518000','2023-12-08 17:29:03.518000',NULL,NULL),(159,'api::producto.producto.findOne','2023-12-08 17:29:03.519000','2023-12-08 17:29:03.519000',NULL,NULL),(160,'api::producto.producto.create','2023-12-08 17:29:03.519000','2023-12-08 17:29:03.519000',NULL,NULL),(161,'api::producto.producto.update','2023-12-08 17:29:03.519000','2023-12-08 17:29:03.519000',NULL,NULL),(166,'api::sucursal.sucursal.find','2024-03-30 08:07:19.619000','2024-03-30 08:07:19.619000',NULL,NULL),(167,'api::sucursal.sucursal.findOne','2024-03-30 08:07:19.620000','2024-03-30 08:07:19.620000',NULL,NULL),(169,'plugin::users-permissions.user.findOne','2024-03-30 14:31:14.772000','2024-03-30 14:31:14.772000',NULL,NULL),(170,'plugin::users-permissions.user.me','2024-03-30 14:31:14.772000','2024-03-30 14:31:14.772000',NULL,NULL);
/*!40000 ALTER TABLE `up_permissions` ENABLE KEYS */;
UNLOCK TABLES;

--
-- Table structure for table `up_permissions_role_links`
--

DROP TABLE IF EXISTS `up_permissions_role_links`;
/*!40101 SET @saved_cs_client     = @@character_set_client */;
/*!50503 SET character_set_client = utf8mb4 */;
CREATE TABLE `up_permissions_role_links` (
  `id` int unsigned NOT NULL AUTO_INCREMENT,
  `permission_id` int unsigned DEFAULT NULL,
  `role_id` int unsigned DEFAULT NULL,
  `permission_order` double unsigned DEFAULT NULL,
  PRIMARY KEY (`id`),
  UNIQUE KEY `up_permissions_role_links_unique` (`permission_id`,`role_id`),
  KEY `up_permissions_role_links_fk` (`permission_id`),
  KEY `up_permissions_role_links_inv_fk` (`role_id`),
  KEY `up_permissions_role_links_order_inv_fk` (`permission_order`),
  CONSTRAINT `up_permissions_role_links_fk` FOREIGN KEY (`permission_id`) REFERENCES `up_permissions` (`id`) ON DELETE CASCADE,
  CONSTRAINT `up_permissions_role_links_inv_fk` FOREIGN KEY (`role_id`) REFERENCES `up_roles` (`id`) ON DELETE CASCADE
) ENGINE=InnoDB AUTO_INCREMENT=171 DEFAULT CHARSET=utf8mb4 COLLATE=utf8mb4_0900_ai_ci;
/*!40101 SET character_set_client = @saved_cs_client */;

--
-- Dumping data for table `up_permissions_role_links`
--

LOCK TABLES `up_permissions_role_links` WRITE;
/*!40000 ALTER TABLE `up_permissions_role_links` DISABLE KEYS */;
INSERT INTO `up_permissions_role_links` VALUES (1,1,1,1),(2,2,1,1),(3,3,2,1),(4,9,2,1),(5,8,2,1),(6,4,2,1),(7,6,2,1),(8,7,2,1),(9,5,2,2),(38,38,2,9),(45,45,1,3),(46,46,1,4),(47,47,1,4),(48,48,1,4),(49,49,1,4),(50,50,1,5),(51,51,1,5),(52,52,1,6),(53,53,1,6),(54,54,1,7),(55,55,4,1),(56,56,4,1),(57,57,4,1),(58,58,4,1),(59,60,4,1),(60,59,4,1),(61,61,4,2),(62,62,5,1),(63,63,5,1),(64,64,5,1),(65,65,5,1),(67,70,5,1),(70,74,5,1),(72,71,5,2),(73,72,5,2),(75,75,5,2),(76,76,5,3),(77,77,2,10),(79,79,2,11),(93,93,4,3),(96,96,2,12),(97,97,1,8),(98,98,1,9),(99,99,1,9),(100,100,1,9),(101,101,1,10),(102,102,1,11),(103,103,1,11),(104,104,1,11),(105,105,1,11),(106,106,1,12),(110,110,5,5),(111,111,5,6),(112,112,5,7),(113,113,5,8),(114,114,5,9),(115,115,5,10),(116,116,5,10),(117,117,5,10),(118,118,1,13),(119,119,1,14),(120,120,2,13),(121,121,2,13),(122,122,5,11),(123,123,1,15),(124,124,2,14),(125,125,5,12),(126,126,1,16),(127,127,5,13),(128,128,1,17),(129,129,5,14),(130,130,5,15),(131,131,1,18),(132,132,1,18),(133,133,1,18),(134,134,1,18),(139,139,8,1),(140,140,8,1),(141,141,8,1),(142,142,8,1),(145,145,8,3),(146,146,8,4),(147,147,8,4),(148,148,5,16),(149,149,1,19),(153,153,1,20),(154,154,8,5),(155,155,8,5),(156,156,8,5),(157,157,8,5),(158,158,8,6),(159,160,8,6),(160,159,8,6),(161,161,8,6),(166,166,2,15),(167,167,2,15),(169,169,5,17),(170,170,5,17);
/*!40000 ALTER TABLE `up_permissions_role_links` ENABLE KEYS */;
UNLOCK TABLES;

--
-- Table structure for table `up_roles`
--

DROP TABLE IF EXISTS `up_roles`;
/*!40101 SET @saved_cs_client     = @@character_set_client */;
/*!50503 SET character_set_client = utf8mb4 */;
CREATE TABLE `up_roles` (
  `id` int unsigned NOT NULL AUTO_INCREMENT,
  `name` varchar(255) DEFAULT NULL,
  `description` varchar(255) DEFAULT NULL,
  `type` varchar(255) DEFAULT NULL,
  `created_at` datetime(6) DEFAULT NULL,
  `updated_at` datetime(6) DEFAULT NULL,
  `created_by_id` int unsigned DEFAULT NULL,
  `updated_by_id` int unsigned DEFAULT NULL,
  PRIMARY KEY (`id`),
  KEY `up_roles_created_by_id_fk` (`created_by_id`),
  KEY `up_roles_updated_by_id_fk` (`updated_by_id`),
  CONSTRAINT `up_roles_created_by_id_fk` FOREIGN KEY (`created_by_id`) REFERENCES `admin_users` (`id`) ON DELETE SET NULL,
  CONSTRAINT `up_roles_updated_by_id_fk` FOREIGN KEY (`updated_by_id`) REFERENCES `admin_users` (`id`) ON DELETE SET NULL
) ENGINE=InnoDB AUTO_INCREMENT=9 DEFAULT CHARSET=utf8mb4 COLLATE=utf8mb4_0900_ai_ci;
/*!40101 SET character_set_client = @saved_cs_client */;

--
-- Dumping data for table `up_roles`
--

LOCK TABLES `up_roles` WRITE;
/*!40000 ALTER TABLE `up_roles` DISABLE KEYS */;
INSERT INTO `up_roles` VALUES (1,'Autenticado','Tipo de usuario que tiene acceso completo a los distintos tipos de mdulos del sistema, excluyendo a los propios usuarios y roles.','authenticated','2023-07-01 22:43:13.368000','2023-11-26 13:16:53.914000',NULL,NULL),(2,'Clientes','Rol por defecto. Permite a los compradores de la empresa poder formar parte de la cartera de clientes de la organizacin. Este equivale a que el acceso sea pblico, o sea, todos tienen acceso.','public','2023-07-01 22:43:13.377000','2024-03-30 08:07:19.593000',NULL,NULL),(4,'Marketing','Rol destinado a aquellos empleados encargados de las promociones de la empresa.','marketing','2023-10-08 13:00:13.875000','2023-10-13 17:18:12.287000',NULL,NULL),(5,'Ventas','Personal de la empresa encargado de gestionar las ventas de la empresa.','ventas','2023-10-08 13:02:13.888000','2024-05-07 20:07:07.793000',NULL,NULL),(8,'Compras','Persona encargada de realizar las compras de la empresa. Puede crear ordenes y compras','compras','2023-11-21 18:51:32.338000','2023-12-08 17:29:03.508000',NULL,NULL);
/*!40000 ALTER TABLE `up_roles` ENABLE KEYS */;
UNLOCK TABLES;

--
-- Table structure for table `up_users`
--

DROP TABLE IF EXISTS `up_users`;
/*!40101 SET @saved_cs_client     = @@character_set_client */;
/*!50503 SET character_set_client = utf8mb4 */;
CREATE TABLE `up_users` (
  `id` int unsigned NOT NULL AUTO_INCREMENT,
  `username` varchar(255) DEFAULT NULL,
  `email` varchar(255) DEFAULT NULL,
  `provider` varchar(255) DEFAULT NULL,
  `password` varchar(255) DEFAULT NULL,
  `reset_password_token` varchar(255) DEFAULT NULL,
  `confirmation_token` varchar(255) DEFAULT NULL,
  `confirmed` tinyint(1) DEFAULT NULL,
  `blocked` tinyint(1) DEFAULT NULL,
  `created_at` datetime(6) DEFAULT NULL,
  `updated_at` datetime(6) DEFAULT NULL,
  `created_by_id` int unsigned DEFAULT NULL,
  `updated_by_id` int unsigned DEFAULT NULL,
  `nombre` varchar(255) DEFAULT NULL,
  `apellido` varchar(255) DEFAULT NULL,
  `fecha_nacimiento` date DEFAULT NULL,
  `telefono` varchar(255) DEFAULT NULL,
  `rtn` varchar(255) DEFAULT NULL,
  `jurado` tinyint(1) DEFAULT NULL,
  PRIMARY KEY (`id`),
  KEY `up_users_created_by_id_fk` (`created_by_id`),
  KEY `up_users_updated_by_id_fk` (`updated_by_id`),
  CONSTRAINT `up_users_created_by_id_fk` FOREIGN KEY (`created_by_id`) REFERENCES `admin_users` (`id`) ON DELETE SET NULL,
  CONSTRAINT `up_users_updated_by_id_fk` FOREIGN KEY (`updated_by_id`) REFERENCES `admin_users` (`id`) ON DELETE SET NULL
) ENGINE=InnoDB AUTO_INCREMENT=12 DEFAULT CHARSET=utf8mb4 COLLATE=utf8mb4_0900_ai_ci;
/*!40101 SET character_set_client = @saved_cs_client */;

--
-- Dumping data for table `up_users`
--

LOCK TABLES `up_users` WRITE;
/*!40000 ALTER TABLE `up_users` DISABLE KEYS */;
INSERT INTO `up_users` VALUES (1,'sistemas','sistema@gmail.com','local','$2a$10$BXdxUttp5qFu1/UqxTkHDukXsvEFYltY0hae0umyalC47o7NbHKKm',NULL,NULL,1,0,'2023-07-11 18:21:38.493000','2024-05-07 20:19:52.332000',1,1,'Alejandro Josu','Daz Zepeda','2001-04-30',NULL,NULL,NULL),(3,'adriana','milaradriana@gmail.com','local','$2a$10$zA2a8N34oohV0p8hiAFcUuLSxTAOtGcY82cV9vzuvjgwsOp/QosTC',NULL,NULL,1,0,'2023-09-03 18:18:41.162000','2023-11-15 19:46:19.059000',1,2,'Adriana','Millar','2001-04-30',NULL,'03012001010932',0),(5,'ana','ana@gmail.com','local','$2a$10$LFwGqb1C5EgmU7PvYS4cWuAAiQiDQ/RB1J5iGVLHSMrVELraD5jg.',NULL,NULL,1,0,'2023-10-13 17:16:10.260000','2023-10-21 20:50:45.277000',2,1,'Ana','Cruz','2001-10-04',NULL,NULL,0),(6,'eva','eva@gmail.com','local','$2a$10$BcS/hUz8eCObNY/p8svDouOUu2BxyreR7N50NNh2EI64aGsFVNjvO',NULL,NULL,1,0,'2023-10-22 00:01:41.966000','2024-01-07 21:25:46.961000',1,1,'Eva','Hernndez','2008-09-30',NULL,'03012008009331',1),(7,'Carlos','carlos@gmail.com','local','$2a$10$CLc6Ycg4zE3XaKjDwvHn8uLV.n5Kv.kL.T1KgiaY04ysdxib70h9q',NULL,NULL,1,0,'2023-10-24 14:36:13.132000','2023-11-26 11:13:31.136000',1,2,'Carlos','Gmez','1995-10-03',NULL,NULL,0),(8,'marketing','marketing@gmail.com','local','$2a$10$SjlM1K3IKwAaGwVwVAt7HOMrOgh0b80/B9waTkrZ90Moz19a/1uwC',NULL,NULL,1,0,'2023-11-10 18:14:29.602000','2023-11-15 19:52:23.367000',1,2,'value','valuevalue','2001-11-15',NULL,NULL,0),(9,'laura','laura@gmail.com','local','$2a$10$QXJhhY6rb7SVLCuX4bFZAuRECv/84N8G7.5WaqEaQ3wrFWwQGFHMW',NULL,NULL,1,0,'2023-11-14 20:59:05.309000','2023-11-14 20:59:05.309000',1,1,'Laura','Gmez','2000-11-15',NULL,'03012011010938',0),(10,'compras','compras@gmail.com','local','$2a$10$cZGo4girieb5ARjxPaOdTOzdKoKfbU.TB2qhOqrlXCNDwB9ADBJlK',NULL,NULL,1,0,'2023-11-21 18:53:35.484000','2023-12-15 17:10:08.320000',1,2,'Marlon','Moreno','1993-11-22','98121310',NULL,0),(11,'-CF-','cf@gmail.com','local','$2a$10$7UkHnMWTlJhIJ.4x3rObZ.VHtBZX9oieiay8v/2PYbzPeFLehHtRS',NULL,NULL,1,0,'2023-11-26 10:38:54.870000','2023-11-26 10:39:54.590000',1,1,'consumidor','final','2004-11-01',NULL,'11111111111111',0);
/*!40000 ALTER TABLE `up_users` ENABLE KEYS */;
UNLOCK TABLES;

--
-- Table structure for table `up_users_role_links`
--

DROP TABLE IF EXISTS `up_users_role_links`;
/*!40101 SET @saved_cs_client     = @@character_set_client */;
/*!50503 SET character_set_client = utf8mb4 */;
CREATE TABLE `up_users_role_links` (
  `id` int unsigned NOT NULL AUTO_INCREMENT,
  `user_id` int unsigned DEFAULT NULL,
  `role_id` int unsigned DEFAULT NULL,
  `user_order` double unsigned DEFAULT NULL,
  PRIMARY KEY (`id`),
  UNIQUE KEY `up_users_role_links_unique` (`user_id`,`role_id`),
  KEY `up_users_role_links_fk` (`user_id`),
  KEY `up_users_role_links_inv_fk` (`role_id`),
  KEY `up_users_role_links_order_inv_fk` (`user_order`),
  CONSTRAINT `up_users_role_links_fk` FOREIGN KEY (`user_id`) REFERENCES `up_users` (`id`) ON DELETE CASCADE,
  CONSTRAINT `up_users_role_links_inv_fk` FOREIGN KEY (`role_id`) REFERENCES `up_roles` (`id`) ON DELETE CASCADE
) ENGINE=InnoDB AUTO_INCREMENT=20 DEFAULT CHARSET=utf8mb4 COLLATE=utf8mb4_0900_ai_ci;
/*!40101 SET character_set_client = @saved_cs_client */;

--
-- Dumping data for table `up_users_role_links`
--

LOCK TABLES `up_users_role_links` WRITE;
/*!40000 ALTER TABLE `up_users_role_links` DISABLE KEYS */;
INSERT INTO `up_users_role_links` VALUES (7,3,2,1),(11,1,1,1),(13,5,5,1),(14,6,2,2),(15,7,5,2),(16,8,4,1),(17,9,2,3),(18,10,8,1),(19,11,2,4);
/*!40000 ALTER TABLE `up_users_role_links` ENABLE KEYS */;
UNLOCK TABLES;

--
-- Table structure for table `upload_folders`
--

DROP TABLE IF EXISTS `upload_folders`;
/*!40101 SET @saved_cs_client     = @@character_set_client */;
/*!50503 SET character_set_client = utf8mb4 */;
CREATE TABLE `upload_folders` (
  `id` int unsigned NOT NULL AUTO_INCREMENT,
  `name` varchar(255) DEFAULT NULL,
  `path_id` int DEFAULT NULL,
  `path` varchar(255) DEFAULT NULL,
  `created_at` datetime(6) DEFAULT NULL,
  `updated_at` datetime(6) DEFAULT NULL,
  `created_by_id` int unsigned DEFAULT NULL,
  `updated_by_id` int unsigned DEFAULT NULL,
  PRIMARY KEY (`id`),
  UNIQUE KEY `upload_folders_path_id_index` (`path_id`),
  UNIQUE KEY `upload_folders_path_index` (`path`),
  KEY `upload_folders_created_by_id_fk` (`created_by_id`),
  KEY `upload_folders_updated_by_id_fk` (`updated_by_id`),
  CONSTRAINT `upload_folders_created_by_id_fk` FOREIGN KEY (`created_by_id`) REFERENCES `admin_users` (`id`) ON DELETE SET NULL,
  CONSTRAINT `upload_folders_updated_by_id_fk` FOREIGN KEY (`updated_by_id`) REFERENCES `admin_users` (`id`) ON DELETE SET NULL
) ENGINE=InnoDB AUTO_INCREMENT=5 DEFAULT CHARSET=utf8mb4 COLLATE=utf8mb4_0900_ai_ci;
/*!40101 SET character_set_client = @saved_cs_client */;

--
-- Dumping data for table `upload_folders`
--

LOCK TABLES `upload_folders` WRITE;
/*!40000 ALTER TABLE `upload_folders` DISABLE KEYS */;
INSERT INTO `upload_folders` VALUES (2,'productos',1,'/1','2023-08-06 19:24:37.052000','2023-08-06 19:24:37.052000',2,2),(3,'categorias',2,'/2','2023-08-06 19:43:03.946000','2023-08-06 19:43:03.946000',2,2),(4,'marcas',3,'/3','2023-08-25 18:10:30.603000','2023-09-10 13:07:25.776000',2,1);
/*!40000 ALTER TABLE `upload_folders` ENABLE KEYS */;
UNLOCK TABLES;

--
-- Table structure for table `upload_folders_parent_links`
--

DROP TABLE IF EXISTS `upload_folders_parent_links`;
/*!40101 SET @saved_cs_client     = @@character_set_client */;
/*!50503 SET character_set_client = utf8mb4 */;
CREATE TABLE `upload_folders_parent_links` (
  `id` int unsigned NOT NULL AUTO_INCREMENT,
  `folder_id` int unsigned DEFAULT NULL,
  `inv_folder_id` int unsigned DEFAULT NULL,
  `folder_order` double unsigned DEFAULT NULL,
  PRIMARY KEY (`id`),
  UNIQUE KEY `upload_folders_parent_links_unique` (`folder_id`,`inv_folder_id`),
  KEY `upload_folders_parent_links_fk` (`folder_id`),
  KEY `upload_folders_parent_links_inv_fk` (`inv_folder_id`),
  KEY `upload_folders_parent_links_order_inv_fk` (`folder_order`),
  CONSTRAINT `upload_folders_parent_links_fk` FOREIGN KEY (`folder_id`) REFERENCES `upload_folders` (`id`) ON DELETE CASCADE,
  CONSTRAINT `upload_folders_parent_links_inv_fk` FOREIGN KEY (`inv_folder_id`) REFERENCES `upload_folders` (`id`) ON DELETE CASCADE
) ENGINE=InnoDB DEFAULT CHARSET=utf8mb4 COLLATE=utf8mb4_0900_ai_ci;
/*!40101 SET character_set_client = @saved_cs_client */;

--
-- Dumping data for table `upload_folders_parent_links`
--

LOCK TABLES `upload_folders_parent_links` WRITE;
/*!40000 ALTER TABLE `upload_folders_parent_links` DISABLE KEYS */;
/*!40000 ALTER TABLE `upload_folders_parent_links` ENABLE KEYS */;
UNLOCK TABLES;

--
-- Table structure for table `ventas`
--

DROP TABLE IF EXISTS `ventas`;
/*!40101 SET @saved_cs_client     = @@character_set_client */;
/*!50503 SET character_set_client = utf8mb4 */;
CREATE TABLE `ventas` (
  `id` int unsigned NOT NULL AUTO_INCREMENT,
  `no_factura` int DEFAULT NULL,
  `created_at` datetime(6) DEFAULT NULL,
  `updated_at` datetime(6) DEFAULT NULL,
  `created_by_id` int unsigned DEFAULT NULL,
  `updated_by_id` int unsigned DEFAULT NULL,
  `metodo_pago` varchar(255) DEFAULT NULL,
  `estado` varchar(255) DEFAULT NULL,
  PRIMARY KEY (`id`),
  KEY `ventas_created_by_id_fk` (`created_by_id`),
  KEY `ventas_updated_by_id_fk` (`updated_by_id`),
  CONSTRAINT `ventas_created_by_id_fk` FOREIGN KEY (`created_by_id`) REFERENCES `admin_users` (`id`) ON DELETE SET NULL,
  CONSTRAINT `ventas_updated_by_id_fk` FOREIGN KEY (`updated_by_id`) REFERENCES `admin_users` (`id`) ON DELETE SET NULL
) ENGINE=InnoDB AUTO_INCREMENT=78 DEFAULT CHARSET=utf8mb4 COLLATE=utf8mb4_0900_ai_ci;
/*!40101 SET character_set_client = @saved_cs_client */;

--
-- Dumping data for table `ventas`
--

LOCK TABLES `ventas` WRITE;
/*!40000 ALTER TABLE `ventas` DISABLE KEYS */;
INSERT INTO `ventas` VALUES (1,1,'2023-09-18 17:18:58.966000','2023-11-05 17:33:08.657000',NULL,1,'Efectivo','Pagada'),(2,2,'2023-10-18 17:26:09.978000','2023-10-29 16:29:05.533000',NULL,1,'Efectivo','Anulada'),(3,3,'2023-10-18 17:27:32.178000','2023-10-24 14:32:33.595000',NULL,1,'Efectivo','Pagada'),(4,4,'2023-10-18 17:48:45.098000','2023-11-12 15:17:39.197000',NULL,1,'Efectivo','Pagada'),(5,5,'2023-10-18 17:49:20.604000','2023-10-24 14:33:17.382000',NULL,1,'Efectivo','Pagada'),(6,6,'2023-10-25 18:51:48.018000','2023-11-12 18:53:01.444000',NULL,1,'Efectivo','Pagada'),(7,7,'2023-10-25 18:53:32.768000','2023-10-25 19:14:43.431000',NULL,1,'Efectivo','Pagada'),(8,8,'2023-10-25 18:56:48.814000','2023-11-12 18:53:08.327000',NULL,1,'Efectivo','Pagada'),(9,9,'2023-10-25 18:58:09.101000','2023-11-12 18:53:14.425000',NULL,1,'Efectivo','Pagada'),(10,10,'2023-10-25 18:59:45.855000','2023-11-12 18:53:19.914000',NULL,1,'Efectivo','Pagada'),(11,11,'2023-10-25 19:08:22.896000','2023-11-12 18:53:31.293000',NULL,1,'Efectivo','Anulada'),(12,12,'2023-10-25 19:09:53.133000','2023-11-12 18:53:26.208000',NULL,1,'Efectivo','Pagada'),(13,13,'2023-10-25 20:03:26.890000','2023-10-25 20:07:53.821000',1,1,'Efectivo','Pagada'),(14,14,'2023-10-25 20:09:10.246000','2023-11-03 18:11:05.613000',1,1,'Efectivo','Anulada'),(15,15,'2023-10-25 20:13:15.443000','2023-10-25 20:13:15.443000',1,1,'Efectivo','Pagada'),(16,16,'2023-10-25 21:23:42.677000','2023-10-25 21:23:42.677000',1,1,'Efectivo','Pagada'),(17,17,'2023-10-25 21:35:56.239000','2023-10-25 21:35:56.239000',1,1,'Efectivo','Anulada'),(18,18,'2023-10-25 21:37:48.226000','2023-10-25 21:37:48.226000',1,1,'Efectivo','Anulada'),(19,19,'2023-10-25 21:38:46.598000','2023-10-25 21:38:46.598000',1,1,'Efectivo','Pagada'),(20,20,'2023-10-25 21:41:34.200000','2023-10-25 21:41:34.200000',1,1,'Efectivo','Pagada'),(21,21,'2023-10-25 21:44:02.104000','2023-10-25 21:44:02.104000',1,1,'Efectivo','Anulada'),(22,22,'2023-10-25 21:46:31.091000','2023-10-25 21:46:31.091000',1,1,'Efectivo','Anulada'),(23,23,'2023-10-27 21:11:36.787000','2023-10-27 21:11:36.787000',NULL,NULL,'Efectivo','Pagada'),(24,24,'2023-10-27 21:23:46.016000','2023-10-27 21:23:46.016000',NULL,NULL,'Efectivo','Pagada'),(25,25,'2023-10-27 21:25:08.645000','2023-10-27 21:25:08.645000',NULL,NULL,'Efectivo','Pagada'),(26,26,'2023-10-27 21:30:40.943000','2023-10-27 21:30:40.943000',NULL,NULL,'Efectivo','Pagada'),(27,27,'2023-10-27 21:33:03.091000','2023-10-27 21:33:03.091000',NULL,NULL,'Efectivo','Pagada'),(28,28,'2023-10-27 21:33:50.609000','2023-10-27 21:33:50.609000',NULL,NULL,'Efectivo','Pagada'),(29,29,'2023-10-27 21:41:26.180000','2023-10-27 21:41:26.180000',NULL,NULL,'Efectivo','Pagada'),(30,30,'2023-10-27 21:45:25.037000','2023-10-27 21:45:25.037000',NULL,NULL,'Efectivo','Pagada'),(31,31,'2023-10-27 21:47:10.415000','2023-10-27 21:47:10.415000',NULL,NULL,'Efectivo','Pagada'),(32,32,'2023-10-28 09:46:33.943000','2023-10-28 09:46:33.943000',NULL,NULL,'Efectivo','Pagada'),(34,34,'2023-10-29 22:26:27.180000','2023-10-29 22:26:27.180000',NULL,NULL,'Efectivo','Pagada'),(35,35,'2023-10-29 22:34:28.380000','2023-10-29 22:34:28.380000',NULL,NULL,'Efectivo','Pagada'),(36,36,'2023-10-29 22:41:54.097000','2023-10-29 22:41:54.097000',NULL,NULL,'Efectivo','Pagada'),(37,37,'2023-10-29 22:44:19.548000','2023-10-29 22:44:19.548000',NULL,NULL,'Efectivo','Pagada'),(38,38,'2023-10-29 22:46:58.766000','2023-10-29 22:46:58.766000',NULL,NULL,'Efectivo','Pagada'),(39,39,'2023-10-29 22:48:48.717000','2023-10-29 22:48:48.717000',NULL,NULL,'Efectivo','Pagada'),(40,40,'2023-10-29 22:50:57.849000','2023-10-29 22:50:57.849000',NULL,NULL,'Efectivo','Pagada'),(41,41,'2023-10-29 22:54:49.319000','2023-10-29 22:54:49.319000',NULL,NULL,'Efectivo','Pagada'),(42,42,'2023-10-29 22:56:38.952000','2023-10-29 22:56:38.952000',NULL,NULL,'Efectivo','Pagada'),(43,43,'2023-10-29 23:04:39.275000','2023-10-29 23:04:39.275000',NULL,NULL,'Efectivo','Pagada'),(44,44,'2023-10-29 23:13:32.626000','2023-10-29 23:13:32.626000',NULL,NULL,'Efectivo','Pagada'),(45,45,'2023-10-29 23:15:32.434000','2023-10-29 23:15:32.434000',NULL,NULL,'Efectivo','Pagada'),(46,46,'2023-10-29 23:17:35.542000','2023-10-29 23:17:35.542000',NULL,NULL,'Efectivo','Pagada'),(47,47,'2023-10-29 23:28:55.829000','2023-10-29 23:28:55.829000',NULL,NULL,'Efectivo','Pagada'),(48,48,'2023-10-29 23:29:41.816000','2023-10-29 23:29:41.816000',NULL,NULL,'Efectivo','Pagada'),(49,49,'2023-10-29 23:33:04.793000','2023-10-29 23:33:04.793000',NULL,NULL,'Efectivo','Pagada'),(50,50,'2023-10-31 20:20:47.144000','2023-10-31 20:20:47.144000',NULL,NULL,'Efectivo','Pagada'),(51,51,'2023-11-03 18:02:58.677000','2023-11-03 18:02:58.677000',NULL,NULL,'Efectivo','Pagada'),(52,52,'2023-11-04 10:47:56.965000','2023-11-04 10:47:56.965000',NULL,NULL,'Efectivo','Pagada'),(53,53,'2023-11-04 13:02:44.228000','2023-11-04 13:02:44.228000',NULL,NULL,'Efectivo','Pagada'),(54,59,'2023-11-04 18:48:33.651000','2023-11-05 11:29:40.233000',NULL,1,'Efectivo','Anulada'),(55,61,'2023-11-10 18:16:20.842000','2023-11-10 18:16:20.842000',NULL,NULL,'Efectivo','Pagada'),(56,62,'2023-11-14 14:47:05.396000','2023-11-14 14:47:05.396000',NULL,NULL,'Efectivo','Pagada'),(57,63,'2023-11-14 15:12:36.664000','2023-11-14 15:12:36.664000',NULL,NULL,'Efectivo','Pagada'),(58,64,'2023-11-14 15:14:57.885000','2023-11-14 15:14:57.885000',NULL,NULL,'Efectivo','Pagada'),(59,65,'2023-11-14 20:05:22.095000','2023-11-14 20:05:22.095000',NULL,NULL,'Efectivo','Pagada'),(60,66,'2023-11-14 20:29:27.388000','2023-11-14 20:29:27.388000',NULL,NULL,'Efectivo','Pagada'),(61,67,'2023-11-14 20:30:28.224000','2023-11-14 20:30:28.224000',NULL,NULL,'Efectivo','Pagada'),(62,68,'2023-11-14 20:43:43.201000','2023-11-14 20:43:43.201000',NULL,NULL,'Efectivo','Pagada'),(63,69,'2023-11-14 20:56:33.237000','2023-11-14 20:56:33.237000',NULL,NULL,'Efectivo','Pagada'),(64,70,'2023-11-14 20:59:23.065000','2023-11-14 20:59:23.065000',NULL,NULL,'Efectivo','Pagada'),(65,71,'2023-11-14 21:00:53.335000','2023-11-14 21:00:53.335000',NULL,NULL,'Efectivo','Pagada'),(66,72,'2023-11-14 21:13:12.434000','2023-11-14 21:13:12.434000',NULL,NULL,'Efectivo','Pagada'),(67,73,'2023-11-22 16:23:24.797000','2023-11-22 16:23:24.797000',NULL,NULL,'Efectivo','Pagada'),(68,74,'2023-11-25 22:16:21.578000','2023-11-25 22:16:21.578000',NULL,NULL,'Efectivo','Pagada'),(69,75,'2023-11-26 11:02:51.269000','2023-11-26 11:02:51.269000',NULL,NULL,'Efectivo','Pagada'),(70,76,'2023-11-26 11:07:39.577000','2023-11-26 11:07:39.577000',NULL,NULL,'Efectivo','Pagada'),(76,33,'2023-12-06 15:59:25.666000','2023-12-06 15:59:25.666000',NULL,NULL,'Efectivo','Pagada'),(77,77,'2023-12-15 18:48:22.068000','2023-12-15 18:48:22.068000',NULL,NULL,'Efectivo','Pagada');
/*!40000 ALTER TABLE `ventas` ENABLE KEYS */;
UNLOCK TABLES;

--
-- Table structure for table `ventas_cliente_links`
--

DROP TABLE IF EXISTS `ventas_cliente_links`;
/*!40101 SET @saved_cs_client     = @@character_set_client */;
/*!50503 SET character_set_client = utf8mb4 */;
CREATE TABLE `ventas_cliente_links` (
  `id` int unsigned NOT NULL AUTO_INCREMENT,
  `venta_id` int unsigned DEFAULT NULL,
  `user_id` int unsigned DEFAULT NULL,
  PRIMARY KEY (`id`),
  UNIQUE KEY `ventas_cliente_links_unique` (`venta_id`,`user_id`),
  KEY `ventas_cliente_links_fk` (`venta_id`),
  KEY `ventas_cliente_links_inv_fk` (`user_id`),
  CONSTRAINT `ventas_cliente_links_fk` FOREIGN KEY (`venta_id`) REFERENCES `ventas` (`id`) ON DELETE CASCADE,
  CONSTRAINT `ventas_cliente_links_inv_fk` FOREIGN KEY (`user_id`) REFERENCES `up_users` (`id`) ON DELETE CASCADE
) ENGINE=InnoDB AUTO_INCREMENT=80 DEFAULT CHARSET=utf8mb4 COLLATE=utf8mb4_0900_ai_ci;
/*!40101 SET character_set_client = @saved_cs_client */;

--
-- Dumping data for table `ventas_cliente_links`
--

LOCK TABLES `ventas_cliente_links` WRITE;
/*!40000 ALTER TABLE `ventas_cliente_links` DISABLE KEYS */;
INSERT INTO `ventas_cliente_links` VALUES (1,1,6),(6,2,3),(3,3,6),(57,4,6),(5,5,6),(7,6,3),(8,7,3),(9,8,3),(10,9,3),(11,10,3),(12,11,3),(13,12,3),(14,13,6),(15,14,6),(16,15,6),(17,16,3),(18,17,6),(19,18,3),(20,19,6),(21,20,6),(22,21,6),(23,22,6),(24,23,6),(25,24,3),(26,25,6),(27,26,3),(28,27,3),(29,28,3),(30,29,3),(31,30,3),(32,31,3),(33,32,3),(35,34,3),(36,35,3),(37,36,3),(38,37,3),(39,38,3),(40,39,3),(41,40,3),(42,41,3),(43,42,3),(44,43,3),(45,44,3),(46,45,3),(47,46,3),(48,47,3),(49,48,3),(50,49,3),(51,50,6),(52,51,3),(53,52,3),(54,53,3),(55,54,6),(56,55,3),(58,56,3),(59,57,3),(60,58,6),(61,59,6),(62,60,3),(63,61,3),(64,62,6),(65,63,3),(66,64,9),(67,65,9),(68,66,3),(69,67,3),(70,68,3),(71,69,11),(72,70,11),(78,76,3),(79,77,3);
/*!40000 ALTER TABLE `ventas_cliente_links` ENABLE KEYS */;
UNLOCK TABLES;

--
-- Table structure for table `ventas_components`
--

DROP TABLE IF EXISTS `ventas_components`;
/*!40101 SET @saved_cs_client     = @@character_set_client */;
/*!50503 SET character_set_client = utf8mb4 */;
CREATE TABLE `ventas_components` (
  `id` int unsigned NOT NULL AUTO_INCREMENT,
  `entity_id` int unsigned DEFAULT NULL,
  `component_id` int unsigned DEFAULT NULL,
  `component_type` varchar(255) DEFAULT NULL,
  `field` varchar(255) DEFAULT NULL,
  `order` double unsigned DEFAULT NULL,
  PRIMARY KEY (`id`),
  UNIQUE KEY `ventas_unique` (`entity_id`,`component_id`,`field`,`component_type`),
  KEY `ventas_field_index` (`field`),
  KEY `ventas_component_type_index` (`component_type`),
  KEY `ventas_entity_fk` (`entity_id`),
  CONSTRAINT `ventas_entity_fk` FOREIGN KEY (`entity_id`) REFERENCES `ventas` (`id`) ON DELETE CASCADE
) ENGINE=InnoDB AUTO_INCREMENT=144 DEFAULT CHARSET=utf8mb4 COLLATE=utf8mb4_0900_ai_ci;
/*!40101 SET character_set_client = @saved_cs_client */;

--
-- Dumping data for table `ventas_components`
--

LOCK TABLES `ventas_components` WRITE;
/*!40000 ALTER TABLE `ventas_components` DISABLE KEYS */;
INSERT INTO `ventas_components` VALUES (1,1,2,'detalles.detalles','detalleVentas',1),(2,2,3,'detalles.detalles','detalleVentas',1),(3,3,4,'detalles.detalles','detalleVentas',1),(7,4,5,'detalles.detalles','detalleVentas',1),(8,5,6,'detalles.detalles','detalleVentas',1),(16,2,7,'detalles.detalles','detalleVentas',2),(43,6,8,'detalles.detalles','detalleVentas',1),(45,7,9,'detalles.detalles','detalleVentas',1),(46,8,10,'detalles.detalles','detalleVentas',1),(48,9,11,'detalles.detalles','detalleVentas',1),(50,10,12,'detalles.detalles','detalleVentas',1),(52,11,13,'detalles.detalles','detalleVentas',1),(53,12,14,'detalles.detalles','detalleVentas',1),(60,13,15,'detalles.detalles','detalleVentas',1),(63,14,16,'detalles.detalles','detalleVentas',1),(64,15,17,'detalles.detalles','detalleVentas',1),(65,16,18,'detalles.detalles','detalleVentas',1),(66,17,19,'detalles.detalles','detalleVentas',1),(67,18,20,'detalles.detalles','detalleVentas',1),(68,19,21,'detalles.detalles','detalleVentas',1),(69,20,22,'detalles.detalles','detalleVentas',1),(70,21,23,'detalles.detalles','detalleVentas',1),(71,22,24,'detalles.detalles','detalleVentas',1),(72,23,25,'detalles.detalles','detalleVentas',1),(73,24,26,'detalles.detalles','detalleVentas',1),(74,25,27,'detalles.detalles','detalleVentas',1),(75,26,28,'detalles.detalles','detalleVentas',1),(76,27,29,'detalles.detalles','detalleVentas',1),(77,28,30,'detalles.detalles','detalleVentas',1),(78,29,31,'detalles.detalles','detalleVentas',1),(79,30,32,'detalles.detalles','detalleVentas',1),(80,31,33,'detalles.detalles','detalleVentas',1),(81,32,34,'detalles.detalles','detalleVentas',1),(87,34,37,'detalles.detalles','detalleVentas',1),(88,35,38,'detalles.detalles','detalleVentas',1),(89,36,39,'detalles.detalles','detalleVentas',1),(90,37,40,'detalles.detalles','detalleVentas',1),(91,38,41,'detalles.detalles','detalleVentas',1),(92,39,42,'detalles.detalles','detalleVentas',1),(93,40,43,'detalles.detalles','detalleVentas',1),(94,41,44,'detalles.detalles','detalleVentas',1),(95,42,45,'detalles.detalles','detalleVentas',1),(96,43,46,'detalles.detalles','detalleVentas',1),(97,44,47,'detalles.detalles','detalleVentas',1),(98,45,48,'detalles.detalles','detalleVentas',1),(99,46,49,'detalles.detalles','detalleVentas',1),(100,47,50,'detalles.detalles','detalleVentas',1),(101,48,51,'detalles.detalles','detalleVentas',1),(102,49,52,'detalles.detalles','detalleVentas',1),(103,50,53,'detalles.detalles','detalleVentas',1),(104,50,54,'detalles.detalles','detalleVentas',2),(105,51,55,'detalles.detalles','detalleVentas',1),(107,52,56,'detalles.detalles','detalleVentas',1),(108,53,57,'detalles.detalles','detalleVentas',1),(109,54,58,'detalles.detalles','detalleVentas',1),(112,55,59,'detalles.detalles','detalleVentas',1),(121,56,60,'detalles.detalles','detalleVentas',1),(122,57,61,'detalles.detalles','detalleVentas',1),(123,58,62,'detalles.detalles','detalleVentas',1),(124,59,63,'detalles.detalles','detalleVentas',1),(125,60,64,'detalles.detalles','detalleVentas',1),(126,61,65,'detalles.detalles','detalleVentas',1),(127,62,66,'detalles.detalles','detalleVentas',1),(128,63,67,'detalles.detalles','detalleVentas',1),(129,64,68,'detalles.detalles','detalleVentas',1),(130,65,69,'detalles.detalles','detalleVentas',1),(131,66,70,'detalles.detalles','detalleVentas',1),(132,67,71,'detalles.detalles','detalleVentas',1),(133,68,72,'detalles.detalles','detalleVentas',1),(134,69,73,'detalles.detalles','detalleVentas',1),(135,70,74,'detalles.detalles','detalleVentas',1),(142,76,81,'detalles.detalles','detalleVentas',1),(143,77,82,'detalles.detalles','detalleVentas',1);
/*!40000 ALTER TABLE `ventas_components` ENABLE KEYS */;
UNLOCK TABLES;

--
-- Table structure for table `ventas_vendedor_links`
--

DROP TABLE IF EXISTS `ventas_vendedor_links`;
/*!40101 SET @saved_cs_client     = @@character_set_client */;
/*!50503 SET character_set_client = utf8mb4 */;
CREATE TABLE `ventas_vendedor_links` (
  `id` int unsigned NOT NULL AUTO_INCREMENT,
  `venta_id` int unsigned DEFAULT NULL,
  `user_id` int unsigned DEFAULT NULL,
  PRIMARY KEY (`id`),
  UNIQUE KEY `ventas_vendedor_links_unique` (`venta_id`,`user_id`),
  KEY `ventas_vendedor_links_fk` (`venta_id`),
  KEY `ventas_vendedor_links_inv_fk` (`user_id`),
  CONSTRAINT `ventas_vendedor_links_fk` FOREIGN KEY (`venta_id`) REFERENCES `ventas` (`id`) ON DELETE CASCADE,
  CONSTRAINT `ventas_vendedor_links_inv_fk` FOREIGN KEY (`user_id`) REFERENCES `up_users` (`id`) ON DELETE CASCADE
) ENGINE=InnoDB AUTO_INCREMENT=88 DEFAULT CHARSET=utf8mb4 COLLATE=utf8mb4_0900_ai_ci;
/*!40101 SET character_set_client = @saved_cs_client */;

--
-- Dumping data for table `ventas_vendedor_links`
--

LOCK TABLES `ventas_vendedor_links` WRITE;
/*!40000 ALTER TABLE `ventas_vendedor_links` DISABLE KEYS */;
INSERT INTO `ventas_vendedor_links` VALUES (56,1,1),(2,2,5),(3,3,5),(59,4,5),(5,5,5),(60,6,7),(8,7,1),(61,8,7),(62,9,7),(63,10,7),(65,11,7),(64,12,7),(14,13,1),(15,14,1),(16,15,1),(17,16,1),(18,17,1),(19,18,1),(20,19,1),(21,20,1),(22,21,1),(23,22,1),(24,23,1),(25,24,1),(26,25,1),(27,26,1),(28,27,1),(29,28,1),(30,29,1),(31,30,1),(32,31,1),(33,32,1),(35,34,1),(36,35,1),(37,36,1),(38,37,1),(39,38,1),(40,39,1),(41,40,1),(42,41,1),(43,42,1),(44,43,1),(45,44,1),(46,45,1),(47,46,1),(48,47,1),(49,48,1),(50,49,1),(51,50,1),(52,51,1),(53,52,1),(54,53,1),(55,54,1),(57,55,1),(66,56,1),(67,57,1),(68,58,1),(69,59,1),(70,60,1),(71,61,1),(72,62,1),(73,63,1),(74,64,1),(75,65,1),(76,66,1),(77,67,1),(78,68,1),(79,69,1),(80,70,1),(86,76,6),(87,77,1);
/*!40000 ALTER TABLE `ventas_vendedor_links` ENABLE KEYS */;
UNLOCK TABLES;
/*!40103 SET TIME_ZONE=@OLD_TIME_ZONE */;

/*!40101 SET SQL_MODE=@OLD_SQL_MODE */;
/*!40014 SET FOREIGN_KEY_CHECKS=@OLD_FOREIGN_KEY_CHECKS */;
/*!40014 SET UNIQUE_CHECKS=@OLD_UNIQUE_CHECKS */;
/*!40101 SET CHARACTER_SET_CLIENT=@OLD_CHARACTER_SET_CLIENT */;
/*!40101 SET CHARACTER_SET_RESULTS=@OLD_CHARACTER_SET_RESULTS */;
/*!40101 SET COLLATION_CONNECTION=@OLD_COLLATION_CONNECTION */;
/*!40111 SET SQL_NOTES=@OLD_SQL_NOTES */;

-- Dump completed on 2024-11-05 19:58:42
